<?xml version='1.0' encoding='UTF-8' standalone='no'?>
<sbml xmlns="http://www.sbml.org/sbml/level2" level="2" metaid="metaid_0000001" version="1">
  <model id="Dupont1992_Ca_dpt_protein_phospho" metaid="metaid_0000002" name="Dupont1992_Ca_dpt_protein_phospho">
    <notes>
      <body xmlns="http://www.w3.org/1999/xhtml">
        <p>Model reproduces Fig 4 of the paper. For fraction of phosphorylated protein, W_star, the model reproduces panel b in the same figure. Model successfully tested on MathSBML and Jarnac.</p>
            <br/>
            <p>To the extent possible under law, all copyright and related or neighbouring rights to this encoded model have been dedicated to the public domain worldwide. Please refer to      <a href="http://creativecommons.org/publicdomain/zero/1.0/" title="Creative Commons CC0">CC0 Public Domain Dedication</a>
          for more information.      </p>
            <p>In summary, you are entitled to use this encoded model in absolutely any manner you deem suitable, verbatim, or with modification, alone or embedded it in a larger context, redistribute it, commercially or not, in a restricted way or not.</p>
            <br/>
            <p>To cite BioModels Database, please use:      <a href="http://www.ncbi.nlm.nih.gov/pubmed/20587024" target="_blank">Li C, Donizelli M, Rodriguez N, Dharuri H, Endler L, Chelliah V, Li L, He E, Henry A, Stefan MI, Snoep JL, Hucka M, Le Novère N, Laibe C (2010) BioModels Database: An enhanced, curated and annotated resource for published quantitative kinetic models. BMC Syst Biol., 4:92.</a>
                </p>
            </body>
      
    </notes>
    <annotation>
	<rdf:RDF xmlns:rdf="http://www.w3.org/1999/02/22-rdf-syntax-ns#" xmlns:dc="http://purl.org/dc/elements/1.1/" xmlns:vCard="http://www.w3.org/2001/vcard-rdf/3.0#" xmlns:dcterms="http://purl.org/dc/terms/" xmlns:bqmodel="http://biomodels.net/model-qualifiers/" xmlns:bqbiol="http://biomodels.net/biology-qualifiers/">
        <rdf:Description rdf:about="#metaid_0000002">
	<dc:creator>
	<rdf:Bag>
	<rdf:li rdf:parseType="Resource">
	<vCard:N rdf:parseType="Resource">
	<vCard:Family>Dharuri</vCard:Family>
	<vCard:Given>Harish</vCard:Given>
	</vCard:N>
	<vCard:EMAIL>hdharuri@cds.caltech.edu</vCard:EMAIL>
	<vCard:ORG rdf:parseType="Resource">
	<vCard:Orgname>California Institute of Technology</vCard:Orgname>
	</vCard:ORG>
	</rdf:li>
	</rdf:Bag>
	</dc:creator>
	<dcterms:created rdf:parseType="Resource">
	<dcterms:W3CDTF>2007-04-19T10:14:36Z</dcterms:W3CDTF>
	</dcterms:created>
	<dcterms:modified rdf:parseType="Resource">
	<dcterms:W3CDTF>2014-04-06T22:00:52Z</dcterms:W3CDTF>
	</dcterms:modified>
	<bqmodel:is>
	<rdf:Bag>
	<rdf:li rdf:resource="http://identifiers.org/biomodels.db/MODEL7007141507"/>
	</rdf:Bag>
	</bqmodel:is>
	<bqmodel:is>
	<rdf:Bag>
	<rdf:li rdf:resource="http://identifiers.org/biomodels.db/BIOMD0000000113"/>
	</rdf:Bag>
	</bqmodel:is>
	<bqmodel:isDescribedBy>
	<rdf:Bag>
	<rdf:li rdf:resource="http://identifiers.org/pubmed/1316185"/>
	</rdf:Bag>
	</bqmodel:isDescribedBy>
	<bqbiol:hasTaxon>
	<rdf:Bag>
	<rdf:li rdf:resource="http://identifiers.org/taxonomy/131567"/>
	</rdf:Bag>
	</bqbiol:hasTaxon>
	<bqbiol:is>
	<rdf:Bag>
	<rdf:li rdf:resource="http://identifiers.org/go/GO:0019722"/>
	<rdf:li rdf:resource="http://identifiers.org/go/GO:0048016"/>
	</rdf:Bag>
	</bqbiol:is>
	</rdf:Description>
	
	</rdf:RDF>
	</annotation>
      <listOfUnitDefinitions>
      <unitDefinition id="substance" metaid="metaid_0000031" name="micromole">
        <listOfUnits>
          <unit kind="mole" metaid="_156214" scale="-6"/>
        </listOfUnits>
      </unitDefinition>
      <unitDefinition id="time" metaid="metaid_0000048" name="minutes">
        <listOfUnits>
          <unit kind="second" metaid="_156227" multiplier="60"/>
        </listOfUnits>
      </unitDefinition>
    </listOfUnitDefinitions>
    <listOfCompartments>
      <compartment id="cytosol" metaid="metaid_0000016" name="cytosol" size="1">
        <annotation>
	<rdf:RDF xmlns:rdf="http://www.w3.org/1999/02/22-rdf-syntax-ns#" xmlns:bqmodel="http://biomodels.net/model-qualifiers/" xmlns:bqbiol="http://biomodels.net/biology-qualifiers/">
            <rdf:Description rdf:about="#metaid_0000016">
	<bqbiol:is>
	<rdf:Bag>
	<rdf:li rdf:resource="http://identifiers.org/go/GO:0005829"/>
	</rdf:Bag>
	</bqbiol:is>
	</rdf:Description>
	
	</rdf:RDF>
	</annotation>
            </compartment>
      <compartment id="store" metaid="metaid_0000030" name="store" outside="cytosol" size="1">
        <annotation>
	<rdf:RDF xmlns:rdf="http://www.w3.org/1999/02/22-rdf-syntax-ns#" xmlns:bqmodel="http://biomodels.net/model-qualifiers/" xmlns:bqbiol="http://biomodels.net/biology-qualifiers/">
            <rdf:Description rdf:about="#metaid_0000030">
	<bqbiol:is>
	<rdf:Bag>
	<rdf:li rdf:resource="http://identifiers.org/go/GO:0005783"/>
	</rdf:Bag>
	</bqbiol:is>
	</rdf:Description>
	
	</rdf:RDF>
	</annotation>
            </compartment>
    </listOfCompartments>
    <listOfSpecies>
      <species compartment="cytosol" id="Z" initialConcentration="0.15" metaid="metaid_0000018">
        <annotation>
	<rdf:RDF xmlns:rdf="http://www.w3.org/1999/02/22-rdf-syntax-ns#" xmlns:bqmodel="http://biomodels.net/model-qualifiers/" xmlns:bqbiol="http://biomodels.net/biology-qualifiers/">
            <rdf:Description rdf:about="#metaid_0000018">
	<bqbiol:is>
	<rdf:Bag>
	<rdf:li rdf:resource="http://identifiers.org/chebi/CHEBI:29108"/>
	<rdf:li rdf:resource="http://identifiers.org/kegg.compound/C00076"/>
	</rdf:Bag>
	</bqbiol:is>
	</rdf:Description>
	
	</rdf:RDF>
	</annotation>
            </species>
      <species compartment="store" id="Y" initialConcentration="1.6" metaid="metaid_0000019">
        <annotation>
	<rdf:RDF xmlns:rdf="http://www.w3.org/1999/02/22-rdf-syntax-ns#" xmlns:bqmodel="http://biomodels.net/model-qualifiers/" xmlns:bqbiol="http://biomodels.net/biology-qualifiers/">
            <rdf:Description rdf:about="#metaid_0000019">
	<bqbiol:is>
	<rdf:Bag>
	<rdf:li rdf:resource="http://identifiers.org/chebi/CHEBI:29108"/>
	<rdf:li rdf:resource="http://identifiers.org/kegg.compound/C00076"/>
	</rdf:Bag>
	</bqbiol:is>
	</rdf:Description>
	
	</rdf:RDF>
	</annotation>
            </species>
      <species compartment="cytosol" id="Wt" initialConcentration="1" metaid="metaid_0000036" name="Total Protein"/>
      <species compartment="cytosol" id="W_star" metaid="metaid_0000037" name="Phosphorylated protein"/>
    </listOfSpecies>
    <listOfParameters>
      <parameter id="v0" metaid="metaid_0000003" value="1"/>
      <parameter id="Vm2" metaid="metaid_0000006" value="65"/>
      <parameter id="n" metaid="metaid_0000007" value="2"/>
      <parameter id="Kp" metaid="metaid_0000008" value="1"/>
      <parameter id="Vm3" metaid="metaid_0000009" value="500"/>
      <parameter id="m" metaid="metaid_0000010" value="2"/>
      <parameter id="Kr" metaid="metaid_0000012" value="2"/>
      <parameter id="K_A" metaid="metaid_0000013" value="0.9"/>
      <parameter id="kf" metaid="metaid_0000014" value="1"/>
      <parameter id="k" metaid="metaid_0000015" value="10"/>
      <parameter id="p" metaid="metaid_0000035" value="4"/>
      <parameter constant="false" id="vk" metaid="metaid_0000038"/>
      <parameter constant="false" id="vMK" metaid="metaid_0000039" value="20"/>
      <parameter id="vp" metaid="metaid_0000040" value="2.5"/>
      <parameter id="Ka" metaid="metaid_0000041" value="2.5"/>
      <parameter id="q" metaid="metaid_0000042" value="1"/>
      <parameter id="K1" metaid="metaid_0000043" value="0.01"/>
      <parameter id="K2" metaid="metaid_0000044" value="0.01"/>
      <parameter id="v1_beta" metaid="metaid_0000047" value="2.7"/>
    </listOfParameters>
    <listOfRules>
      <assignmentRule metaid="metaid_0000045" variable="vk">
        <math xmlns="http://www.w3.org/1998/Math/MathML">        
          <apply>
            <divide/>
            <apply>
              <times/>
              <ci> vMK </ci>
              <apply>
                <power/>
                <ci> Z </ci>
                <ci> q </ci>
              </apply>
            </apply>
            <apply>
              <plus/>
              <apply>
                <power/>
                <ci> Ka </ci>
                <ci> q </ci>
              </apply>
              <apply>
                <power/>
                <ci> Z </ci>
                <ci> q </ci>
              </apply>
            </apply>
          </apply>
        </math>
            </assignmentRule>
    </listOfRules>
    <listOfReactions>
      <reaction id="R0" metaid="metaid_0000020" name="Calcium influx" reversible="false">
        <annotation>
	<rdf:RDF xmlns:rdf="http://www.w3.org/1999/02/22-rdf-syntax-ns#" xmlns:bqmodel="http://biomodels.net/model-qualifiers/" xmlns:bqbiol="http://biomodels.net/biology-qualifiers/">
            <rdf:Description rdf:about="#metaid_0000020">
	<bqbiol:is>
	<rdf:Bag>
	<rdf:li rdf:resource="http://identifiers.org/go/GO:0006816"/>
	</rdf:Bag>
	</bqbiol:is>
	</rdf:Description>
	
	</rdf:RDF>
	</annotation>
              <listOfProducts>
          <speciesReference metaid="_156240" species="Z"/>
        </listOfProducts>
        <kineticLaw metaid="_156252">
          <math xmlns="http://www.w3.org/1998/Math/MathML">          
            <apply>
              <times/>
              <ci> cytosol </ci>
              <ci> v0 </ci>
            </apply>
          </math>
                </kineticLaw>
      </reaction>
      <reaction id="R1" metaid="metaid_0000021" name="InsP3 dependent Ca influx" reversible="false">
        <annotation>
	<rdf:RDF xmlns:rdf="http://www.w3.org/1999/02/22-rdf-syntax-ns#" xmlns:bqmodel="http://biomodels.net/model-qualifiers/" xmlns:bqbiol="http://biomodels.net/biology-qualifiers/">
            <rdf:Description rdf:about="#metaid_0000021">
	<bqbiol:is>
	<rdf:Bag>
	<rdf:li rdf:resource="http://identifiers.org/go/GO:0005220"/>
	</rdf:Bag>
	</bqbiol:is>
	</rdf:Description>
	
	</rdf:RDF>
	</annotation>
              <listOfProducts>
          <speciesReference metaid="_156264" species="Z"/>
        </listOfProducts>
        <kineticLaw metaid="_156277">
          <math xmlns="http://www.w3.org/1998/Math/MathML">          
            <apply>
              <times/>
              <ci> cytosol </ci>
              <ci> v1_beta </ci>
            </apply>
          </math>
                </kineticLaw>
      </reaction>
      <reaction id="R2" metaid="metaid_0000022" name="ATP driven pumping of Ca into store" reversible="false">
        <annotation>
	<rdf:RDF xmlns:rdf="http://www.w3.org/1999/02/22-rdf-syntax-ns#" xmlns:bqmodel="http://biomodels.net/model-qualifiers/" xmlns:bqbiol="http://biomodels.net/biology-qualifiers/">
            <rdf:Description rdf:about="#metaid_0000022">
	<bqbiol:is>
	<rdf:Bag>
	<rdf:li rdf:resource="http://identifiers.org/go/GO:0032470"/>
	</rdf:Bag>
	</bqbiol:is>
	</rdf:Description>
	
	</rdf:RDF>
	</annotation>
              <listOfReactants>
          <speciesReference metaid="_156289" species="Z"/>
        </listOfReactants>
        <listOfProducts>
          <speciesReference metaid="_156302" species="Y"/>
        </listOfProducts>
        <kineticLaw metaid="_156314">
          <math xmlns="http://www.w3.org/1998/Math/MathML">          
            <apply>
              <times/>
              <ci> cytosol </ci>
              <apply>
                <divide/>
                <apply>
                  <times/>
                  <ci> Vm2 </ci>
                  <apply>
                    <power/>
                    <ci> Z </ci>
                    <ci> n </ci>
                  </apply>
                </apply>
                <apply>
                  <plus/>
                  <apply>
                    <power/>
                    <ci> Kp </ci>
                    <ci> n </ci>
                  </apply>
                  <apply>
                    <power/>
                    <ci> Z </ci>
                    <ci> n </ci>
                  </apply>
                </apply>
              </apply>
            </apply>
          </math>
                </kineticLaw>
      </reaction>
      <reaction id="R3" metaid="metaid_0000023" name="ATP driven pumping into cytosol" reversible="false">
        <annotation>
	<rdf:RDF xmlns:rdf="http://www.w3.org/1999/02/22-rdf-syntax-ns#" xmlns:bqmodel="http://biomodels.net/model-qualifiers/" xmlns:bqbiol="http://biomodels.net/biology-qualifiers/">
            <rdf:Description rdf:about="#metaid_0000023">
	<bqbiol:is>
	<rdf:Bag>
	<rdf:li rdf:resource="http://identifiers.org/go/GO:0048763"/>
	<rdf:li rdf:resource="http://identifiers.org/go/GO:0007204"/>
	</rdf:Bag>
	</bqbiol:is>
	</rdf:Description>
	
	</rdf:RDF>
	</annotation>
              <listOfReactants>
          <speciesReference metaid="_156326" species="Y"/>
        </listOfReactants>
        <listOfProducts>
          <speciesReference metaid="_156338" species="Z"/>
        </listOfProducts>
        <kineticLaw metaid="_156350">
          <math xmlns="http://www.w3.org/1998/Math/MathML">          
            <apply>
              <times/>
              <ci> store </ci>
              <apply>
                <divide/>
                <apply>
                  <times/>
                  <ci> Vm3 </ci>
                  <apply>
                    <power/>
                    <ci> Y </ci>
                    <ci> m </ci>
                  </apply>
                  <apply>
                    <power/>
                    <ci> Z </ci>
                    <ci> p </ci>
                  </apply>
                </apply>
                <apply>
                  <times/>
                  <apply>
                    <plus/>
                    <apply>
                      <power/>
                      <ci> Kr </ci>
                      <ci> m </ci>
                    </apply>
                    <apply>
                      <power/>
                      <ci> Y </ci>
                      <ci> m </ci>
                    </apply>
                  </apply>
                  <apply>
                    <plus/>
                    <apply>
                      <power/>
                      <ci> K_A </ci>
                      <ci> p </ci>
                    </apply>
                    <apply>
                      <power/>
                      <ci> Z </ci>
                      <ci> p </ci>
                    </apply>
                  </apply>
                </apply>
              </apply>
            </apply>
          </math>
                </kineticLaw>
      </reaction>
      <reaction id="Rf" metaid="metaid_0000024" name="Calcium leak" reversible="false">
        <annotation>
	<rdf:RDF xmlns:rdf="http://www.w3.org/1999/02/22-rdf-syntax-ns#" xmlns:bqmodel="http://biomodels.net/model-qualifiers/" xmlns:bqbiol="http://biomodels.net/biology-qualifiers/">
            <rdf:Description rdf:about="#metaid_0000024">
	<bqbiol:is>
	<rdf:Bag>
	<rdf:li rdf:resource="http://identifiers.org/go/GO:0006816"/>
	</rdf:Bag>
	</bqbiol:is>
	</rdf:Description>
	
	</rdf:RDF>
	</annotation>
              <listOfReactants>
          <speciesReference metaid="_156362" species="Y"/>
        </listOfReactants>
        <listOfProducts>
          <speciesReference metaid="_156374" species="Z"/>
        </listOfProducts>
        <kineticLaw metaid="_156386">
          <math xmlns="http://www.w3.org/1998/Math/MathML">          
            <apply>
              <times/>
              <ci> store </ci>
              <ci> kf </ci>
              <ci> Y </ci>
            </apply>
          </math>
                </kineticLaw>
      </reaction>
      <reaction id="R_eff" metaid="metaid_0000025" name="Ca efflux" reversible="false">
        <annotation>
	<rdf:RDF xmlns:rdf="http://www.w3.org/1999/02/22-rdf-syntax-ns#" xmlns:bqmodel="http://biomodels.net/model-qualifiers/" xmlns:bqbiol="http://biomodels.net/biology-qualifiers/">
            <rdf:Description rdf:about="#metaid_0000025">
	<bqbiol:is>
	<rdf:Bag>
	<rdf:li rdf:resource="http://identifiers.org/go/GO:0006816"/>
	</rdf:Bag>
	</bqbiol:is>
	</rdf:Description>
	
	</rdf:RDF>
	</annotation>
              <listOfReactants>
          <speciesReference metaid="_156398" species="Z"/>
        </listOfReactants>
        <kineticLaw metaid="_156410">
          <math xmlns="http://www.w3.org/1998/Math/MathML">          
            <apply>
              <times/>
              <ci> cytosol </ci>
              <ci> k </ci>
              <ci> Z </ci>
            </apply>
          </math>
                </kineticLaw>
      </reaction>
      <reaction id="Protein_Phosphorylation" metaid="metaid_0000046" name="Protein Phosphorylation">
        <annotation>
	<rdf:RDF xmlns:rdf="http://www.w3.org/1999/02/22-rdf-syntax-ns#" xmlns:bqmodel="http://biomodels.net/model-qualifiers/" xmlns:bqbiol="http://biomodels.net/biology-qualifiers/">
            <rdf:Description rdf:about="#metaid_0000046">
	<bqbiol:is>
	<rdf:Bag>
	<rdf:li rdf:resource="http://identifiers.org/go/GO:0042327"/>
	</rdf:Bag>
	</bqbiol:is>
	</rdf:Description>
	
	</rdf:RDF>
	</annotation>
              <listOfProducts>
          <speciesReference metaid="_156422" species="W_star"/>
        </listOfProducts>
        <listOfModifiers>
          <modifierSpeciesReference metaid="_156434" species="Wt"/>
        </listOfModifiers>
        <kineticLaw metaid="_156446">
          <math xmlns="http://www.w3.org/1998/Math/MathML">          
            <apply>
              <times/>
              <ci> cytosol </ci>
              <apply>
                <divide/>
                <ci> vp </ci>
                <ci> Wt </ci>
              </apply>
              <apply>
                <minus/>
                <apply>
                  <times/>
                  <apply>
                    <divide/>
                    <ci> vk </ci>
                    <ci> vp </ci>
                  </apply>
                  <apply>
                    <divide/>
                    <apply>
                      <minus/>
                      <cn type="integer"> 1 </cn>
                      <ci> W_star </ci>
                    </apply>
                    <apply>
                      <minus/>
                      <apply>
                        <plus/>
                        <ci> K1 </ci>
                        <cn type="integer"> 1 </cn>
                      </apply>
                      <ci> W_star </ci>
                    </apply>
                  </apply>
                </apply>
                <apply>
                  <divide/>
                  <ci> W_star </ci>
                  <apply>
                    <plus/>
                    <ci> K2 </ci>
                    <ci> W_star </ci>
                  </apply>
                </apply>
              </apply>
            </apply>
          </math>
                </kineticLaw>
      </reaction>
    </listOfReactions>
  </model>
</sbml>