<?xml version="1.0" encoding="UTF-8"?>
<sbml xmlns="http://www.sbml.org/sbml/level2/version4" metaid="_000000" level="2" version="4">
  <model metaid="_000001" id="BIOMD0000000005" name="Tyson1991 - Cell Cycle 6 var">
    <notes>
      <body xmlns="http://www.w3.org/1999/xhtml">
        <div class="dc:title">Tyson1991 - Cell Cycle 6 var</div>
        <div class="dc:description">
          <p>Mathematical model of the interactions of cdc2 and cyclin.</p>
        </div>
        <div class="dc:bibliographicCitation">
          <p>This model is described in the article:</p>
          <div class="bibo:title">
            <a href="http://identifiers.org/pubmed/1831270" title="Access to this publication">Modeling the cell division cycle: cdc2 and cyclin interactions.</a>
          </div>
          <div class="bibo:authorList">Tyson JJ.</div>
          <div class="bibo:Journal">Proc. Natl. Acad. Sci. U.S.A. 1991; 88(16); 7328-32</div>
          <p>Abstract:</p>
          <div class="bibo:abstract">
            <p>The proteins cdc2 and cyclin form a heterodimer (maturation promoting factor) that controls the major events of the cell cycle. A mathematical model for the interactions of cdc2 and cyclin is constructed. Simulation and analysis of the model show that the control system can operate in three modes: as a steady state with high maturation promoting factor activity, as a spontaneous oscillator, or as an excitable switch. We associate the steady state with metaphase arrest in unfertilized eggs, the spontaneous oscillations with rapid division cycles in early embryos, and the excitable switch with growth-controlled division cycles typical of nonembryonic cells.</p>
          </div>
        </div>
        <div class="dc:publisher">
          <p>This model is hosted on        <a href="http://www.ebi.ac.uk/biomodels/">BioModels Database</a>
            and identified by:        <a href="http://identifiers.org/biomodels.db/BIOMD0000000005">BIOMD0000000005</a>
            .        </p>
          <p>To cite BioModels Database, please use:        <a href="http://identifiers.org/pubmed/20587024" title="Latest BioModels Database publication">BioModels Database: An enhanced, curated and annotated resource for published quantitative kinetic models</a>
            .        </p>
        </div>
        <div class="dc:license">
          <p>To the extent possible under law, all copyright and related or neighbouring rights to this encoded model have been dedicated to the public domain worldwide. Please refer to        <a href="http://creativecommons.org/publicdomain/zero/1.0/" title="Access to: CC0 1.0 Universal (CC0 1.0), Public Domain Dedication">CC0 Public Domain Dedication</a>
            for more information.        </p>
        </div>
      </body>
    </notes>
    <annotation>
      <rdf:RDF xmlns:rdf="http://www.w3.org/1999/02/22-rdf-syntax-ns#" xmlns:bqmodel="http://biomodels.net/model-qualifiers/" xmlns:vCard="http://www.w3.org/2001/vcard-rdf/3.0#" xmlns:dc="http://purl.org/dc/elements/1.1/" xmlns:dcterms="http://purl.org/dc/terms/" xmlns:bqbiol="http://biomodels.net/biology-qualifiers/">
        <rdf:Description rdf:about="#_000001">
          <dc:creator>
            <rdf:Bag>
              <rdf:li rdf:parseType="Resource">
                <vCard:N rdf:parseType="Resource">
                  <vCard:Family>Shapiro</vCard:Family>
                  <vCard:Given>Bruce</vCard:Given>
                </vCard:N>
                <vCard:EMAIL>bshapiro@jpl.nasa.gov</vCard:EMAIL>
                <vCard:ORG rdf:parseType="Resource">
                  <vCard:Orgname>NASA Jet Propulsion Laboratory</vCard:Orgname>
                </vCard:ORG>
              </rdf:li>
              <rdf:li rdf:parseType="Resource">
                <vCard:N rdf:parseType="Resource">
                  <vCard:Family>Chelliah</vCard:Family>
                  <vCard:Given>Vijayalakshmi</vCard:Given>
                </vCard:N>
                <vCard:EMAIL>viji@ebi.ac.uk</vCard:EMAIL>
                <vCard:ORG rdf:parseType="Resource">
                  <vCard:Orgname>EMBL-EBI</vCard:Orgname>
                </vCard:ORG>
              </rdf:li>
            </rdf:Bag>
          </dc:creator>
          <dcterms:created rdf:parseType="Resource">
            <dcterms:W3CDTF>2005-02-08T18:28:27Z</dcterms:W3CDTF>
          </dcterms:created>
          <dcterms:modified rdf:parseType="Resource">
            <dcterms:W3CDTF>2013-05-16T14:40:43Z</dcterms:W3CDTF>
          </dcterms:modified>
          <bqmodel:is>
            <rdf:Bag>
              <rdf:li rdf:resource="http://identifiers.org/biomodels.db/MODEL6614644188"/>
            </rdf:Bag>
          </bqmodel:is>
          <bqmodel:is>
            <rdf:Bag>
              <rdf:li rdf:resource="http://identifiers.org/biomodels.db/BIOMD0000000005"/>
            </rdf:Bag>
          </bqmodel:is>
          <bqmodel:isDescribedBy>
            <rdf:Bag>
              <rdf:li rdf:resource="http://identifiers.org/pubmed/1831270"/>
            </rdf:Bag>
          </bqmodel:isDescribedBy>
          <bqbiol:hasTaxon>
            <rdf:Bag>
              <rdf:li rdf:resource="http://identifiers.org/taxonomy/33154"/>
            </rdf:Bag>
          </bqbiol:hasTaxon>
          <bqbiol:isVersionOf>
            <rdf:Bag>
              <rdf:li rdf:resource="http://identifiers.org/kegg.pathway/sce04111"/>
              <rdf:li rdf:resource="http://identifiers.org/obo.go/GO:0000278"/>
            </rdf:Bag>
          </bqbiol:isVersionOf>
          <bqbiol:hasVersion>
            <rdf:Bag>
              <rdf:li rdf:resource="http://identifiers.org/reactome/REACT_152"/>
            </rdf:Bag>
          </bqbiol:hasVersion>
        </rdf:Description>
      </rdf:RDF>
    </annotation>
    <listOfCompartments>
      <compartment metaid="_000002" id="cell" size="1">
        <annotation>
          <rdf:RDF xmlns:rdf="http://www.w3.org/1999/02/22-rdf-syntax-ns#" xmlns:bqmodel="http://biomodels.net/model-qualifiers/" xmlns:bqbiol="http://biomodels.net/biology-qualifiers/">
            <rdf:Description rdf:about="#_000002">
              <bqbiol:is>
                <rdf:Bag>
                  <rdf:li rdf:resource="http://identifiers.org/obo.go/GO:0005623"/>
                </rdf:Bag>
              </bqbiol:is>
            </rdf:Description>
          </rdf:RDF>
        </annotation>
      </compartment>
    </listOfCompartments>
    <listOfSpecies>
      <species metaid="_000003" id="EmptySet" compartment="cell" initialAmount="0" boundaryCondition="true"/>
      <species metaid="_000004" id="C2" name="cdc2k" compartment="cell" initialAmount="0">
        <annotation>
          <rdf:RDF xmlns:rdf="http://www.w3.org/1999/02/22-rdf-syntax-ns#" xmlns:bqmodel="http://biomodels.net/model-qualifiers/" xmlns:bqbiol="http://biomodels.net/biology-qualifiers/">
            <rdf:Description rdf:about="#_000004">
              <bqbiol:isVersionOf>
                <rdf:Bag>
                  <rdf:li rdf:resource="http://identifiers.org/uniprot/P04551"/>
                </rdf:Bag>
              </bqbiol:isVersionOf>
            </rdf:Description>
          </rdf:RDF>
        </annotation>
      </species>
      <species metaid="_000005" id="CP" name="cdc2k-P" compartment="cell" initialAmount="0.75">
        <annotation>
          <rdf:RDF xmlns:rdf="http://www.w3.org/1999/02/22-rdf-syntax-ns#" xmlns:bqmodel="http://biomodels.net/model-qualifiers/" xmlns:bqbiol="http://biomodels.net/biology-qualifiers/">
            <rdf:Description rdf:about="#_000005">
              <bqbiol:isVersionOf>
                <rdf:Bag>
                  <rdf:li rdf:resource="http://identifiers.org/uniprot/P04551"/>
                </rdf:Bag>
              </bqbiol:isVersionOf>
            </rdf:Description>
          </rdf:RDF>
        </annotation>
      </species>
      <species metaid="_000006" id="M" name="p-cyclin_cdc2" compartment="cell" initialAmount="0">
        <annotation>
          <rdf:RDF xmlns:rdf="http://www.w3.org/1999/02/22-rdf-syntax-ns#" xmlns:bqmodel="http://biomodels.net/model-qualifiers/" xmlns:bqbiol="http://biomodels.net/biology-qualifiers/">
            <rdf:Description rdf:about="#_000006">
              <bqbiol:hasPart>
                <rdf:Bag>
                  <rdf:li rdf:resource="http://identifiers.org/uniprot/P04551"/>
                  <rdf:li rdf:resource="http://identifiers.org/interpro/IPR006670"/>
                </rdf:Bag>
              </bqbiol:hasPart>
            </rdf:Description>
          </rdf:RDF>
        </annotation>
      </species>
      <species metaid="_000007" id="pM" name="p-cyclin_cdc2-p" compartment="cell" initialAmount="0.25">
        <annotation>
          <rdf:RDF xmlns:rdf="http://www.w3.org/1999/02/22-rdf-syntax-ns#" xmlns:bqmodel="http://biomodels.net/model-qualifiers/" xmlns:bqbiol="http://biomodels.net/biology-qualifiers/">
            <rdf:Description rdf:about="#_000007">
              <bqbiol:hasPart>
                <rdf:Bag>
                  <rdf:li rdf:resource="http://identifiers.org/uniprot/P04551"/>
                  <rdf:li rdf:resource="http://identifiers.org/interpro/IPR006670"/>
                </rdf:Bag>
              </bqbiol:hasPart>
            </rdf:Description>
          </rdf:RDF>
        </annotation>
      </species>
      <species metaid="_000008" id="Y" name="cyclin" compartment="cell" initialAmount="0">
        <annotation>
          <rdf:RDF xmlns:rdf="http://www.w3.org/1999/02/22-rdf-syntax-ns#" xmlns:bqmodel="http://biomodels.net/model-qualifiers/" xmlns:bqbiol="http://biomodels.net/biology-qualifiers/">
            <rdf:Description rdf:about="#_000008">
              <bqbiol:isVersionOf>
                <rdf:Bag>
                  <rdf:li rdf:resource="http://identifiers.org/interpro/IPR006670"/>
                </rdf:Bag>
              </bqbiol:isVersionOf>
            </rdf:Description>
          </rdf:RDF>
        </annotation>
      </species>
      <species metaid="_000009" id="YP" name="p-cyclin" compartment="cell" initialAmount="0">
        <annotation>
          <rdf:RDF xmlns:rdf="http://www.w3.org/1999/02/22-rdf-syntax-ns#" xmlns:bqmodel="http://biomodels.net/model-qualifiers/" xmlns:bqbiol="http://biomodels.net/biology-qualifiers/">
            <rdf:Description rdf:about="#_000009">
              <bqbiol:isVersionOf>
                <rdf:Bag>
                  <rdf:li rdf:resource="http://identifiers.org/interpro/IPR006670"/>
                </rdf:Bag>
              </bqbiol:isVersionOf>
            </rdf:Description>
          </rdf:RDF>
        </annotation>
      </species>
      <species metaid="metaid_0000020" id="YT" name="total_cyclin" compartment="cell" boundaryCondition="true">
        <annotation>
          <rdf:RDF xmlns:rdf="http://www.w3.org/1999/02/22-rdf-syntax-ns#" xmlns:bqmodel="http://biomodels.net/model-qualifiers/" xmlns:bqbiol="http://biomodels.net/biology-qualifiers/">
            <rdf:Description rdf:about="#metaid_0000020">
              <bqbiol:isVersionOf>
                <rdf:Bag>
                  <rdf:li rdf:resource="http://identifiers.org/interpro/IPR006670"/>
                </rdf:Bag>
              </bqbiol:isVersionOf>
            </rdf:Description>
          </rdf:RDF>
        </annotation>
      </species>
      <species metaid="metaid_0000022" id="CT" name="total_cdc2" compartment="cell" boundaryCondition="true">
        <annotation>
          <rdf:RDF xmlns:rdf="http://www.w3.org/1999/02/22-rdf-syntax-ns#" xmlns:bqmodel="http://biomodels.net/model-qualifiers/" xmlns:bqbiol="http://biomodels.net/biology-qualifiers/">
            <rdf:Description rdf:about="#metaid_0000022">
              <bqbiol:isVersionOf>
                <rdf:Bag>
                  <rdf:li rdf:resource="http://identifiers.org/uniprot/P04551"/>
                </rdf:Bag>
              </bqbiol:isVersionOf>
            </rdf:Description>
          </rdf:RDF>
        </annotation>
      </species>
    </listOfSpecies>
    <listOfRules>
      <assignmentRule metaid="metaid_0000021" variable="YT">
        <math xmlns="http://www.w3.org/1998/Math/MathML">
          <apply>
            <plus/>
            <ci> Y </ci>
            <ci> YP </ci>
            <ci> M </ci>
            <ci> pM </ci>
          </apply>
        </math>
      </assignmentRule>
      <assignmentRule metaid="metaid_0000023" variable="CT">
        <math xmlns="http://www.w3.org/1998/Math/MathML">
          <apply>
            <plus/>
            <ci> C2 </ci>
            <ci> CP </ci>
            <ci> M </ci>
            <ci> pM </ci>
          </apply>
        </math>
      </assignmentRule>
    </listOfRules>
    <listOfReactions>
      <reaction metaid="_000010" id="Reaction1" name="cyclin_cdc2k dissociation" reversible="false">
        <annotation>
          <rdf:RDF xmlns:rdf="http://www.w3.org/1999/02/22-rdf-syntax-ns#" xmlns:bqmodel="http://biomodels.net/model-qualifiers/" xmlns:bqbiol="http://biomodels.net/biology-qualifiers/">
            <rdf:Description rdf:about="#_000010">
              <bqbiol:hasVersion>
                <rdf:Bag>
                  <rdf:li rdf:resource="http://identifiers.org/reactome/REACT_6308"/>
                </rdf:Bag>
              </bqbiol:hasVersion>
              <bqbiol:isVersionOf>
                <rdf:Bag>
                  <rdf:li rdf:resource="http://identifiers.org/obo.go/GO:0000079"/>
                </rdf:Bag>
              </bqbiol:isVersionOf>
            </rdf:Description>
          </rdf:RDF>
        </annotation>
        <listOfReactants>
          <speciesReference metaid="_712369" species="M"/>
        </listOfReactants>
        <listOfProducts>
          <speciesReference metaid="_712382" species="C2"/>
          <speciesReference metaid="_712394" species="YP"/>
        </listOfProducts>
        <kineticLaw metaid="_712406">
          <math xmlns="http://www.w3.org/1998/Math/MathML">
            <apply>
              <times/>
              <ci> cell </ci>
              <ci> k6 </ci>
              <ci> M </ci>
            </apply>
          </math>
          <listOfParameters>
            <parameter metaid="_840210" id="k6" value="1"/>
          </listOfParameters>
        </kineticLaw>
      </reaction>
      <reaction metaid="_000011" id="Reaction2" name="cdc2k phosphorylation" reversible="false">
        <annotation>
          <rdf:RDF xmlns:rdf="http://www.w3.org/1999/02/22-rdf-syntax-ns#" xmlns:bqmodel="http://biomodels.net/model-qualifiers/" xmlns:bqbiol="http://biomodels.net/biology-qualifiers/">
            <rdf:Description rdf:about="#_000011">
              <bqbiol:isVersionOf>
                <rdf:Bag>
                  <rdf:li rdf:resource="http://identifiers.org/ec-code/2.7.11.1"/>
                  <rdf:li rdf:resource="http://identifiers.org/obo.go/GO:0006468"/>
                </rdf:Bag>
              </bqbiol:isVersionOf>
            </rdf:Description>
          </rdf:RDF>
        </annotation>
        <listOfReactants>
          <speciesReference metaid="_712418" species="C2"/>
        </listOfReactants>
        <listOfProducts>
          <speciesReference metaid="_712430" species="CP"/>
        </listOfProducts>
        <kineticLaw metaid="_712442">
          <math xmlns="http://www.w3.org/1998/Math/MathML">
            <apply>
              <times/>
              <ci> cell </ci>
              <ci> C2 </ci>
              <ci> k8notP </ci>
            </apply>
          </math>
          <listOfParameters>
            <parameter metaid="_840213" id="k8notP" value="1000000"/>
          </listOfParameters>
        </kineticLaw>
      </reaction>
      <reaction metaid="_000012" id="Reaction3" name="cdc2k dephosphorylation" reversible="false">
        <annotation>
          <rdf:RDF xmlns:rdf="http://www.w3.org/1999/02/22-rdf-syntax-ns#" xmlns:bqmodel="http://biomodels.net/model-qualifiers/" xmlns:bqbiol="http://biomodels.net/biology-qualifiers/">
            <rdf:Description rdf:about="#_000012">
              <bqbiol:isVersionOf>
                <rdf:Bag>
                  <rdf:li rdf:resource="http://identifiers.org/ec-code/3.1.3.16"/>
                  <rdf:li rdf:resource="http://identifiers.org/obo.go/GO:0006470"/>
                </rdf:Bag>
              </bqbiol:isVersionOf>
            </rdf:Description>
          </rdf:RDF>
        </annotation>
        <listOfReactants>
          <speciesReference metaid="_712454" species="CP"/>
        </listOfReactants>
        <listOfProducts>
          <speciesReference metaid="_712466" species="C2"/>
        </listOfProducts>
        <kineticLaw metaid="_712478">
          <math xmlns="http://www.w3.org/1998/Math/MathML">
            <apply>
              <times/>
              <ci> cell </ci>
              <ci> CP </ci>
              <ci> k9 </ci>
            </apply>
          </math>
          <listOfParameters>
            <parameter metaid="_840215" id="k9" value="1000"/>
          </listOfParameters>
        </kineticLaw>
      </reaction>
      <reaction metaid="_000013" id="Reaction4" name="cyclin cdc2k-p association" reversible="false">
        <annotation>
          <rdf:RDF xmlns:rdf="http://www.w3.org/1999/02/22-rdf-syntax-ns#" xmlns:bqmodel="http://biomodels.net/model-qualifiers/" xmlns:bqbiol="http://biomodels.net/biology-qualifiers/">
            <rdf:Description rdf:about="#_000013">
              <bqbiol:hasVersion>
                <rdf:Bag>
                  <rdf:li rdf:resource="http://identifiers.org/reactome/REACT_6216"/>
                  <rdf:li rdf:resource="http://identifiers.org/reactome/REACT_6308"/>
                </rdf:Bag>
              </bqbiol:hasVersion>
            </rdf:Description>
          </rdf:RDF>
        </annotation>
        <listOfReactants>
          <speciesReference metaid="_712490" species="CP"/>
          <speciesReference metaid="_712502" species="Y"/>
        </listOfReactants>
        <listOfProducts>
          <speciesReference metaid="_712514" species="pM"/>
        </listOfProducts>
        <kineticLaw metaid="_712526">
          <math xmlns="http://www.w3.org/1998/Math/MathML">
            <apply>
              <times/>
              <ci> cell </ci>
              <ci> CP </ci>
              <ci> k3 </ci>
              <ci> Y </ci>
            </apply>
          </math>
          <listOfParameters>
            <parameter metaid="_840217" id="k3" value="200"/>
          </listOfParameters>
        </kineticLaw>
      </reaction>
      <reaction metaid="_000014" id="Reaction5" name="deactivation of cdc2 kinase" reversible="false">
        <annotation>
          <rdf:RDF xmlns:rdf="http://www.w3.org/1999/02/22-rdf-syntax-ns#" xmlns:bqmodel="http://biomodels.net/model-qualifiers/" xmlns:bqbiol="http://biomodels.net/biology-qualifiers/">
            <rdf:Description rdf:about="#_000014">
              <bqbiol:isVersionOf>
                <rdf:Bag>
                  <rdf:li rdf:resource="http://identifiers.org/ec-code/2.7.10.2"/>
                  <rdf:li rdf:resource="http://identifiers.org/obo.go/GO:0006468"/>
                  <rdf:li rdf:resource="http://identifiers.org/obo.go/GO:0045736"/>
                </rdf:Bag>
              </bqbiol:isVersionOf>
              <bqbiol:hasVersion>
                <rdf:Bag>
                  <rdf:li rdf:resource="http://identifiers.org/reactome/REACT_3178"/>
                  <rdf:li rdf:resource="http://identifiers.org/reactome/REACT_6327"/>
                </rdf:Bag>
              </bqbiol:hasVersion>
            </rdf:Description>
          </rdf:RDF>
        </annotation>
        <listOfReactants>
          <speciesReference metaid="_712538" species="M"/>
        </listOfReactants>
        <listOfProducts>
          <speciesReference metaid="_712550" species="pM"/>
        </listOfProducts>
        <kineticLaw metaid="_712562">
          <math xmlns="http://www.w3.org/1998/Math/MathML">
            <apply>
              <times/>
              <ci> cell </ci>
              <ci> k5notP </ci>
              <ci> M </ci>
            </apply>
          </math>
          <listOfParameters>
            <parameter metaid="_840219" id="k5notP" value="0"/>
          </listOfParameters>
        </kineticLaw>
      </reaction>
      <reaction metaid="_000015" id="Reaction6" name="cyclin biosynthesis" reversible="false">
        <annotation>
          <rdf:RDF xmlns:rdf="http://www.w3.org/1999/02/22-rdf-syntax-ns#" xmlns:bqmodel="http://biomodels.net/model-qualifiers/" xmlns:bqbiol="http://biomodels.net/biology-qualifiers/">
            <rdf:Description rdf:about="#_000015">
              <bqbiol:isVersionOf>
                <rdf:Bag>
                  <rdf:li rdf:resource="http://identifiers.org/obo.go/GO:0006412"/>
                </rdf:Bag>
              </bqbiol:isVersionOf>
            </rdf:Description>
          </rdf:RDF>
        </annotation>
        <listOfReactants>
          <speciesReference metaid="_712574" species="EmptySet"/>
        </listOfReactants>
        <listOfProducts>
          <speciesReference metaid="_712586" species="Y"/>
        </listOfProducts>
        <kineticLaw metaid="_712598">
          <math xmlns="http://www.w3.org/1998/Math/MathML">
            <apply>
              <times/>
              <ci> cell </ci>
              <ci> k1aa </ci>
            </apply>
          </math>
          <listOfParameters>
            <parameter metaid="_840221" id="k1aa" value="0.015"/>
          </listOfParameters>
        </kineticLaw>
      </reaction>
      <reaction metaid="_000016" id="Reaction7" name="default degradation of cyclin" reversible="false">
        <annotation>
          <rdf:RDF xmlns:rdf="http://www.w3.org/1999/02/22-rdf-syntax-ns#" xmlns:bqmodel="http://biomodels.net/model-qualifiers/" xmlns:bqbiol="http://biomodels.net/biology-qualifiers/">
            <rdf:Description rdf:about="#_000016">
              <bqbiol:isVersionOf>
                <rdf:Bag>
                  <rdf:li rdf:resource="http://identifiers.org/obo.go/GO:0008054"/>
                </rdf:Bag>
              </bqbiol:isVersionOf>
            </rdf:Description>
          </rdf:RDF>
        </annotation>
        <listOfReactants>
          <speciesReference metaid="_712610" species="Y"/>
        </listOfReactants>
        <listOfProducts>
          <speciesReference metaid="_712622" species="EmptySet"/>
        </listOfProducts>
        <kineticLaw metaid="_712634">
          <math xmlns="http://www.w3.org/1998/Math/MathML">
            <apply>
              <times/>
              <ci> cell </ci>
              <ci> k2 </ci>
              <ci> Y </ci>
            </apply>
          </math>
          <listOfParameters>
            <parameter metaid="_840223" id="k2" value="0"/>
          </listOfParameters>
        </kineticLaw>
      </reaction>
      <reaction metaid="_000017" id="Reaction8" name="cdc2 kinase triggered degration of cyclin" reversible="false">
        <annotation>
          <rdf:RDF xmlns:rdf="http://www.w3.org/1999/02/22-rdf-syntax-ns#" xmlns:bqmodel="http://biomodels.net/model-qualifiers/" xmlns:bqbiol="http://biomodels.net/biology-qualifiers/">
            <rdf:Description rdf:about="#_000017">
              <bqbiol:isVersionOf>
                <rdf:Bag>
                  <rdf:li rdf:resource="http://identifiers.org/obo.go/GO:0008054"/>
                </rdf:Bag>
              </bqbiol:isVersionOf>
            </rdf:Description>
          </rdf:RDF>
        </annotation>
        <listOfReactants>
          <speciesReference metaid="_712646" species="YP"/>
        </listOfReactants>
        <listOfProducts>
          <speciesReference metaid="_712658" species="EmptySet"/>
        </listOfProducts>
        <kineticLaw metaid="_712670">
          <math xmlns="http://www.w3.org/1998/Math/MathML">
            <apply>
              <times/>
              <ci> cell </ci>
              <ci> k7 </ci>
              <ci> YP </ci>
            </apply>
          </math>
          <listOfParameters>
            <parameter metaid="_840225" id="k7" value="0.6"/>
          </listOfParameters>
        </kineticLaw>
      </reaction>
      <reaction metaid="_000018" id="Reaction9" name="activation of cdc2 kinase" reversible="false">
        <annotation>
          <rdf:RDF xmlns:rdf="http://www.w3.org/1999/02/22-rdf-syntax-ns#" xmlns:bqmodel="http://biomodels.net/model-qualifiers/" xmlns:bqbiol="http://biomodels.net/biology-qualifiers/">
            <rdf:Description rdf:about="#_000018">
              <bqbiol:hasVersion>
                <rdf:Bag>
                  <rdf:li rdf:resource="http://identifiers.org/reactome/REACT_6257"/>
                  <rdf:li rdf:resource="http://identifiers.org/reactome/REACT_6175"/>
                  <rdf:li rdf:resource="http://identifiers.org/reactome/REACT_6294"/>
                </rdf:Bag>
              </bqbiol:hasVersion>
              <bqbiol:isVersionOf>
                <rdf:Bag>
                  <rdf:li rdf:resource="http://identifiers.org/ec-code/3.1.3.16"/>
                  <rdf:li rdf:resource="http://identifiers.org/obo.go/GO:0006470"/>
                  <rdf:li rdf:resource="http://identifiers.org/obo.go/GO:0045737"/>
                </rdf:Bag>
              </bqbiol:isVersionOf>
            </rdf:Description>
          </rdf:RDF>
        </annotation>
        <listOfReactants>
          <speciesReference metaid="_712682" species="pM"/>
        </listOfReactants>
        <listOfProducts>
          <speciesReference metaid="_712694" species="M"/>
        </listOfProducts>
        <listOfModifiers>
          <modifierSpeciesReference metaid="_712706" species="CT"/>
        </listOfModifiers>
        <kineticLaw metaid="_712718">
          <math xmlns="http://www.w3.org/1998/Math/MathML">
            <apply>
              <times/>
              <ci> cell </ci>
              <ci> pM </ci>
              <apply>
                <plus/>
                <ci> k4prime </ci>
                <apply>
                  <times/>
                  <ci> k4 </ci>
                  <apply>
                    <power/>
                    <apply>
                      <divide/>
                      <ci> M </ci>
                      <ci> CT </ci>
                    </apply>
                    <cn type="integer"> 2 </cn>
                  </apply>
                </apply>
              </apply>
            </apply>
          </math>
          <listOfParameters>
            <parameter metaid="_840227" id="k4" value="180"/>
            <parameter metaid="_840229" id="k4prime" value="0.018"/>
          </listOfParameters>
        </kineticLaw>
      </reaction>
    </listOfReactions>
  </model>
</sbml>
