<?xml version='1.0' encoding='UTF-8' standalone='no'?>
<sbml xmlns="http://www.sbml.org/sbml/level2" level="2" metaid="metaid_0000001" version="1">
  <model id="Hoffmann2002_WT_IkBNFkB_Signaling" metaid="metaid_0000002" name="Hoffmann2002_WT_IkBNFkB_Signaling">
    <notes>
      <body xmlns="http://www.w3.org/1999/xhtml">
        <p>This model corresponds to the IkB-NFkB signaling in wild type cells and reproduces the dynamics of the species as depicted in  Figure 2 F of the paper. The authors mention that the simulation is carried out in three phases, where the steady state values of the species in one phase are fed to the succeding phase. This model captures the simulation dynamics of two phases and makes use of the event section to introduce the stimulus and thereby transition to the next phase. Accordingly, a few terms have been introduced that make this transition possible, this in no way compromises the original model. Also, the simulation plots are not an exact reproduction of the figures in the paper, they do however match the simulation results that the authors shared with us. Model was successfully tested on MathSBML.</p>
            <br/>
            <p>To the extent possible under law, all copyright and related or neighbouring rights to this encoded model have been dedicated to the public domain worldwide. Please refer to      <a href="http://creativecommons.org/publicdomain/zero/1.0/" title="Creative Commons CC0">CC0 Public Domain Dedication</a>
          for more information.      </p>
            <p>In summary, you are entitled to use this encoded model in absolutely any manner you deem suitable, verbatim, or with modification, alone or embedded it in a larger context, redistribute it, commercially or not, in a restricted way or not.</p>
            <br/>
            <p>To cite BioModels Database, please use:      <a href="http://www.ncbi.nlm.nih.gov/pubmed/20587024" target="_blank">Li C, Donizelli M, Rodriguez N, Dharuri H, Endler L, Chelliah V, Li L, He E, Henry A, Stefan MI, Snoep JL, Hucka M, Le Novère N, Laibe C (2010) BioModels Database: An enhanced, curated and annotated resource for published quantitative kinetic models. BMC Syst Biol., 4:92.</a>
                </p>
            </body>
      
    </notes>
    <annotation>
      <rdf:RDF xmlns:rdf="http://www.w3.org/1999/02/22-rdf-syntax-ns#" xmlns:bqmodel="http://biomodels.net/model-qualifiers/" xmlns:vCard="http://www.w3.org/2001/vcard-rdf/3.0#" xmlns:dc="http://purl.org/dc/elements/1.1/" xmlns:dcterms="http://purl.org/dc/terms/" xmlns:bqbiol="http://biomodels.net/biology-qualifiers/">
        <rdf:Description rdf:about="#metaid_0000002">
	<dc:creator>
	<rdf:Bag>
	<rdf:li rdf:parseType="Resource">
	<vCard:N rdf:parseType="Resource">
	<vCard:Family>Dharuri</vCard:Family>
	<vCard:Given>Harish</vCard:Given>
	</vCard:N>
	<vCard:EMAIL>hdharuri@cds.caltech.edu</vCard:EMAIL>
	<vCard:ORG rdf:parseType="Resource">
	<vCard:Orgname>California Institute of Technology</vCard:Orgname>
	</vCard:ORG>
	</rdf:li>
	</rdf:Bag>
	</dc:creator>
	<dcterms:created rdf:parseType="Resource">
	<dcterms:W3CDTF>2007-05-16T13:37:19Z</dcterms:W3CDTF>
	</dcterms:created>
	<dcterms:modified rdf:parseType="Resource">
	<dcterms:W3CDTF>2012-07-05T14:50:23Z</dcterms:W3CDTF>
	</dcterms:modified>
	<bqmodel:is>
	<rdf:Bag>
	<rdf:li rdf:resource="http://identifiers.org/biomodels.db/MODEL7158174175"/>
	</rdf:Bag>
	</bqmodel:is>
	<bqmodel:is>
	<rdf:Bag>
	<rdf:li rdf:resource="http://identifiers.org/biomodels.db/BIOMD0000000140"/>
	</rdf:Bag>
	</bqmodel:is>
	<bqmodel:isDescribedBy>
	<rdf:Bag>
	<rdf:li rdf:resource="http://identifiers.org/pubmed/12424381"/>
	</rdf:Bag>
	</bqmodel:isDescribedBy>
	<bqbiol:hasTaxon>
	<rdf:Bag>
	<rdf:li rdf:resource="http://identifiers.org/taxonomy/10090"/>
	</rdf:Bag>
	</bqbiol:hasTaxon>
	<bqbiol:isPartOf>
	<rdf:Bag>
	<rdf:li rdf:resource="http://identifiers.org/kegg.pathway/mmu04660"/>
	<rdf:li rdf:resource="http://identifiers.org/obo.go/GO:0007249"/>
	</rdf:Bag>
	</bqbiol:isPartOf>
	</rdf:Description>
	
      </rdf:RDF>
    </annotation>
      <listOfUnitDefinitions>
      <unitDefinition id="substance" metaid="metaid_0000133" name="micro mole">
        <listOfUnits>
          <unit kind="mole" metaid="_207425" scale="-6"/>
        </listOfUnits>
      </unitDefinition>
      <unitDefinition id="time" metaid="metaid_0000134" name="minutes">
        <listOfUnits>
          <unit kind="second" metaid="_207437" multiplier="60"/>
        </listOfUnits>
      </unitDefinition>
    </listOfUnitDefinitions>
    <listOfCompartments>
      <compartment id="cytoplasm" metaid="metaid_0000040" size="1">
        <annotation>
          <rdf:RDF xmlns:rdf="http://www.w3.org/1999/02/22-rdf-syntax-ns#" xmlns:bqmodel="http://biomodels.net/model-qualifiers/" xmlns:bqbiol="http://biomodels.net/biology-qualifiers/">
            <rdf:Description rdf:about="#metaid_0000040">
	<bqbiol:is>
	<rdf:Bag>
	<rdf:li rdf:resource="http://identifiers.org/obo.go/GO:0005737"/>
	</rdf:Bag>
	</bqbiol:is>
	</rdf:Description>
	
          </rdf:RDF>
        </annotation>
            </compartment>
      <compartment id="nucleus" metaid="metaid_0000124" outside="cytoplasm" size="1">
        <annotation>
          <rdf:RDF xmlns:rdf="http://www.w3.org/1999/02/22-rdf-syntax-ns#" xmlns:bqmodel="http://biomodels.net/model-qualifiers/" xmlns:bqbiol="http://biomodels.net/biology-qualifiers/">
            <rdf:Description rdf:about="#metaid_0000124">
	<bqbiol:is>
	<rdf:Bag>
	<rdf:li rdf:resource="http://identifiers.org/obo.go/GO:0005634"/>
	</rdf:Bag>
	</bqbiol:is>
	</rdf:Description>
	
          </rdf:RDF>
        </annotation>
            </compartment>
    </listOfCompartments>
    <listOfSpecies>
      <species compartment="cytoplasm" id="IkBalpha" initialConcentration="0.1" metaid="metaid_0000041">
        <annotation>
          <rdf:RDF xmlns:rdf="http://www.w3.org/1999/02/22-rdf-syntax-ns#" xmlns:bqmodel="http://biomodels.net/model-qualifiers/" xmlns:bqbiol="http://biomodels.net/biology-qualifiers/">
            <rdf:Description rdf:about="#metaid_0000041">
	<bqbiol:isVersionOf>
	<rdf:Bag>
	<rdf:li rdf:resource="http://identifiers.org/uniprot/Q9Z1E3"/>
	</rdf:Bag>
	</bqbiol:isVersionOf>
	</rdf:Description>
	
          </rdf:RDF>
        </annotation>
            </species>
      <species compartment="cytoplasm" id="NFkB" initialConcentration="0.1" metaid="metaid_0000042">
        <annotation>
          <rdf:RDF xmlns:rdf="http://www.w3.org/1999/02/22-rdf-syntax-ns#" xmlns:bqmodel="http://biomodels.net/model-qualifiers/" xmlns:bqbiol="http://biomodels.net/biology-qualifiers/">
            <rdf:Description rdf:about="#metaid_0000042">
	<bqbiol:isVersionOf>
	<rdf:Bag>
	<rdf:li rdf:resource="http://identifiers.org/uniprot/P25799"/>
	</rdf:Bag>
	</bqbiol:isVersionOf>
	</rdf:Description>
	
          </rdf:RDF>
        </annotation>
            </species>
      <species compartment="cytoplasm" id="IkBalpha_NFkB" initialConcentration="0" metaid="metaid_0000043">
        <annotation>
          <rdf:RDF xmlns:rdf="http://www.w3.org/1999/02/22-rdf-syntax-ns#" xmlns:bqmodel="http://biomodels.net/model-qualifiers/" xmlns:bqbiol="http://biomodels.net/biology-qualifiers/">
            <rdf:Description rdf:about="#metaid_0000043">
	<bqbiol:hasPart>
	<rdf:Bag>
	<rdf:li rdf:resource="http://identifiers.org/uniprot/P25799"/>
	<rdf:li rdf:resource="http://identifiers.org/uniprot/Q9Z1E3"/>
	</rdf:Bag>
	</bqbiol:hasPart>
	</rdf:Description>
	
          </rdf:RDF>
        </annotation>
            </species>
      <species compartment="cytoplasm" id="IkBbeta" initialConcentration="0" metaid="metaid_0000044">
        <annotation>
          <rdf:RDF xmlns:rdf="http://www.w3.org/1999/02/22-rdf-syntax-ns#" xmlns:bqmodel="http://biomodels.net/model-qualifiers/" xmlns:bqbiol="http://biomodels.net/biology-qualifiers/">
            <rdf:Description rdf:about="#metaid_0000044">
	<bqbiol:isVersionOf>
	<rdf:Bag>
	<rdf:li rdf:resource="http://identifiers.org/uniprot/Q60778"/>
	</rdf:Bag>
	</bqbiol:isVersionOf>
	</rdf:Description>
	
          </rdf:RDF>
        </annotation>
            </species>
      <species compartment="cytoplasm" id="IkBbeta_NFkB" initialConcentration="0" metaid="metaid_0000045">
        <annotation>
          <rdf:RDF xmlns:rdf="http://www.w3.org/1999/02/22-rdf-syntax-ns#" xmlns:bqmodel="http://biomodels.net/model-qualifiers/" xmlns:bqbiol="http://biomodels.net/biology-qualifiers/">
            <rdf:Description rdf:about="#metaid_0000045">
	<bqbiol:hasPart>
	<rdf:Bag>
	<rdf:li rdf:resource="http://identifiers.org/uniprot/Q60778"/>
	<rdf:li rdf:resource="http://identifiers.org/uniprot/P25799"/>
	</rdf:Bag>
	</bqbiol:hasPart>
	</rdf:Description>
	
          </rdf:RDF>
        </annotation>
            </species>
      <species compartment="cytoplasm" id="IkBeps" initialConcentration="0" metaid="metaid_0000046">
        <annotation>
          <rdf:RDF xmlns:rdf="http://www.w3.org/1999/02/22-rdf-syntax-ns#" xmlns:bqmodel="http://biomodels.net/model-qualifiers/" xmlns:bqbiol="http://biomodels.net/biology-qualifiers/">
            <rdf:Description rdf:about="#metaid_0000046">
	<bqbiol:isVersionOf>
	<rdf:Bag>
	<rdf:li rdf:resource="http://identifiers.org/uniprot/O54910"/>
	</rdf:Bag>
	</bqbiol:isVersionOf>
	</rdf:Description>
	
          </rdf:RDF>
        </annotation>
            </species>
      <species compartment="cytoplasm" id="IkBeps_NFkB" initialConcentration="0" metaid="metaid_0000047">
        <annotation>
          <rdf:RDF xmlns:rdf="http://www.w3.org/1999/02/22-rdf-syntax-ns#" xmlns:bqmodel="http://biomodels.net/model-qualifiers/" xmlns:bqbiol="http://biomodels.net/biology-qualifiers/">
            <rdf:Description rdf:about="#metaid_0000047">
	<bqbiol:hasPart>
	<rdf:Bag>
	<rdf:li rdf:resource="http://identifiers.org/uniprot/O54910"/>
	<rdf:li rdf:resource="http://identifiers.org/uniprot/P25799"/>
	</rdf:Bag>
	</bqbiol:hasPart>
	</rdf:Description>
	
          </rdf:RDF>
        </annotation>
            </species>
      <species compartment="cytoplasm" id="IKK_IkBalpha" initialConcentration="0" metaid="metaid_0000048">
        <annotation>
          <rdf:RDF xmlns:rdf="http://www.w3.org/1999/02/22-rdf-syntax-ns#" xmlns:bqmodel="http://biomodels.net/model-qualifiers/" xmlns:bqbiol="http://biomodels.net/biology-qualifiers/">
            <rdf:Description rdf:about="#metaid_0000048">
	<bqbiol:hasPart>
	<rdf:Bag>
	<rdf:li rdf:resource="http://identifiers.org/uniprot/O88351"/>
	<rdf:li rdf:resource="http://identifiers.org/uniprot/O88522"/>
	<rdf:li rdf:resource="http://identifiers.org/uniprot/Q60680"/>
	<rdf:li rdf:resource="http://identifiers.org/uniprot/Q9Z1E3"/>
	</rdf:Bag>
	</bqbiol:hasPart>
	</rdf:Description>
	
          </rdf:RDF>
        </annotation>
            </species>
      <species compartment="cytoplasm" id="IKK_IkBalpha_NFkB" initialConcentration="0" metaid="metaid_0000049">
        <annotation>
          <rdf:RDF xmlns:rdf="http://www.w3.org/1999/02/22-rdf-syntax-ns#" xmlns:bqmodel="http://biomodels.net/model-qualifiers/" xmlns:bqbiol="http://biomodels.net/biology-qualifiers/">
            <rdf:Description rdf:about="#metaid_0000049">
	<bqbiol:hasPart>
	<rdf:Bag>
	<rdf:li rdf:resource="http://identifiers.org/uniprot/O88351"/>
	<rdf:li rdf:resource="http://identifiers.org/uniprot/O88522"/>
	<rdf:li rdf:resource="http://identifiers.org/uniprot/Q60680"/>
	<rdf:li rdf:resource="http://identifiers.org/uniprot/Q9Z1E3"/>
	<rdf:li rdf:resource="http://identifiers.org/uniprot/P25799"/>
	</rdf:Bag>
	</bqbiol:hasPart>
	</rdf:Description>
	
          </rdf:RDF>
        </annotation>
            </species>
      <species compartment="cytoplasm" id="IKK" initialConcentration="0" metaid="metaid_0000050">
        <annotation>
          <rdf:RDF xmlns:rdf="http://www.w3.org/1999/02/22-rdf-syntax-ns#" xmlns:bqmodel="http://biomodels.net/model-qualifiers/" xmlns:bqbiol="http://biomodels.net/biology-qualifiers/">
            <rdf:Description rdf:about="#metaid_0000050">
	<bqbiol:hasPart>
	<rdf:Bag>
	<rdf:li rdf:resource="http://identifiers.org/uniprot/O88351"/>
	<rdf:li rdf:resource="http://identifiers.org/uniprot/O88522"/>
	<rdf:li rdf:resource="http://identifiers.org/uniprot/Q60680"/>
	</rdf:Bag>
	</bqbiol:hasPart>
	</rdf:Description>
	
          </rdf:RDF>
        </annotation>
            </species>
      <species compartment="cytoplasm" id="IKK_IkBbeta" initialConcentration="0" metaid="metaid_0000051">
        <annotation>
          <rdf:RDF xmlns:rdf="http://www.w3.org/1999/02/22-rdf-syntax-ns#" xmlns:bqmodel="http://biomodels.net/model-qualifiers/" xmlns:bqbiol="http://biomodels.net/biology-qualifiers/">
            <rdf:Description rdf:about="#metaid_0000051">
	<bqbiol:isVersionOf>
	<rdf:Bag>
	<rdf:li rdf:resource="http://identifiers.org/uniprot/O88351"/>
	<rdf:li rdf:resource="http://identifiers.org/uniprot/O88522"/>
	<rdf:li rdf:resource="http://identifiers.org/uniprot/Q60680"/>
	<rdf:li rdf:resource="http://identifiers.org/uniprot/Q60778"/>
	</rdf:Bag>
	</bqbiol:isVersionOf>
	</rdf:Description>
	
          </rdf:RDF>
        </annotation>
            </species>
      <species compartment="cytoplasm" id="IKK_IkBbeta_NFkB" initialConcentration="0" metaid="metaid_0000052">
        <annotation>
          <rdf:RDF xmlns:rdf="http://www.w3.org/1999/02/22-rdf-syntax-ns#" xmlns:bqmodel="http://biomodels.net/model-qualifiers/" xmlns:bqbiol="http://biomodels.net/biology-qualifiers/">
            <rdf:Description rdf:about="#metaid_0000052">
	<bqbiol:hasPart>
	<rdf:Bag>
	<rdf:li rdf:resource="http://identifiers.org/uniprot/Q60680"/>
	<rdf:li rdf:resource="http://identifiers.org/uniprot/O88351"/>
	<rdf:li rdf:resource="http://identifiers.org/uniprot/O88522"/>
	<rdf:li rdf:resource="http://identifiers.org/uniprot/Q60778"/>
	<rdf:li rdf:resource="http://identifiers.org/uniprot/P25799"/>
	</rdf:Bag>
	</bqbiol:hasPart>
	</rdf:Description>
	
          </rdf:RDF>
        </annotation>
            </species>
      <species compartment="cytoplasm" id="IKK_IkBeps" initialConcentration="0" metaid="metaid_0000053">
        <annotation>
          <rdf:RDF xmlns:rdf="http://www.w3.org/1999/02/22-rdf-syntax-ns#" xmlns:bqmodel="http://biomodels.net/model-qualifiers/" xmlns:bqbiol="http://biomodels.net/biology-qualifiers/">
            <rdf:Description rdf:about="#metaid_0000053">
	<bqbiol:hasPart>
	<rdf:Bag>
	<rdf:li rdf:resource="http://identifiers.org/uniprot/O88351"/>
	<rdf:li rdf:resource="http://identifiers.org/uniprot/O88522"/>
	<rdf:li rdf:resource="http://identifiers.org/uniprot/Q60680"/>
	<rdf:li rdf:resource="http://identifiers.org/uniprot/O54910"/>
	</rdf:Bag>
	</bqbiol:hasPart>
	</rdf:Description>
	
          </rdf:RDF>
        </annotation>
            </species>
      <species compartment="cytoplasm" id="IKK_IkBeps_NFkB" initialConcentration="0" metaid="metaid_0000054">
        <annotation>
          <rdf:RDF xmlns:rdf="http://www.w3.org/1999/02/22-rdf-syntax-ns#" xmlns:bqmodel="http://biomodels.net/model-qualifiers/" xmlns:bqbiol="http://biomodels.net/biology-qualifiers/">
            <rdf:Description rdf:about="#metaid_0000054">
	<bqbiol:hasPart>
	<rdf:Bag>
	<rdf:li rdf:resource="http://identifiers.org/uniprot/O54910"/>
	<rdf:li rdf:resource="http://identifiers.org/uniprot/O88351"/>
	<rdf:li rdf:resource="http://identifiers.org/uniprot/O88522"/>
	<rdf:li rdf:resource="http://identifiers.org/uniprot/Q60680"/>
	<rdf:li rdf:resource="http://identifiers.org/uniprot/P25799"/>
	</rdf:Bag>
	</bqbiol:hasPart>
	</rdf:Description>
	
          </rdf:RDF>
        </annotation>
            </species>
      <species compartment="nucleus" id="NFkB_nuc" initialConcentration="0.001" metaid="metaid_0000055">
        <annotation>
          <rdf:RDF xmlns:rdf="http://www.w3.org/1999/02/22-rdf-syntax-ns#" xmlns:bqmodel="http://biomodels.net/model-qualifiers/" xmlns:bqbiol="http://biomodels.net/biology-qualifiers/">
            <rdf:Description rdf:about="#metaid_0000055">
	<bqbiol:isVersionOf>
	<rdf:Bag>
	<rdf:li rdf:resource="http://identifiers.org/uniprot/P25799"/>
	</rdf:Bag>
	</bqbiol:isVersionOf>
	</rdf:Description>
	
          </rdf:RDF>
        </annotation>
            </species>
      <species compartment="nucleus" id="IkBalpha_nuc" initialConcentration="0" metaid="metaid_0000056">
        <annotation>
          <rdf:RDF xmlns:rdf="http://www.w3.org/1999/02/22-rdf-syntax-ns#" xmlns:bqmodel="http://biomodels.net/model-qualifiers/" xmlns:bqbiol="http://biomodels.net/biology-qualifiers/">
            <rdf:Description rdf:about="#metaid_0000056">
	<bqbiol:isVersionOf>
	<rdf:Bag>
	<rdf:li rdf:resource="http://identifiers.org/uniprot/Q9Z1E3"/>
	</rdf:Bag>
	</bqbiol:isVersionOf>
	</rdf:Description>
	
          </rdf:RDF>
        </annotation>
            </species>
      <species compartment="nucleus" id="IkBalpha_nuc_NFkB_nuc" initialConcentration="0" metaid="metaid_0000057">
        <annotation>
          <rdf:RDF xmlns:rdf="http://www.w3.org/1999/02/22-rdf-syntax-ns#" xmlns:bqmodel="http://biomodels.net/model-qualifiers/" xmlns:bqbiol="http://biomodels.net/biology-qualifiers/">
            <rdf:Description rdf:about="#metaid_0000057">
	<bqbiol:hasPart>
	<rdf:Bag>
	<rdf:li rdf:resource="http://identifiers.org/uniprot/Q9Z1E3"/>
	<rdf:li rdf:resource="http://identifiers.org/uniprot/P25799"/>
	</rdf:Bag>
	</bqbiol:hasPart>
	</rdf:Description>
	
          </rdf:RDF>
        </annotation>
            </species>
      <species compartment="nucleus" id="IkBbeta_nuc" initialConcentration="0" metaid="metaid_0000058">
        <annotation>
          <rdf:RDF xmlns:rdf="http://www.w3.org/1999/02/22-rdf-syntax-ns#" xmlns:bqmodel="http://biomodels.net/model-qualifiers/" xmlns:bqbiol="http://biomodels.net/biology-qualifiers/">
            <rdf:Description rdf:about="#metaid_0000058">
	<bqbiol:isVersionOf>
	<rdf:Bag>
	<rdf:li rdf:resource="http://identifiers.org/uniprot/Q60778"/>
	</rdf:Bag>
	</bqbiol:isVersionOf>
	</rdf:Description>
	
          </rdf:RDF>
        </annotation>
            </species>
      <species compartment="nucleus" id="IkBbeta_nuc_NFkB_nuc" initialConcentration="0" metaid="metaid_0000059">
        <annotation>
          <rdf:RDF xmlns:rdf="http://www.w3.org/1999/02/22-rdf-syntax-ns#" xmlns:bqmodel="http://biomodels.net/model-qualifiers/" xmlns:bqbiol="http://biomodels.net/biology-qualifiers/">
            <rdf:Description rdf:about="#metaid_0000059">
	<bqbiol:hasPart>
	<rdf:Bag>
	<rdf:li rdf:resource="http://identifiers.org/uniprot/Q60778"/>
	<rdf:li rdf:resource="http://identifiers.org/uniprot/P25799"/>
	</rdf:Bag>
	</bqbiol:hasPart>
	</rdf:Description>
	
          </rdf:RDF>
        </annotation>
            </species>
      <species compartment="nucleus" id="IkBeps_nuc" initialConcentration="0" metaid="metaid_0000060">
        <annotation>
          <rdf:RDF xmlns:rdf="http://www.w3.org/1999/02/22-rdf-syntax-ns#" xmlns:bqmodel="http://biomodels.net/model-qualifiers/" xmlns:bqbiol="http://biomodels.net/biology-qualifiers/">
            <rdf:Description rdf:about="#metaid_0000060">
	<bqbiol:isVersionOf>
	<rdf:Bag>
	<rdf:li rdf:resource="http://identifiers.org/uniprot/O54910"/>
	</rdf:Bag>
	</bqbiol:isVersionOf>
	</rdf:Description>
	
          </rdf:RDF>
        </annotation>
            </species>
      <species compartment="nucleus" id="IkBalpha_transcript" initialConcentration="0" metaid="metaid_0000062"/>
      <species compartment="nucleus" id="IkBbeta_transcript" initialConcentration="0" metaid="metaid_0000063"/>
      <species compartment="nucleus" id="IkBeps_transcript" initialConcentration="0" metaid="metaid_0000064"/>
      <species compartment="nucleus" id="IkBeps_nuc_NFkB_nuc" initialConcentration="0" metaid="metaid_0000065">
        <annotation>
          <rdf:RDF xmlns:rdf="http://www.w3.org/1999/02/22-rdf-syntax-ns#" xmlns:bqmodel="http://biomodels.net/model-qualifiers/" xmlns:bqbiol="http://biomodels.net/biology-qualifiers/">
            <rdf:Description rdf:about="#metaid_0000065">
	<bqbiol:hasPart>
	<rdf:Bag>
	<rdf:li rdf:resource="http://identifiers.org/uniprot/O54910"/>
	<rdf:li rdf:resource="http://identifiers.org/uniprot/P25799"/>
	</rdf:Bag>
	</bqbiol:hasPart>
	</rdf:Description>
	
          </rdf:RDF>
        </annotation>
            </species>
    </listOfSpecies>
    <listOfParameters>
      <parameter id="a4" metaid="metaid_0000003" value="30"/>
      <parameter id="d4" metaid="metaid_0000004" value="0.03"/>
      <parameter id="a5" metaid="metaid_0000005" value="30"/>
      <parameter id="d5" metaid="metaid_0000006" value="0.03"/>
      <parameter id="a6" metaid="metaid_0000007" value="30"/>
      <parameter id="d6" metaid="metaid_0000008" value="0.03"/>
      <parameter id="r4" metaid="metaid_0000009" value="1.224"/>
      <parameter id="r5" metaid="metaid_0000010" value="0.45"/>
      <parameter id="r6" metaid="metaid_0000011" value="0.66"/>
      <parameter id="deg4" metaid="metaid_0000012" value="0.00135"/>
      <parameter id="k1" metaid="metaid_0000013" value="5.4"/>
      <parameter id="k01" metaid="metaid_0000014" value="0.0048"/>
      <parameter id="tr2a" metaid="metaid_0000015" value="9.25E-5"/>
      <parameter id="tr2" metaid="metaid_0000016" value="0.99"/>
      <parameter id="tr3" metaid="metaid_0000017" value="0.0168"/>
      <parameter id="tr2b" metaid="metaid_0000018" value="1.068E-5"/>
      <parameter id="tr2e" metaid="metaid_0000019" value="7.62E-6"/>
      <parameter id="a1" metaid="metaid_0000020" value="1.35"/>
      <parameter id="d1" metaid="metaid_0000021" value="0.075"/>
      <parameter id="tr1" metaid="metaid_0000022" value="0.2448"/>
      <parameter id="deg1" metaid="metaid_0000023" value="0.00678"/>
      <parameter id="tp1" metaid="metaid_0000024" value="0.018"/>
      <parameter id="tp2" metaid="metaid_0000025" value="0.012"/>
      <parameter id="a2" metaid="metaid_0000026" value="0.36"/>
      <parameter id="d2" metaid="metaid_0000027" value="0.105"/>
      <parameter id="a3" metaid="metaid_0000028" value="0.54"/>
      <parameter id="d3" metaid="metaid_0000029" value="0.105"/>
      <parameter id="a7" metaid="metaid_0000030" value="11.1"/>
      <parameter id="k2" metaid="metaid_0000031" value="0.828"/>
      <parameter id="a8" metaid="metaid_0000032" value="2.88"/>
      <parameter id="k2_beta" metaid="metaid_0000033" value="0.624"/>
      <parameter id="a9" metaid="metaid_0000034" value="4.2"/>
      <parameter id="k2_eps" metaid="metaid_0000035" value="0.624"/>
      <parameter id="r1" metaid="metaid_0000036" value="0.2442"/>
      <parameter id="r2" metaid="metaid_0000037" value="0.09"/>
      <parameter id="r3" metaid="metaid_0000038" value="0.132"/>
      <parameter id="k02" metaid="metaid_0000039" value="0.0072"/>
      <parameter constant="false" id="trigger_value" metaid="metaid_0000131" value="0"/>
      <parameter constant="false" id="fr" metaid="metaid_0000132" value="1"/>
      <parameter constant="false" id="fr_after_trigger" metaid="metaid_0000143" value="0.5"/>
      <parameter constant="false" id="Total_IkBbeta" metaid="metaid_0000135"/>
      <parameter constant="false" id="Total_IkBeps" metaid="metaid_0000136"/>
      <parameter constant="false" id="Total_IkBalpha" metaid="metaid_0000139"/>
      <parameter constant="false" id="Total_NFkBn" metaid="metaid_0000141"/>
      <parameter constant="false" id="flag_for_after_trigger" metaid="metaid_0000144" value="0.5"/>
    </listOfParameters>
    <listOfRules>
      <assignmentRule metaid="metaid_0000137" variable="Total_IkBbeta">
        <math xmlns="http://www.w3.org/1998/Math/MathML">        
          <apply>
            <plus/>
            <ci> IkBbeta </ci>
            <ci> IkBbeta_NFkB </ci>
            <ci> IKK_IkBbeta </ci>
            <ci> IKK_IkBbeta_NFkB </ci>
          </apply>
        </math>
            </assignmentRule>
      <assignmentRule metaid="metaid_0000138" variable="Total_IkBeps">
        <math xmlns="http://www.w3.org/1998/Math/MathML">        
          <apply>
            <plus/>
            <ci> IkBeps </ci>
            <ci> IkBeps_NFkB </ci>
            <ci> IKK_IkBeps </ci>
            <ci> IKK_IkBeps_NFkB </ci>
          </apply>
        </math>
            </assignmentRule>
      <assignmentRule metaid="metaid_0000140" variable="Total_IkBalpha">
        <math xmlns="http://www.w3.org/1998/Math/MathML">        
          <apply>
            <plus/>
            <ci> IkBalpha </ci>
            <ci> IkBalpha_NFkB </ci>
            <ci> IKK_IkBalpha </ci>
            <ci> IKK_IkBalpha_NFkB </ci>
          </apply>
        </math>
            </assignmentRule>
      <assignmentRule metaid="metaid_0000142" variable="Total_NFkBn">
        <math xmlns="http://www.w3.org/1998/Math/MathML">        
          <apply>
            <plus/>
            <ci> IkBbeta_nuc_NFkB_nuc </ci>
            <ci> NFkB_nuc </ci>
          </apply>
        </math>
            </assignmentRule>
      <rateRule metaid="metaid_0000146" variable="fr_after_trigger">
        <math xmlns="http://www.w3.org/1998/Math/MathML">        
          <apply>
            <times/>
            <ci> trigger_value </ci>
            <apply>
              <divide/>
              <cn> -0.5 </cn>
              <apply>
                <power/>
                <apply>
                  <plus/>
                  <cn type="integer"> 1 </cn>
                  <apply>
                    <minus/>
                    <csymbol encoding="text" definitionURL="http://www.sbml.org/sbml/symbols/time"> t </csymbol>
                    <cn type="integer"> 2000 </cn>
                  </apply>
                </apply>
                <cn type="integer"> 2 </cn>
              </apply>
            </apply>
          </apply>
        </math>
            </rateRule>
    </listOfRules>
    <listOfReactions>
      <reaction id="v1" metaid="metaid_0000066" name="NFkB-IkBalpha complex formation">
        <annotation>
          <rdf:RDF xmlns:rdf="http://www.w3.org/1999/02/22-rdf-syntax-ns#" xmlns:bqmodel="http://biomodels.net/model-qualifiers/" xmlns:bqbiol="http://biomodels.net/biology-qualifiers/">
            <rdf:Description rdf:about="#metaid_0000066">
	<bqbiol:isVersionOf>
	<rdf:Bag>
	<rdf:li rdf:resource="http://identifiers.org/obo.go/GO:0005515"/>
	</rdf:Bag>
	</bqbiol:isVersionOf>
	</rdf:Description>
	
          </rdf:RDF>
        </annotation>
              <listOfReactants>
          <speciesReference metaid="_207449" species="NFkB"/>
          <speciesReference metaid="_207461" species="IkBalpha"/>
        </listOfReactants>
        <listOfProducts>
          <speciesReference metaid="_207473" species="IkBalpha_NFkB"/>
        </listOfProducts>
        <kineticLaw metaid="_207485">
          <math xmlns="http://www.w3.org/1998/Math/MathML">          
            <apply>
              <times/>
              <ci> cytoplasm </ci>
              <apply>
                <minus/>
                <apply>
                  <times/>
                  <ci> a4 </ci>
                  <ci> IkBalpha </ci>
                  <ci> NFkB </ci>
                </apply>
                <apply>
                  <times/>
                  <ci> d4 </ci>
                  <ci> IkBalpha_NFkB </ci>
                </apply>
              </apply>
            </apply>
          </math>
                </kineticLaw>
      </reaction>
      <reaction id="v2" metaid="metaid_0000068" name="NFkB-IkBbeta complex formation">
        <annotation>
          <rdf:RDF xmlns:rdf="http://www.w3.org/1999/02/22-rdf-syntax-ns#" xmlns:bqmodel="http://biomodels.net/model-qualifiers/" xmlns:bqbiol="http://biomodels.net/biology-qualifiers/">
            <rdf:Description rdf:about="#metaid_0000068">
	<bqbiol:isVersionOf>
	<rdf:Bag>
	<rdf:li rdf:resource="http://identifiers.org/obo.go/GO:0005515"/>
	</rdf:Bag>
	</bqbiol:isVersionOf>
	</rdf:Description>
	
          </rdf:RDF>
        </annotation>
              <listOfReactants>
          <speciesReference metaid="_207498" species="NFkB"/>
          <speciesReference metaid="_207510" species="IkBbeta"/>
        </listOfReactants>
        <listOfProducts>
          <speciesReference metaid="_207522" species="IkBbeta_NFkB"/>
        </listOfProducts>
        <kineticLaw metaid="_207535">
          <math xmlns="http://www.w3.org/1998/Math/MathML">          
            <apply>
              <times/>
              <ci> cytoplasm </ci>
              <apply>
                <minus/>
                <apply>
                  <times/>
                  <ci> a5 </ci>
                  <ci> IkBbeta </ci>
                  <ci> NFkB </ci>
                </apply>
                <apply>
                  <times/>
                  <ci> d5 </ci>
                  <ci> IkBbeta_NFkB </ci>
                </apply>
              </apply>
            </apply>
          </math>
                </kineticLaw>
      </reaction>
      <reaction id="v3" metaid="metaid_0000070" name="NFkB-IkBeps complex formation">
        <annotation>
          <rdf:RDF xmlns:rdf="http://www.w3.org/1999/02/22-rdf-syntax-ns#" xmlns:bqmodel="http://biomodels.net/model-qualifiers/" xmlns:bqbiol="http://biomodels.net/biology-qualifiers/">
            <rdf:Description rdf:about="#metaid_0000070">
	<bqbiol:isVersionOf>
	<rdf:Bag>
	<rdf:li rdf:resource="http://identifiers.org/obo.go/GO:0005515"/>
	</rdf:Bag>
	</bqbiol:isVersionOf>
	</rdf:Description>
	
          </rdf:RDF>
        </annotation>
              <listOfReactants>
          <speciesReference metaid="_207547" species="NFkB"/>
          <speciesReference metaid="_207559" species="IkBeps"/>
        </listOfReactants>
        <listOfProducts>
          <speciesReference metaid="_207571" species="IkBeps_NFkB"/>
        </listOfProducts>
        <kineticLaw metaid="_207583">
          <math xmlns="http://www.w3.org/1998/Math/MathML">          
            <apply>
              <times/>
              <ci> cytoplasm </ci>
              <apply>
                <minus/>
                <apply>
                  <times/>
                  <ci> a6 </ci>
                  <ci> IkBeps </ci>
                  <ci> NFkB </ci>
                </apply>
                <apply>
                  <times/>
                  <ci> d6 </ci>
                  <ci> IkBeps_NFkB </ci>
                </apply>
              </apply>
            </apply>
          </math>
                </kineticLaw>
      </reaction>
      <reaction id="v4" metaid="metaid_0000072" name="NFkB-binary IKK IkBalpha complex formation">
        <annotation>
          <rdf:RDF xmlns:rdf="http://www.w3.org/1999/02/22-rdf-syntax-ns#" xmlns:bqmodel="http://biomodels.net/model-qualifiers/" xmlns:bqbiol="http://biomodels.net/biology-qualifiers/">
            <rdf:Description rdf:about="#metaid_0000072">
	<bqbiol:isVersionOf>
	<rdf:Bag>
	<rdf:li rdf:resource="http://identifiers.org/obo.go/GO:0043623"/>
	<rdf:li rdf:resource="http://identifiers.org/obo.go/GO:0005515"/>
	</rdf:Bag>
	</bqbiol:isVersionOf>
	</rdf:Description>
	
          </rdf:RDF>
        </annotation>
              <listOfReactants>
          <speciesReference metaid="_207595" species="NFkB"/>
          <speciesReference metaid="_207607" species="IKK_IkBalpha"/>
        </listOfReactants>
        <listOfProducts>
          <speciesReference metaid="_207619" species="IKK_IkBalpha_NFkB"/>
        </listOfProducts>
        <kineticLaw metaid="_207631">
          <math xmlns="http://www.w3.org/1998/Math/MathML">          
            <apply>
              <times/>
              <ci> cytoplasm </ci>
              <apply>
                <minus/>
                <apply>
                  <times/>
                  <ci> a4 </ci>
                  <ci> IKK_IkBalpha </ci>
                  <ci> NFkB </ci>
                </apply>
                <apply>
                  <times/>
                  <ci> d4 </ci>
                  <ci> IKK_IkBalpha_NFkB </ci>
                </apply>
              </apply>
            </apply>
          </math>
                </kineticLaw>
      </reaction>
      <reaction id="v5" metaid="metaid_0000074" name="IkBalpha degradation" reversible="false">
        <annotation>
          <rdf:RDF xmlns:rdf="http://www.w3.org/1999/02/22-rdf-syntax-ns#" xmlns:bqmodel="http://biomodels.net/model-qualifiers/" xmlns:bqbiol="http://biomodels.net/biology-qualifiers/">
            <rdf:Description rdf:about="#metaid_0000074">
              <bqbiol:isVersionOf>
	<rdf:Bag>
	<rdf:li rdf:resource="http://identifiers.org/obo.go/GO:0044257"/>
	</rdf:Bag>
	</bqbiol:isVersionOf>
	
	<bqbiol:hasPart>
	<rdf:Bag>
	<rdf:li rdf:resource="http://identifiers.org/ec-code/2.7.11.10"/>
	</rdf:Bag>
	</bqbiol:hasPart>
	</rdf:Description>
	
          </rdf:RDF>
        </annotation>
              <listOfReactants>
          <speciesReference metaid="_207643" species="IKK_IkBalpha_NFkB"/>
        </listOfReactants>
        <listOfProducts>
          <speciesReference metaid="_207655" species="NFkB"/>
          <speciesReference metaid="_207667" species="IKK"/>
        </listOfProducts>
        <kineticLaw metaid="_207679">
          <math xmlns="http://www.w3.org/1998/Math/MathML">          
            <apply>
              <times/>
              <ci> cytoplasm </ci>
              <ci> r4 </ci>
              <ci> IKK_IkBalpha_NFkB </ci>
            </apply>
          </math>
                </kineticLaw>
      </reaction>
      <reaction id="v6" metaid="metaid_0000075" name="NFkB binary IKK IkBbeta complex formation">
        <annotation>
          <rdf:RDF xmlns:rdf="http://www.w3.org/1999/02/22-rdf-syntax-ns#" xmlns:bqmodel="http://biomodels.net/model-qualifiers/" xmlns:bqbiol="http://biomodels.net/biology-qualifiers/">
            <rdf:Description rdf:about="#metaid_0000075">
	<bqbiol:isVersionOf>
	<rdf:Bag>
	<rdf:li rdf:resource="http://identifiers.org/obo.go/GO:0043623"/>
	<rdf:li rdf:resource="http://identifiers.org/obo.go/GO:0005515"/>
	</rdf:Bag>
	</bqbiol:isVersionOf>
	</rdf:Description>
	
          </rdf:RDF>
        </annotation>
              <listOfReactants>
          <speciesReference metaid="_207692" species="NFkB"/>
          <speciesReference metaid="_207704" species="IKK_IkBbeta"/>
        </listOfReactants>
        <listOfProducts>
          <speciesReference metaid="_207716" species="IKK_IkBbeta_NFkB"/>
        </listOfProducts>
        <kineticLaw metaid="_207728">
          <math xmlns="http://www.w3.org/1998/Math/MathML">          
            <apply>
              <times/>
              <ci> cytoplasm </ci>
              <apply>
                <minus/>
                <apply>
                  <times/>
                  <ci> a5 </ci>
                  <ci> IKK_IkBbeta </ci>
                  <ci> NFkB </ci>
                </apply>
                <apply>
                  <times/>
                  <ci> d5 </ci>
                  <ci> IKK_IkBbeta_NFkB </ci>
                </apply>
              </apply>
            </apply>
          </math>
                </kineticLaw>
      </reaction>
      <reaction id="v7" metaid="metaid_0000077" name="IkBbeta degradation" reversible="false">
        <annotation>
          <rdf:RDF xmlns:rdf="http://www.w3.org/1999/02/22-rdf-syntax-ns#" xmlns:bqmodel="http://biomodels.net/model-qualifiers/" xmlns:bqbiol="http://biomodels.net/biology-qualifiers/">
            <rdf:Description rdf:about="#metaid_0000077">
              <bqbiol:isVersionOf>
	<rdf:Bag>
	<rdf:li rdf:resource="http://identifiers.org/obo.go/GO:0044257"/>
	</rdf:Bag>
	</bqbiol:isVersionOf>
	
	<bqbiol:hasPart>
	<rdf:Bag>
	<rdf:li rdf:resource="http://identifiers.org/ec-code/2.7.11.10"/>
	</rdf:Bag>
	</bqbiol:hasPart>
	</rdf:Description>
	
          </rdf:RDF>
        </annotation>
              <listOfReactants>
          <speciesReference metaid="_207740" species="IKK_IkBbeta_NFkB"/>
        </listOfReactants>
        <listOfProducts>
          <speciesReference metaid="_207752" species="NFkB"/>
          <speciesReference metaid="_207764" species="IKK"/>
        </listOfProducts>
        <kineticLaw metaid="_207776">
          <math xmlns="http://www.w3.org/1998/Math/MathML">          
            <apply>
              <times/>
              <ci> cytoplasm </ci>
              <ci> r5 </ci>
              <ci> IKK_IkBbeta_NFkB </ci>
            </apply>
          </math>
                </kineticLaw>
      </reaction>
      <reaction id="v8" metaid="metaid_0000078" name="NFkB binary IKK IkBeps complex formation">
        <annotation>
          <rdf:RDF xmlns:rdf="http://www.w3.org/1999/02/22-rdf-syntax-ns#" xmlns:bqmodel="http://biomodels.net/model-qualifiers/" xmlns:bqbiol="http://biomodels.net/biology-qualifiers/">
            <rdf:Description rdf:about="#metaid_0000078">
	<bqbiol:isVersionOf>
	<rdf:Bag>
	<rdf:li rdf:resource="http://identifiers.org/obo.go/GO:0043623"/>
	<rdf:li rdf:resource="http://identifiers.org/obo.go/GO:0005515"/>
	</rdf:Bag>
	</bqbiol:isVersionOf>
	</rdf:Description>
	
          </rdf:RDF>
        </annotation>
              <listOfReactants>
          <speciesReference metaid="_207789" species="NFkB"/>
          <speciesReference metaid="_207801" species="IKK_IkBeps"/>
        </listOfReactants>
        <listOfProducts>
          <speciesReference metaid="_207814" species="IKK_IkBeps_NFkB"/>
        </listOfProducts>
        <kineticLaw metaid="_207826">
          <math xmlns="http://www.w3.org/1998/Math/MathML">          
            <apply>
              <times/>
              <ci> cytoplasm </ci>
              <apply>
                <minus/>
                <apply>
                  <times/>
                  <ci> a6 </ci>
                  <ci> IKK_IkBeps </ci>
                  <ci> NFkB </ci>
                </apply>
                <apply>
                  <times/>
                  <ci> d6 </ci>
                  <ci> IKK_IkBeps_NFkB </ci>
                </apply>
              </apply>
            </apply>
          </math>
                </kineticLaw>
      </reaction>
      <reaction id="v9" metaid="metaid_0000080" name="IkBeps degradation" reversible="false">
        <annotation>
          <rdf:RDF xmlns:rdf="http://www.w3.org/1999/02/22-rdf-syntax-ns#" xmlns:bqmodel="http://biomodels.net/model-qualifiers/" xmlns:bqbiol="http://biomodels.net/biology-qualifiers/">
            <rdf:Description rdf:about="#metaid_0000080">
              <bqbiol:isVersionOf>
	<rdf:Bag>
	<rdf:li rdf:resource="http://identifiers.org/obo.go/GO:0044257"/>
	</rdf:Bag>
	</bqbiol:isVersionOf>
	
	<bqbiol:hasPart>
	<rdf:Bag>
	<rdf:li rdf:resource="http://identifiers.org/ec-code/2.7.11.10"/>
	</rdf:Bag>
	</bqbiol:hasPart>
	</rdf:Description>
	
          </rdf:RDF>
        </annotation>
              <listOfReactants>
          <speciesReference metaid="_207838" species="IKK_IkBeps_NFkB"/>
        </listOfReactants>
        <listOfProducts>
          <speciesReference metaid="_207850" species="NFkB"/>
          <speciesReference metaid="_207862" species="IKK"/>
        </listOfProducts>
        <kineticLaw metaid="_207875">
          <math xmlns="http://www.w3.org/1998/Math/MathML">          
            <apply>
              <times/>
              <ci> cytoplasm </ci>
              <ci> r6 </ci>
              <ci> IKK_IkBeps_NFkB </ci>
            </apply>
          </math>
                </kineticLaw>
      </reaction>
      <reaction id="v10" metaid="metaid_0000081" name="IkBalpha degradation" reversible="false">
        <annotation>
          <rdf:RDF xmlns:rdf="http://www.w3.org/1999/02/22-rdf-syntax-ns#" xmlns:bqmodel="http://biomodels.net/model-qualifiers/" xmlns:bqbiol="http://biomodels.net/biology-qualifiers/">
            <rdf:Description rdf:about="#metaid_0000081">
	<bqbiol:isVersionOf>
	<rdf:Bag>
	<rdf:li rdf:resource="http://identifiers.org/obo.go/GO:0044257"/>
	</rdf:Bag>
	</bqbiol:isVersionOf>
	</rdf:Description>
	
          </rdf:RDF>
        </annotation>
              <listOfReactants>
          <speciesReference metaid="_207888" species="IkBalpha_NFkB"/>
        </listOfReactants>
        <listOfProducts>
          <speciesReference metaid="_207901" species="NFkB"/>
        </listOfProducts>
        <kineticLaw metaid="_207914">
          <math xmlns="http://www.w3.org/1998/Math/MathML">          
            <apply>
              <times/>
              <ci> cytoplasm </ci>
              <ci> deg4 </ci>
              <ci> IkBalpha_NFkB </ci>
            </apply>
          </math>
                </kineticLaw>
      </reaction>
      <reaction id="v11" metaid="metaid_0000082" name="IkBbeta degradation" reversible="false">
        <annotation>
          <rdf:RDF xmlns:rdf="http://www.w3.org/1999/02/22-rdf-syntax-ns#" xmlns:bqmodel="http://biomodels.net/model-qualifiers/" xmlns:bqbiol="http://biomodels.net/biology-qualifiers/">
            <rdf:Description rdf:about="#metaid_0000082">
	<bqbiol:isVersionOf>
	<rdf:Bag>
	<rdf:li rdf:resource="http://identifiers.org/obo.go/GO:0044257"/>
	</rdf:Bag>
	</bqbiol:isVersionOf>
	</rdf:Description>
	
          </rdf:RDF>
        </annotation>
              <listOfReactants>
          <speciesReference metaid="_207926" species="IkBbeta_NFkB"/>
        </listOfReactants>
        <listOfProducts>
          <speciesReference metaid="_207939" species="NFkB"/>
        </listOfProducts>
        <kineticLaw metaid="_207952">
          <math xmlns="http://www.w3.org/1998/Math/MathML">          
            <apply>
              <times/>
              <ci> cytoplasm </ci>
              <ci> deg4 </ci>
              <ci> IkBbeta_NFkB </ci>
            </apply>
          </math>
                </kineticLaw>
      </reaction>
      <reaction id="v12" metaid="metaid_0000083" name="IkBeps degradation" reversible="false">
        <annotation>
          <rdf:RDF xmlns:rdf="http://www.w3.org/1999/02/22-rdf-syntax-ns#" xmlns:bqmodel="http://biomodels.net/model-qualifiers/" xmlns:bqbiol="http://biomodels.net/biology-qualifiers/">
            <rdf:Description rdf:about="#metaid_0000083">
	<bqbiol:isVersionOf>
	<rdf:Bag>
	<rdf:li rdf:resource="http://identifiers.org/obo.go/GO:0044257"/>
	</rdf:Bag>
	</bqbiol:isVersionOf>
	</rdf:Description>
	
          </rdf:RDF>
        </annotation>
              <listOfReactants>
          <speciesReference metaid="_207964" species="IkBeps_NFkB"/>
        </listOfReactants>
        <listOfProducts>
          <speciesReference metaid="_207977" species="NFkB"/>
        </listOfProducts>
        <kineticLaw metaid="_207989">
          <math xmlns="http://www.w3.org/1998/Math/MathML">          
            <apply>
              <times/>
              <ci> cytoplasm </ci>
              <ci> deg4 </ci>
              <ci> IkBeps_NFkB </ci>
            </apply>
          </math>
                </kineticLaw>
      </reaction>
      <reaction id="v13" metaid="metaid_0000084" name="NFkB translocation">
        <annotation>
          <rdf:RDF xmlns:rdf="http://www.w3.org/1999/02/22-rdf-syntax-ns#" xmlns:bqmodel="http://biomodels.net/model-qualifiers/" xmlns:bqbiol="http://biomodels.net/biology-qualifiers/">
            <rdf:Description rdf:about="#metaid_0000084">
	<bqbiol:isVersionOf>
	<rdf:Bag>
	<rdf:li rdf:resource="http://identifiers.org/obo.go/GO:0000060"/>
	</rdf:Bag>
	</bqbiol:isVersionOf>
	</rdf:Description>
	
          </rdf:RDF>
        </annotation>
              <listOfReactants>
          <speciesReference metaid="_208001" species="NFkB"/>
        </listOfReactants>
        <listOfProducts>
          <speciesReference metaid="_208014" species="NFkB_nuc"/>
        </listOfProducts>
        <kineticLaw metaid="_208027">
          <math xmlns="http://www.w3.org/1998/Math/MathML">          
            <apply>
              <minus/>
              <apply>
                <times/>
                <ci> cytoplasm </ci>
                <ci> k1 </ci>
                <ci> NFkB </ci>
              </apply>
              <apply>
                <times/>
                <ci> nucleus </ci>
                <ci> k01 </ci>
                <ci> NFkB_nuc </ci>
              </apply>
            </apply>
          </math>
                </kineticLaw>
      </reaction>
      <reaction id="v14" metaid="metaid_0000086" name="NFkB-IkBalpha complex formation">
        <annotation>
          <rdf:RDF xmlns:rdf="http://www.w3.org/1999/02/22-rdf-syntax-ns#" xmlns:bqmodel="http://biomodels.net/model-qualifiers/" xmlns:bqbiol="http://biomodels.net/biology-qualifiers/">
            <rdf:Description rdf:about="#metaid_0000086">
	<bqbiol:isVersionOf>
	<rdf:Bag>
	<rdf:li rdf:resource="http://identifiers.org/obo.go/GO:0043623"/>
	<rdf:li rdf:resource="http://identifiers.org/obo.go/GO:0005515"/>
	</rdf:Bag>
	</bqbiol:isVersionOf>
	</rdf:Description>
	
          </rdf:RDF>
        </annotation>
              <listOfReactants>
          <speciesReference metaid="_208040" species="NFkB_nuc"/>
          <speciesReference metaid="_208052" species="IkBalpha_nuc"/>
        </listOfReactants>
        <listOfProducts>
          <speciesReference metaid="_208065" species="IkBalpha_nuc_NFkB_nuc"/>
        </listOfProducts>
        <kineticLaw metaid="_208077">
          <math xmlns="http://www.w3.org/1998/Math/MathML">          
            <apply>
              <times/>
              <ci> nucleus </ci>
              <apply>
                <minus/>
                <apply>
                  <times/>
                  <ci> a4 </ci>
                  <ci> IkBalpha_nuc </ci>
                  <ci> NFkB_nuc </ci>
                </apply>
                <apply>
                  <times/>
                  <ci> d4 </ci>
                  <ci> IkBalpha_nuc_NFkB_nuc </ci>
                </apply>
              </apply>
            </apply>
          </math>
                </kineticLaw>
      </reaction>
      <reaction id="v15" metaid="metaid_0000088" name="NFkB-IkBbeta complex formation">
        <annotation>
          <rdf:RDF xmlns:rdf="http://www.w3.org/1999/02/22-rdf-syntax-ns#" xmlns:bqmodel="http://biomodels.net/model-qualifiers/" xmlns:bqbiol="http://biomodels.net/biology-qualifiers/">
            <rdf:Description rdf:about="#metaid_0000088">
	<bqbiol:isVersionOf>
	<rdf:Bag>
	<rdf:li rdf:resource="http://identifiers.org/obo.go/GO:0043623"/>
	<rdf:li rdf:resource="http://identifiers.org/obo.go/GO:0005515"/>
	</rdf:Bag>
	</bqbiol:isVersionOf>
	</rdf:Description>
	
          </rdf:RDF>
        </annotation>
              <listOfReactants>
          <speciesReference metaid="_208090" species="NFkB_nuc"/>
          <speciesReference metaid="_208103" species="IkBbeta_nuc"/>
        </listOfReactants>
        <listOfProducts>
          <speciesReference metaid="_208116" species="IkBbeta_nuc_NFkB_nuc"/>
        </listOfProducts>
        <kineticLaw metaid="_208129">
          <math xmlns="http://www.w3.org/1998/Math/MathML">          
            <apply>
              <times/>
              <ci> nucleus </ci>
              <apply>
                <minus/>
                <apply>
                  <times/>
                  <ci> a5 </ci>
                  <ci> IkBbeta_nuc </ci>
                  <ci> NFkB_nuc </ci>
                </apply>
                <apply>
                  <times/>
                  <ci> d5 </ci>
                  <ci> IkBbeta_nuc_NFkB_nuc </ci>
                </apply>
              </apply>
            </apply>
          </math>
                </kineticLaw>
      </reaction>
      <reaction id="v16" metaid="metaid_0000090" name="NFkB-IkBeps complex formation">
        <annotation>
          <rdf:RDF xmlns:rdf="http://www.w3.org/1999/02/22-rdf-syntax-ns#" xmlns:bqmodel="http://biomodels.net/model-qualifiers/" xmlns:bqbiol="http://biomodels.net/biology-qualifiers/">
            <rdf:Description rdf:about="#metaid_0000090">
	<bqbiol:isVersionOf>
	<rdf:Bag>
	<rdf:li rdf:resource="http://identifiers.org/obo.go/GO:0043623"/>
	<rdf:li rdf:resource="http://identifiers.org/obo.go/GO:0005515"/>
	</rdf:Bag>
	</bqbiol:isVersionOf>
	</rdf:Description>
	
          </rdf:RDF>
        </annotation>
              <listOfReactants>
          <speciesReference metaid="_208142" species="NFkB_nuc"/>
          <speciesReference metaid="_208155" species="IkBeps_nuc"/>
        </listOfReactants>
        <listOfProducts>
          <speciesReference metaid="_208168" species="IkBeps_nuc_NFkB_nuc"/>
        </listOfProducts>
        <kineticLaw metaid="_208181">
          <math xmlns="http://www.w3.org/1998/Math/MathML">          
            <apply>
              <times/>
              <ci> nucleus </ci>
              <apply>
                <minus/>
                <apply>
                  <times/>
                  <ci> a6 </ci>
                  <ci> IkBeps_nuc </ci>
                  <ci> NFkB_nuc </ci>
                </apply>
                <apply>
                  <times/>
                  <ci> d6 </ci>
                  <ci> IkBeps_nuc_NFkB_nuc </ci>
                </apply>
              </apply>
            </apply>
          </math>
                </kineticLaw>
      </reaction>
      <reaction id="v17" metaid="metaid_0000092" name="IkBalpha transcription" reversible="false">
        <annotation>
          <rdf:RDF xmlns:rdf="http://www.w3.org/1999/02/22-rdf-syntax-ns#" xmlns:bqmodel="http://biomodels.net/model-qualifiers/" xmlns:bqbiol="http://biomodels.net/biology-qualifiers/">
            <rdf:Description rdf:about="#metaid_0000092">
	<bqbiol:isVersionOf>
	<rdf:Bag>
	<rdf:li rdf:resource="http://identifiers.org/obo.go/GO:0006351"/>
	</rdf:Bag>
	</bqbiol:isVersionOf>
	</rdf:Description>
	
          </rdf:RDF>
        </annotation>
              <listOfProducts>
          <speciesReference metaid="_208194" species="IkBalpha_transcript"/>
        </listOfProducts>
        <kineticLaw metaid="_208207">
          <math xmlns="http://www.w3.org/1998/Math/MathML">          
            <apply>
              <times/>
              <ci> nucleus </ci>
              <ci> tr2a </ci>
            </apply>
          </math>
                </kineticLaw>
      </reaction>
      <reaction id="v18" metaid="metaid_0000093" name="IkBalpha inducible transcription" reversible="false">
        <annotation>
          <rdf:RDF xmlns:rdf="http://www.w3.org/1999/02/22-rdf-syntax-ns#" xmlns:bqmodel="http://biomodels.net/model-qualifiers/" xmlns:bqbiol="http://biomodels.net/biology-qualifiers/">
            <rdf:Description rdf:about="#metaid_0000093">
	<bqbiol:isVersionOf>
	<rdf:Bag>
	<rdf:li rdf:resource="http://identifiers.org/obo.go/GO:0006351"/>
	</rdf:Bag>
	</bqbiol:isVersionOf>
	</rdf:Description>
	
          </rdf:RDF>
        </annotation>
              <listOfProducts>
          <speciesReference metaid="_208219" species="IkBalpha_transcript"/>
        </listOfProducts>
        <listOfModifiers>
          <modifierSpeciesReference metaid="_208231" species="NFkB_nuc"/>
        </listOfModifiers>
        <kineticLaw metaid="_208243">
          <math xmlns="http://www.w3.org/1998/Math/MathML">          
            <apply>
              <times/>
              <ci> nucleus </ci>
              <ci> tr2 </ci>
              <apply>
                <power/>
                <ci> NFkB_nuc </ci>
                <cn type="integer"> 2 </cn>
              </apply>
            </apply>
          </math>
                </kineticLaw>
      </reaction>
      <reaction id="v19" metaid="metaid_0000094" name="IkBalpha transcript degradation" reversible="false">
        <annotation>
          <rdf:RDF xmlns:rdf="http://www.w3.org/1999/02/22-rdf-syntax-ns#" xmlns:bqmodel="http://biomodels.net/model-qualifiers/" xmlns:bqbiol="http://biomodels.net/biology-qualifiers/">
            <rdf:Description rdf:about="#metaid_0000094">
	<bqbiol:isVersionOf>
	<rdf:Bag>
	<rdf:li rdf:resource="http://identifiers.org/obo.go/GO:0006402"/>
	</rdf:Bag>
	</bqbiol:isVersionOf>
	</rdf:Description>
	
          </rdf:RDF>
        </annotation>
              <listOfReactants>
          <speciesReference metaid="_208255" species="IkBalpha_transcript"/>
        </listOfReactants>
        <kineticLaw metaid="_208267">
          <math xmlns="http://www.w3.org/1998/Math/MathML">          
            <apply>
              <times/>
              <ci> nucleus </ci>
              <ci> tr3 </ci>
              <ci> IkBalpha_transcript </ci>
            </apply>
          </math>
                </kineticLaw>
      </reaction>
      <reaction id="v20" metaid="metaid_0000095" name="IkBbeta transcription" reversible="false">
        <annotation>
          <rdf:RDF xmlns:rdf="http://www.w3.org/1999/02/22-rdf-syntax-ns#" xmlns:bqmodel="http://biomodels.net/model-qualifiers/" xmlns:bqbiol="http://biomodels.net/biology-qualifiers/">
            <rdf:Description rdf:about="#metaid_0000095">
	<bqbiol:isVersionOf>
	<rdf:Bag>
	<rdf:li rdf:resource="http://identifiers.org/obo.go/GO:0006351"/>
	</rdf:Bag>
	</bqbiol:isVersionOf>
	</rdf:Description>
	
          </rdf:RDF>
        </annotation>
              <listOfProducts>
          <speciesReference metaid="_208279" species="IkBbeta_transcript"/>
        </listOfProducts>
        <kineticLaw metaid="_208291">
          <math xmlns="http://www.w3.org/1998/Math/MathML">          
            <apply>
              <times/>
              <ci> nucleus </ci>
              <ci> tr2b </ci>
            </apply>
          </math>
                </kineticLaw>
      </reaction>
      <reaction id="v21" metaid="metaid_0000096" name="IkBbeta transcript degradation" reversible="false">
        <annotation>
          <rdf:RDF xmlns:rdf="http://www.w3.org/1999/02/22-rdf-syntax-ns#" xmlns:bqmodel="http://biomodels.net/model-qualifiers/" xmlns:bqbiol="http://biomodels.net/biology-qualifiers/">
            <rdf:Description rdf:about="#metaid_0000096">
	<bqbiol:isVersionOf>
	<rdf:Bag>
	<rdf:li rdf:resource="http://identifiers.org/obo.go/GO:0006402"/>
	</rdf:Bag>
	</bqbiol:isVersionOf>
	</rdf:Description>
	
          </rdf:RDF>
        </annotation>
              <listOfReactants>
          <speciesReference metaid="_208303" species="IkBbeta_transcript"/>
        </listOfReactants>
        <kineticLaw metaid="_208315">
          <math xmlns="http://www.w3.org/1998/Math/MathML">          
            <apply>
              <times/>
              <ci> nucleus </ci>
              <ci> tr3 </ci>
              <ci> IkBbeta_transcript </ci>
            </apply>
          </math>
                </kineticLaw>
      </reaction>
      <reaction id="v22" metaid="metaid_0000097" name="IkBeps transcription" reversible="false">
        <annotation>
          <rdf:RDF xmlns:rdf="http://www.w3.org/1999/02/22-rdf-syntax-ns#" xmlns:bqmodel="http://biomodels.net/model-qualifiers/" xmlns:bqbiol="http://biomodels.net/biology-qualifiers/">
            <rdf:Description rdf:about="#metaid_0000097">
	<bqbiol:isVersionOf>
	<rdf:Bag>
	<rdf:li rdf:resource="http://identifiers.org/obo.go/GO:0006351"/>
	</rdf:Bag>
	</bqbiol:isVersionOf>
	</rdf:Description>
	
          </rdf:RDF>
        </annotation>
              <listOfProducts>
          <speciesReference metaid="_208327" species="IkBeps_transcript"/>
        </listOfProducts>
        <kineticLaw metaid="_208339">
          <math xmlns="http://www.w3.org/1998/Math/MathML">          
            <apply>
              <times/>
              <ci> nucleus </ci>
              <ci> tr2e </ci>
            </apply>
          </math>
                </kineticLaw>
      </reaction>
      <reaction id="v23" metaid="metaid_0000098" name="IkBeps transcript degradation" reversible="false">
        <annotation>
          <rdf:RDF xmlns:rdf="http://www.w3.org/1999/02/22-rdf-syntax-ns#" xmlns:bqmodel="http://biomodels.net/model-qualifiers/" xmlns:bqbiol="http://biomodels.net/biology-qualifiers/">
            <rdf:Description rdf:about="#metaid_0000098">
	<bqbiol:isVersionOf>
	<rdf:Bag>
	<rdf:li rdf:resource="http://identifiers.org/obo.go/GO:0006402"/>
	</rdf:Bag>
	</bqbiol:isVersionOf>
	</rdf:Description>
	
          </rdf:RDF>
        </annotation>
              <listOfReactants>
          <speciesReference metaid="_208351" species="IkBeps_transcript"/>
        </listOfReactants>
        <kineticLaw metaid="_208363">
          <math xmlns="http://www.w3.org/1998/Math/MathML">          
            <apply>
              <times/>
              <ci> nucleus </ci>
              <ci> tr3 </ci>
              <ci> IkBeps_transcript </ci>
            </apply>
          </math>
                </kineticLaw>
      </reaction>
      <reaction id="v24" metaid="metaid_0000099" name="IKK-IkBalpha complex formation">
        <annotation>
          <rdf:RDF xmlns:rdf="http://www.w3.org/1999/02/22-rdf-syntax-ns#" xmlns:bqmodel="http://biomodels.net/model-qualifiers/" xmlns:bqbiol="http://biomodels.net/biology-qualifiers/">
            <rdf:Description rdf:about="#metaid_0000099">
	<bqbiol:isVersionOf>
	<rdf:Bag>
	<rdf:li rdf:resource="http://identifiers.org/obo.go/GO:0043623"/>
	<rdf:li rdf:resource="http://identifiers.org/obo.go/GO:0005515"/>
	</rdf:Bag>
	</bqbiol:isVersionOf>
	</rdf:Description>
	
          </rdf:RDF>
        </annotation>
              <listOfReactants>
          <speciesReference metaid="_208375" species="IKK"/>
          <speciesReference metaid="_208387" species="IkBalpha"/>
        </listOfReactants>
        <listOfProducts>
          <speciesReference metaid="_208399" species="IKK_IkBalpha"/>
        </listOfProducts>
        <kineticLaw metaid="_208411">
          <math xmlns="http://www.w3.org/1998/Math/MathML">          
            <apply>
              <times/>
              <ci> cytoplasm </ci>
              <apply>
                <minus/>
                <apply>
                  <times/>
                  <ci> a1 </ci>
                  <ci> IkBalpha </ci>
                  <ci> IKK </ci>
                </apply>
                <apply>
                  <times/>
                  <ci> d1 </ci>
                  <ci> IKK_IkBalpha </ci>
                </apply>
              </apply>
            </apply>
          </math>
                </kineticLaw>
      </reaction>
      <reaction id="v25" metaid="metaid_0000101" name="IkBalpha synthesis" reversible="false">
        <annotation>
          <rdf:RDF xmlns:rdf="http://www.w3.org/1999/02/22-rdf-syntax-ns#" xmlns:bqmodel="http://biomodels.net/model-qualifiers/" xmlns:bqbiol="http://biomodels.net/biology-qualifiers/">
            <rdf:Description rdf:about="#metaid_0000101">
	<bqbiol:isVersionOf>
	<rdf:Bag>
	<rdf:li rdf:resource="http://identifiers.org/obo.go/GO:0006412"/>
	</rdf:Bag>
	</bqbiol:isVersionOf>
	</rdf:Description>
	
          </rdf:RDF>
        </annotation>
              <listOfProducts>
          <speciesReference metaid="_208423" species="IkBalpha"/>
        </listOfProducts>
        <listOfModifiers>
          <modifierSpeciesReference metaid="_208435" species="IkBalpha_transcript"/>
        </listOfModifiers>
        <kineticLaw metaid="_208447">
          <math xmlns="http://www.w3.org/1998/Math/MathML">          
            <apply>
              <times/>
              <ci> nucleus </ci>
              <ci> tr1 </ci>
              <ci> IkBalpha_transcript </ci>
            </apply>
          </math>
                </kineticLaw>
      </reaction>
      <reaction id="v26" metaid="metaid_0000102" name="IkBalpha degradation" reversible="false">
        <annotation>
          <rdf:RDF xmlns:rdf="http://www.w3.org/1999/02/22-rdf-syntax-ns#" xmlns:bqmodel="http://biomodels.net/model-qualifiers/" xmlns:bqbiol="http://biomodels.net/biology-qualifiers/">
            <rdf:Description rdf:about="#metaid_0000102">
	<bqbiol:isVersionOf>
	<rdf:Bag>
	<rdf:li rdf:resource="http://identifiers.org/obo.go/GO:0044257"/>
	</rdf:Bag>
	</bqbiol:isVersionOf>
	</rdf:Description>
	
          </rdf:RDF>
        </annotation>
              <listOfReactants>
          <speciesReference metaid="_208459" species="IkBalpha"/>
        </listOfReactants>
        <kineticLaw metaid="_208471">
          <math xmlns="http://www.w3.org/1998/Math/MathML">          
            <apply>
              <times/>
              <ci> cytoplasm </ci>
              <ci> deg1 </ci>
              <ci> IkBalpha </ci>
            </apply>
          </math>
                </kineticLaw>
      </reaction>
      <reaction id="v27" metaid="metaid_0000103" name="IkBalpha translocation">
        <annotation>
          <rdf:RDF xmlns:rdf="http://www.w3.org/1999/02/22-rdf-syntax-ns#" xmlns:bqmodel="http://biomodels.net/model-qualifiers/" xmlns:bqbiol="http://biomodels.net/biology-qualifiers/">
            <rdf:Description rdf:about="#metaid_0000103">
	<bqbiol:isVersionOf>
	<rdf:Bag>
	<rdf:li rdf:resource="http://identifiers.org/obo.go/GO:0000060"/>
	</rdf:Bag>
	</bqbiol:isVersionOf>
	</rdf:Description>
	
          </rdf:RDF>
        </annotation>
              <listOfReactants>
          <speciesReference metaid="_208483" species="IkBalpha"/>
        </listOfReactants>
        <listOfProducts>
          <speciesReference metaid="_208495" species="IkBalpha_nuc"/>
        </listOfProducts>
        <kineticLaw metaid="_208507">
          <math xmlns="http://www.w3.org/1998/Math/MathML">          
            <apply>
              <minus/>
              <apply>
                <times/>
                <ci> cytoplasm </ci>
                <ci> tp1 </ci>
                <ci> IkBalpha </ci>
              </apply>
              <apply>
                <times/>
                <ci> nucleus </ci>
                <ci> tp2 </ci>
                <ci> IkBalpha_nuc </ci>
              </apply>
            </apply>
          </math>
                </kineticLaw>
      </reaction>
      <reaction id="v28" metaid="metaid_0000105" name="IKK-IkBbeta complex formation">
        <annotation>
          <rdf:RDF xmlns:rdf="http://www.w3.org/1999/02/22-rdf-syntax-ns#" xmlns:bqmodel="http://biomodels.net/model-qualifiers/" xmlns:bqbiol="http://biomodels.net/biology-qualifiers/">
            <rdf:Description rdf:about="#metaid_0000105">
	<bqbiol:isVersionOf>
	<rdf:Bag>
	<rdf:li rdf:resource="http://identifiers.org/obo.go/GO:0043623"/>
	<rdf:li rdf:resource="http://identifiers.org/obo.go/GO:0005515"/>
	</rdf:Bag>
	</bqbiol:isVersionOf>
	</rdf:Description>
	
          </rdf:RDF>
        </annotation>
              <listOfReactants>
          <speciesReference metaid="_208519" species="IKK"/>
          <speciesReference metaid="_208531" species="IkBbeta"/>
        </listOfReactants>
        <listOfProducts>
          <speciesReference metaid="_208543" species="IKK_IkBbeta"/>
        </listOfProducts>
        <kineticLaw metaid="_208555">
          <math xmlns="http://www.w3.org/1998/Math/MathML">          
            <apply>
              <times/>
              <ci> cytoplasm </ci>
              <apply>
                <minus/>
                <apply>
                  <times/>
                  <ci> a2 </ci>
                  <ci> IkBbeta </ci>
                  <ci> IKK </ci>
                </apply>
                <apply>
                  <times/>
                  <ci> d2 </ci>
                  <ci> IKK_IkBbeta </ci>
                </apply>
              </apply>
            </apply>
          </math>
                </kineticLaw>
      </reaction>
      <reaction id="v29" metaid="metaid_0000107" name="IkBbeta synthesis" reversible="false">
        <annotation>
          <rdf:RDF xmlns:rdf="http://www.w3.org/1999/02/22-rdf-syntax-ns#" xmlns:bqmodel="http://biomodels.net/model-qualifiers/" xmlns:bqbiol="http://biomodels.net/biology-qualifiers/">
            <rdf:Description rdf:about="#metaid_0000107">
	<bqbiol:isVersionOf>
	<rdf:Bag>
	<rdf:li rdf:resource="http://identifiers.org/obo.go/GO:0006412"/>
	</rdf:Bag>
	</bqbiol:isVersionOf>
	</rdf:Description>
	
          </rdf:RDF>
        </annotation>
              <listOfProducts>
          <speciesReference metaid="_208567" species="IkBbeta"/>
        </listOfProducts>
        <listOfModifiers>
          <modifierSpeciesReference metaid="_208579" species="IkBbeta_transcript"/>
        </listOfModifiers>
        <kineticLaw metaid="_208591">
          <math xmlns="http://www.w3.org/1998/Math/MathML">          
            <apply>
              <times/>
              <ci> nucleus </ci>
              <ci> tr1 </ci>
              <ci> IkBbeta_transcript </ci>
            </apply>
          </math>
                </kineticLaw>
      </reaction>
      <reaction id="v30" metaid="metaid_0000108" name="IkBbeta degradation" reversible="false">
        <annotation>
          <rdf:RDF xmlns:rdf="http://www.w3.org/1999/02/22-rdf-syntax-ns#" xmlns:bqmodel="http://biomodels.net/model-qualifiers/" xmlns:bqbiol="http://biomodels.net/biology-qualifiers/">
            <rdf:Description rdf:about="#metaid_0000108">
	<bqbiol:isVersionOf>
	<rdf:Bag>
	<rdf:li rdf:resource="http://identifiers.org/obo.go/GO:0044257"/>
	</rdf:Bag>
	</bqbiol:isVersionOf>
	</rdf:Description>
	
          </rdf:RDF>
        </annotation>
              <listOfReactants>
          <speciesReference metaid="_208603" species="IkBbeta"/>
        </listOfReactants>
        <kineticLaw metaid="_208615">
          <math xmlns="http://www.w3.org/1998/Math/MathML">          
            <apply>
              <times/>
              <ci> cytoplasm </ci>
              <ci> deg1 </ci>
              <ci> IkBbeta </ci>
            </apply>
          </math>
                </kineticLaw>
      </reaction>
      <reaction id="v31" metaid="metaid_0000109" name="IkBbeta translocation">
        <annotation>
          <rdf:RDF xmlns:rdf="http://www.w3.org/1999/02/22-rdf-syntax-ns#" xmlns:bqmodel="http://biomodels.net/model-qualifiers/" xmlns:bqbiol="http://biomodels.net/biology-qualifiers/">
            <rdf:Description rdf:about="#metaid_0000109">
	<bqbiol:isVersionOf>
	<rdf:Bag>
	<rdf:li rdf:resource="http://identifiers.org/obo.go/GO:0000060"/>
	</rdf:Bag>
	</bqbiol:isVersionOf>
	</rdf:Description>
	
          </rdf:RDF>
        </annotation>
              <listOfReactants>
          <speciesReference metaid="_208627" species="IkBbeta"/>
        </listOfReactants>
        <listOfProducts>
          <speciesReference metaid="_208639" species="IkBbeta_nuc"/>
        </listOfProducts>
        <kineticLaw metaid="_208651">
          <math xmlns="http://www.w3.org/1998/Math/MathML">          
            <apply>
              <minus/>
              <apply>
                <times/>
                <ci> cytoplasm </ci>
                <cn> 0.5 </cn>
                <ci> tp1 </ci>
                <ci> IkBbeta </ci>
              </apply>
              <apply>
                <times/>
                <ci> nucleus </ci>
                <cn> 0.5 </cn>
                <ci> tp2 </ci>
                <ci> IkBbeta_nuc </ci>
              </apply>
            </apply>
          </math>
                </kineticLaw>
      </reaction>
      <reaction id="v32" metaid="metaid_0000111" name="IKK-IkBeps complex formation">
        <annotation>
          <rdf:RDF xmlns:rdf="http://www.w3.org/1999/02/22-rdf-syntax-ns#" xmlns:bqmodel="http://biomodels.net/model-qualifiers/" xmlns:bqbiol="http://biomodels.net/biology-qualifiers/">
            <rdf:Description rdf:about="#metaid_0000111">
	<bqbiol:isVersionOf>
	<rdf:Bag>
	<rdf:li rdf:resource="http://identifiers.org/obo.go/GO:0043623"/>
	<rdf:li rdf:resource="http://identifiers.org/obo.go/GO:0005515"/>
	</rdf:Bag>
	</bqbiol:isVersionOf>
	</rdf:Description>
	
          </rdf:RDF>
        </annotation>
              <listOfReactants>
          <speciesReference metaid="_208663" species="IKK"/>
          <speciesReference metaid="_208675" species="IkBeps"/>
        </listOfReactants>
        <listOfProducts>
          <speciesReference metaid="_208687" species="IKK_IkBeps"/>
        </listOfProducts>
        <kineticLaw metaid="_208699">
          <math xmlns="http://www.w3.org/1998/Math/MathML">          
            <apply>
              <times/>
              <ci> cytoplasm </ci>
              <apply>
                <minus/>
                <apply>
                  <times/>
                  <ci> a3 </ci>
                  <ci> IkBeps </ci>
                  <ci> IKK </ci>
                </apply>
                <apply>
                  <times/>
                  <ci> d3 </ci>
                  <ci> IKK_IkBeps </ci>
                </apply>
              </apply>
            </apply>
          </math>
                </kineticLaw>
      </reaction>
      <reaction id="v33" metaid="metaid_0000113" name="IkBeps synthesis" reversible="false">
        <annotation>
          <rdf:RDF xmlns:rdf="http://www.w3.org/1999/02/22-rdf-syntax-ns#" xmlns:bqmodel="http://biomodels.net/model-qualifiers/" xmlns:bqbiol="http://biomodels.net/biology-qualifiers/">
            <rdf:Description rdf:about="#metaid_0000113">
	<bqbiol:isVersionOf>
	<rdf:Bag>
	<rdf:li rdf:resource="http://identifiers.org/obo.go/GO:0006412"/>
	</rdf:Bag>
	</bqbiol:isVersionOf>
	</rdf:Description>
	
          </rdf:RDF>
        </annotation>
              <listOfProducts>
          <speciesReference metaid="_208711" species="IkBeps"/>
        </listOfProducts>
        <listOfModifiers>
          <modifierSpeciesReference metaid="_208723" species="IkBeps_transcript"/>
        </listOfModifiers>
        <kineticLaw metaid="_208735">
          <math xmlns="http://www.w3.org/1998/Math/MathML">          
            <apply>
              <times/>
              <ci> nucleus </ci>
              <ci> tr1 </ci>
              <ci> IkBeps_transcript </ci>
            </apply>
          </math>
                </kineticLaw>
      </reaction>
      <reaction id="v34" metaid="metaid_0000114" name="IkBeps degradation" reversible="false">
        <annotation>
          <rdf:RDF xmlns:rdf="http://www.w3.org/1999/02/22-rdf-syntax-ns#" xmlns:bqmodel="http://biomodels.net/model-qualifiers/" xmlns:bqbiol="http://biomodels.net/biology-qualifiers/">
            <rdf:Description rdf:about="#metaid_0000114">
	<bqbiol:isVersionOf>
	<rdf:Bag>
	<rdf:li rdf:resource="http://identifiers.org/obo.go/GO:0044257"/>
	</rdf:Bag>
	</bqbiol:isVersionOf>
	</rdf:Description>
	
          </rdf:RDF>
        </annotation>
              <listOfReactants>
          <speciesReference metaid="_208747" species="IkBeps"/>
        </listOfReactants>
        <kineticLaw metaid="_208759">
          <math xmlns="http://www.w3.org/1998/Math/MathML">          
            <apply>
              <times/>
              <ci> cytoplasm </ci>
              <ci> deg1 </ci>
              <ci> IkBeps </ci>
            </apply>
          </math>
                </kineticLaw>
      </reaction>
      <reaction id="v35" metaid="metaid_0000115" name="IkBeps translocation">
        <annotation>
          <rdf:RDF xmlns:rdf="http://www.w3.org/1999/02/22-rdf-syntax-ns#" xmlns:bqmodel="http://biomodels.net/model-qualifiers/" xmlns:bqbiol="http://biomodels.net/biology-qualifiers/">
            <rdf:Description rdf:about="#metaid_0000115">
	<bqbiol:isVersionOf>
	<rdf:Bag>
	<rdf:li rdf:resource="http://identifiers.org/obo.go/GO:0000060"/>
	</rdf:Bag>
	</bqbiol:isVersionOf>
	</rdf:Description>
	
          </rdf:RDF>
        </annotation>
              <listOfReactants>
          <speciesReference metaid="_208771" species="IkBeps"/>
        </listOfReactants>
        <listOfProducts>
          <speciesReference metaid="_208783" species="IkBeps_nuc"/>
        </listOfProducts>
        <kineticLaw metaid="_208795">
          <math xmlns="http://www.w3.org/1998/Math/MathML">          
            <apply>
              <minus/>
              <apply>
                <times/>
                <ci> cytoplasm </ci>
                <cn> 0.5 </cn>
                <ci> tp1 </ci>
                <ci> IkBeps </ci>
              </apply>
              <apply>
                <times/>
                <ci> nucleus </ci>
                <cn> 0.5 </cn>
                <ci> tp2 </ci>
                <ci> IkBeps_nuc </ci>
              </apply>
            </apply>
          </math>
                </kineticLaw>
      </reaction>
      <reaction id="v36" metaid="metaid_0000117" name="IKK-binary IkBalpha NFkB complex formation">
        <annotation>
          <rdf:RDF xmlns:rdf="http://www.w3.org/1999/02/22-rdf-syntax-ns#" xmlns:bqmodel="http://biomodels.net/model-qualifiers/" xmlns:bqbiol="http://biomodels.net/biology-qualifiers/">
            <rdf:Description rdf:about="#metaid_0000117">
	<bqbiol:isVersionOf>
	<rdf:Bag>
	<rdf:li rdf:resource="http://identifiers.org/obo.go/GO:0005515"/>
	<rdf:li rdf:resource="http://identifiers.org/obo.go/GO:0043623"/>
	</rdf:Bag>
	</bqbiol:isVersionOf>
	</rdf:Description>
	
          </rdf:RDF>
        </annotation>
              <listOfReactants>
          <speciesReference metaid="_208807" species="IKK"/>
          <speciesReference metaid="_208819" species="IkBalpha_NFkB"/>
        </listOfReactants>
        <listOfProducts>
          <speciesReference metaid="_208831" species="IKK_IkBalpha_NFkB"/>
        </listOfProducts>
        <kineticLaw metaid="_208843">
          <math xmlns="http://www.w3.org/1998/Math/MathML">          
            <apply>
              <times/>
              <ci> cytoplasm </ci>
              <apply>
                <minus/>
                <apply>
                  <times/>
                  <ci> a7 </ci>
                  <ci> IKK </ci>
                  <ci> IkBalpha_NFkB </ci>
                </apply>
                <apply>
                  <times/>
                  <ci> d1 </ci>
                  <ci> IKK_IkBalpha_NFkB </ci>
                </apply>
              </apply>
            </apply>
          </math>
                </kineticLaw>
      </reaction>
      <reaction id="v37" metaid="metaid_0000119" name="IkBalpha_NFkB translocation" reversible="false">
        <annotation>
          <rdf:RDF xmlns:rdf="http://www.w3.org/1999/02/22-rdf-syntax-ns#" xmlns:bqmodel="http://biomodels.net/model-qualifiers/" xmlns:bqbiol="http://biomodels.net/biology-qualifiers/">
            <rdf:Description rdf:about="#metaid_0000119">
	<bqbiol:isVersionOf>
	<rdf:Bag>
	<rdf:li rdf:resource="http://identifiers.org/obo.go/GO:0006611"/>
	</rdf:Bag>
	</bqbiol:isVersionOf>
	</rdf:Description>
	
          </rdf:RDF>
        </annotation>
              <listOfReactants>
          <speciesReference metaid="_208855" species="IkBalpha_nuc_NFkB_nuc"/>
        </listOfReactants>
        <listOfProducts>
          <speciesReference metaid="_208867" species="IkBalpha_NFkB"/>
        </listOfProducts>
        <kineticLaw metaid="_208879">
          <math xmlns="http://www.w3.org/1998/Math/MathML">          
            <apply>
              <times/>
              <ci> nucleus </ci>
              <ci> k2 </ci>
              <ci> IkBalpha_nuc_NFkB_nuc </ci>
            </apply>
          </math>
                </kineticLaw>
      </reaction>
      <reaction id="v38" metaid="metaid_0000120" name="IKK binary IkBbeta NFkB complex formation">
        <annotation>
          <rdf:RDF xmlns:rdf="http://www.w3.org/1999/02/22-rdf-syntax-ns#" xmlns:bqmodel="http://biomodels.net/model-qualifiers/" xmlns:bqbiol="http://biomodels.net/biology-qualifiers/">
            <rdf:Description rdf:about="#metaid_0000120">
	<bqbiol:isVersionOf>
	<rdf:Bag>
	<rdf:li rdf:resource="http://identifiers.org/obo.go/GO:0005515"/>
	<rdf:li rdf:resource="http://identifiers.org/obo.go/GO:0043623"/>
	</rdf:Bag>
	</bqbiol:isVersionOf>
	</rdf:Description>
	
          </rdf:RDF>
        </annotation>
              <listOfReactants>
          <speciesReference metaid="_208891" species="IKK"/>
          <speciesReference metaid="_208904" species="IkBbeta_NFkB"/>
        </listOfReactants>
        <listOfProducts>
          <speciesReference metaid="_208916" species="IKK_IkBbeta_NFkB"/>
        </listOfProducts>
        <kineticLaw metaid="_208928">
          <math xmlns="http://www.w3.org/1998/Math/MathML">          
            <apply>
              <times/>
              <ci> cytoplasm </ci>
              <apply>
                <minus/>
                <apply>
                  <times/>
                  <ci> a8 </ci>
                  <ci> IKK </ci>
                  <ci> IkBbeta_NFkB </ci>
                </apply>
                <apply>
                  <times/>
                  <ci> d2 </ci>
                  <ci> IKK_IkBbeta_NFkB </ci>
                </apply>
              </apply>
            </apply>
          </math>
                </kineticLaw>
      </reaction>
      <reaction id="v39" metaid="metaid_0000122" name="IkBbeta_NFkB translocation" reversible="false">
        <annotation>
          <rdf:RDF xmlns:rdf="http://www.w3.org/1999/02/22-rdf-syntax-ns#" xmlns:bqmodel="http://biomodels.net/model-qualifiers/" xmlns:bqbiol="http://biomodels.net/biology-qualifiers/">
            <rdf:Description rdf:about="#metaid_0000122">
	<bqbiol:isVersionOf>
	<rdf:Bag>
	<rdf:li rdf:resource="http://identifiers.org/obo.go/GO:0006611"/>
	</rdf:Bag>
	</bqbiol:isVersionOf>
	</rdf:Description>
	
          </rdf:RDF>
        </annotation>
              <listOfReactants>
          <speciesReference metaid="_208940" species="IkBbeta_nuc_NFkB_nuc"/>
        </listOfReactants>
        <listOfProducts>
          <speciesReference metaid="_208952" species="IkBbeta_NFkB"/>
        </listOfProducts>
        <kineticLaw metaid="_208964">
          <notes>
            <p xmlns="http://www.w3.org/1999/xhtml">
          The sum of  "flag_for_after_signal" and "fr_after_trigger" insures that the value of the fraction of "IkBbeta_nuc_ NFkB_nuc" capable of nuclear export is equal to one before the signal is introduced and then follows the rate rule for "fr_after_trigger" after the signal is introduced.</p>
            
          </notes>
          <math xmlns="http://www.w3.org/1998/Math/MathML">          
            <apply>
              <times/>
              <ci> nucleus </ci>
              <ci> k2_IkBbeta_nuc_NFkB_nuc </ci>
              <apply>
                <plus/>
                <ci> fr_after_trigger </ci>
                <ci> flag_for_after_trigger </ci>
              </apply>
              <ci> IkBbeta_nuc_NFkB_nuc </ci>
            </apply>
          </math>
                  <listOfParameters>
            <parameter id="k2_IkBbeta_nuc_NFkB_nuc" metaid="_208976" value="0.0069"/>
          </listOfParameters>
        </kineticLaw>
      </reaction>
      <reaction id="v40" metaid="metaid_0000123" name="IKK binary IkBeps NFkB complex formation">
        <annotation>
          <rdf:RDF xmlns:rdf="http://www.w3.org/1999/02/22-rdf-syntax-ns#" xmlns:bqmodel="http://biomodels.net/model-qualifiers/" xmlns:bqbiol="http://biomodels.net/biology-qualifiers/">
            <rdf:Description rdf:about="#metaid_0000123">
	<bqbiol:isVersionOf>
	<rdf:Bag>
	<rdf:li rdf:resource="http://identifiers.org/obo.go/GO:0005515"/>
	<rdf:li rdf:resource="http://identifiers.org/obo.go/GO:0043623"/>
	</rdf:Bag>
	</bqbiol:isVersionOf>
	</rdf:Description>
	
          </rdf:RDF>
        </annotation>
              <listOfReactants>
          <speciesReference metaid="_208988" species="IKK"/>
          <speciesReference metaid="_209001" species="IkBeps_NFkB"/>
        </listOfReactants>
        <listOfProducts>
          <speciesReference metaid="_209013" species="IKK_IkBeps_NFkB"/>
        </listOfProducts>
        <kineticLaw metaid="_209025">
          <math xmlns="http://www.w3.org/1998/Math/MathML">          
            <apply>
              <times/>
              <ci> cytoplasm </ci>
              <apply>
                <minus/>
                <apply>
                  <times/>
                  <ci> a9 </ci>
                  <ci> IKK </ci>
                  <ci> IkBeps_NFkB </ci>
                </apply>
                <apply>
                  <times/>
                  <ci> d3 </ci>
                  <ci> IKK_IkBeps_NFkB </ci>
                </apply>
              </apply>
            </apply>
          </math>
                </kineticLaw>
      </reaction>
      <reaction id="v41" metaid="metaid_0000125" name="IkBeps_NFkB translocation" reversible="false">
        <annotation>
          <rdf:RDF xmlns:rdf="http://www.w3.org/1999/02/22-rdf-syntax-ns#" xmlns:bqmodel="http://biomodels.net/model-qualifiers/" xmlns:bqbiol="http://biomodels.net/biology-qualifiers/">
            <rdf:Description rdf:about="#metaid_0000125">
	<bqbiol:isVersionOf>
	<rdf:Bag>
	<rdf:li rdf:resource="http://identifiers.org/obo.go/GO:0006611"/>
	</rdf:Bag>
	</bqbiol:isVersionOf>
	</rdf:Description>
	
          </rdf:RDF>
        </annotation>
              <listOfReactants>
          <speciesReference metaid="_209037" species="IkBeps_nuc_NFkB_nuc"/>
        </listOfReactants>
        <listOfProducts>
          <speciesReference metaid="_209049" species="IkBeps_NFkB"/>
        </listOfProducts>
        <kineticLaw metaid="_209061">
          <math xmlns="http://www.w3.org/1998/Math/MathML">          
            <apply>
              <times/>
              <ci> nucleus </ci>
              <cn> 0.5 </cn>
              <ci> k2_eps </ci>
              <ci> IkBeps_nuc_NFkB_nuc </ci>
            </apply>
          </math>
                </kineticLaw>
      </reaction>
      <reaction id="v42" metaid="metaid_0000126" name="IkBalpha degradation" reversible="false">
        <annotation>
          <rdf:RDF xmlns:rdf="http://www.w3.org/1999/02/22-rdf-syntax-ns#" xmlns:bqmodel="http://biomodels.net/model-qualifiers/" xmlns:bqbiol="http://biomodels.net/biology-qualifiers/">
            <rdf:Description rdf:about="#metaid_0000126">
              <bqbiol:hasPart>
	<rdf:Bag>
	<rdf:li rdf:resource="http://identifiers.org/ec-code/2.7.11.10"/>
	</rdf:Bag>
	</bqbiol:hasPart>
	
	<bqbiol:isVersionOf>
	<rdf:Bag>
	<rdf:li rdf:resource="http://identifiers.org/obo.go/GO:0044257"/>
	</rdf:Bag>
	</bqbiol:isVersionOf>
	</rdf:Description>
	
          </rdf:RDF>
        </annotation>
              <listOfReactants>
          <speciesReference metaid="_209073" species="IKK_IkBalpha"/>
        </listOfReactants>
        <listOfProducts>
          <speciesReference metaid="_209085" species="IKK"/>
        </listOfProducts>
        <kineticLaw metaid="_209097">
          <math xmlns="http://www.w3.org/1998/Math/MathML">          
            <apply>
              <times/>
              <ci> cytoplasm </ci>
              <ci> r1 </ci>
              <ci> IKK_IkBalpha </ci>
            </apply>
          </math>
                </kineticLaw>
      </reaction>
      <reaction id="v43" metaid="metaid_0000127" name="IkBbeta degradation" reversible="false">
        <annotation>
          <rdf:RDF xmlns:rdf="http://www.w3.org/1999/02/22-rdf-syntax-ns#" xmlns:bqmodel="http://biomodels.net/model-qualifiers/" xmlns:bqbiol="http://biomodels.net/biology-qualifiers/">
            <rdf:Description rdf:about="#metaid_0000127">
              <bqbiol:hasPart>
	<rdf:Bag>
	<rdf:li rdf:resource="http://identifiers.org/ec-code/2.7.11.10"/>
	</rdf:Bag>
	</bqbiol:hasPart>
	
	<bqbiol:isVersionOf>
	<rdf:Bag>
	<rdf:li rdf:resource="http://identifiers.org/obo.go/GO:0044257"/>
	</rdf:Bag>
	</bqbiol:isVersionOf>
	</rdf:Description>
	
          </rdf:RDF>
        </annotation>
              <listOfReactants>
          <speciesReference metaid="_209109" species="IKK_IkBbeta"/>
        </listOfReactants>
        <listOfProducts>
          <speciesReference metaid="_209121" species="IKK"/>
        </listOfProducts>
        <kineticLaw metaid="_209133">
          <math xmlns="http://www.w3.org/1998/Math/MathML">          
            <apply>
              <times/>
              <ci> cytoplasm </ci>
              <ci> r2 </ci>
              <ci> IKK_IkBbeta </ci>
            </apply>
          </math>
                </kineticLaw>
      </reaction>
      <reaction id="v44" metaid="metaid_0000128" name="IkBeps degradation" reversible="false">
        <annotation>
          <rdf:RDF xmlns:rdf="http://www.w3.org/1999/02/22-rdf-syntax-ns#" xmlns:bqmodel="http://biomodels.net/model-qualifiers/" xmlns:bqbiol="http://biomodels.net/biology-qualifiers/">
            <rdf:Description rdf:about="#metaid_0000128">
              <bqbiol:hasPart>
	<rdf:Bag>
	<rdf:li rdf:resource="http://identifiers.org/ec-code/2.7.11.10"/>
	</rdf:Bag>
	</bqbiol:hasPart>
	
	<bqbiol:isVersionOf>
	<rdf:Bag>
	<rdf:li rdf:resource="http://identifiers.org/obo.go/GO:0044257"/>
	</rdf:Bag>
	</bqbiol:isVersionOf>
	</rdf:Description>
	
          </rdf:RDF>
        </annotation>
              <listOfReactants>
          <speciesReference metaid="_209145" species="IKK_IkBeps"/>
        </listOfReactants>
        <listOfProducts>
          <speciesReference metaid="_209157" species="IKK"/>
        </listOfProducts>
        <kineticLaw metaid="_209169">
          <math xmlns="http://www.w3.org/1998/Math/MathML">          
            <apply>
              <times/>
              <ci> cytoplasm </ci>
              <ci> r3 </ci>
              <ci> IKK_IkBeps </ci>
            </apply>
          </math>
                </kineticLaw>
      </reaction>
      <reaction id="v45" metaid="metaid_0000129" name="IKK consumption" reversible="false">
        <listOfReactants>
          <speciesReference metaid="_209181" species="IKK"/>
        </listOfReactants>
        <kineticLaw metaid="_209193">
          <math xmlns="http://www.w3.org/1998/Math/MathML">          
            <apply>
              <times/>
              <ci> cytoplasm </ci>
              <ci> k02 </ci>
              <ci> IKK </ci>
            </apply>
          </math>
                </kineticLaw>
      </reaction>
    </listOfReactions>
    <listOfEvents>
      <event id="event_0000001" metaid="metaid_0000130">
        <notes>
          <p xmlns="http://www.w3.org/1999/xhtml">
        The events section is used to set the IKK signal, the system is allowed to equilibrate for 2000 minutes and IKK is increased to 0.1 uM. trigger value is a parameter that is zero until equilibration and then is set to 1, this in turn is used in the rate rule section for "fr_after_trigger".  The latter term corresponds to fr in the paper.</p>
          
        </notes>
        <trigger metaid="_209205">
          <math xmlns="http://www.w3.org/1998/Math/MathML">          
            <apply>
              <and/>
              <apply>
                <geq/>
                <csymbol encoding="text" definitionURL="http://www.sbml.org/sbml/symbols/time"> t </csymbol>
                <cn type="integer"> 2000 </cn>
              </apply>
              <apply>
                <eq/>
                <ci> trigger_value </ci>
                <cn type="integer"> 0 </cn>
              </apply>
            </apply>
          </math>
                </trigger>
        <listOfEventAssignments>
          <eventAssignment metaid="_209217" variable="IKK">
            <math xmlns="http://www.w3.org/1998/Math/MathML">            
              <cn> 0.1 </cn>
            </math>
                    </eventAssignment>
          <eventAssignment metaid="_209229" variable="trigger_value">
            <math xmlns="http://www.w3.org/1998/Math/MathML">            
              <cn type="integer"> 1 </cn>
            </math>
                    </eventAssignment>
          <eventAssignment metaid="_209241" variable="flag_for_after_trigger">
            <math xmlns="http://www.w3.org/1998/Math/MathML">            
              <cn type="integer"> 0 </cn>
            </math>
                    </eventAssignment>
        </listOfEventAssignments>
      </event>
    </listOfEvents>
  </model>
</sbml>