<?xml version="1.0" encoding="UTF-8"?>
<sbml xmlns="http://www.sbml.org/sbml/level2/version3" metaid="metaid_0000001" level="2" version="3">
  <model metaid="metaid_0000002" id="Komarova2003_BoneRemodeling" name="Komarova2003_BoneRemodeling">
    <notes>
      <body xmlns="http://www.w3.org/1999/xhtml">
        <p>      This a model from the article:      <br/>
        <strong> Mathematical model predicts a critical role for osteoclast autocrine regulation in the control of bone remodeling.</strong>
        <br/>Komarova SV, Smith RJ, Dixon SJ, Sims SM, Wahl LM      <em>Bone</em>2003 Aug;33(2):206-15      <a href="http://www.ncbi.nlm.nih.gov/pubmed/14499354">14499354</a>,      <br/>
        <strong>Abstract:</strong>
        <br/>Bone remodeling occurs asynchronously at multiple sites in the adult skeleton and involves resorption by osteoclasts, followed by formation of new bone by osteoblasts. Disruptions in bone remodeling contribute to the pathogenesis of disorderssuch as osteoporosis, osteoarthritis, and Paget&apos;s disease. Interactions among cells of osteoblast and osteoclast lineages are critical in the regulation of bone remodeling. We constructed a mathematical model of autocrine and paracrine interactions among osteoblasts and osteoclasts that allowed us to calculate cell population dynamics and changes in bone mass at a discrete site of bone remodeling. Themodel predicted different modes of dynamic behavior: a single remodeling cycle in response to an external stimulus, a series of internally regulated cycles of bone remodeling, or unstable behavior similar to pathological bone remodeling in Paget&apos;s disease. Parametric analysis demonstrated that the mode of dynamic behaviorin the system depends strongly on the regulation of osteoclasts by autocrine factors, such as transforming growth factor beta. Moreover, simulations demonstratedthat nonlinear dynamics of the system may explain the differing effects of immunosuppressants on bone remodeling in vitro and in vivo. In conclusion, the mathematical model revealed that interactions among osteoblasts and osteoclasts result in complex, nonlinear system behavior, which cannot be deduced from studies of each cell type alone. The model will be useful in future studies assessing the impact of cytokines, growth factors, and potential therapies on the overall process ofremodeling in normal bone and in pathological conditions such as osteoporosis and Paget&apos;s disease.   </p>
        <p xmlns="http://www.w3.org/1999/xhtml">The model reproduces Fig 2A and Fig 2B of the paper. Note that the Y-axis scale is not right, the osteoblast steadystate is approximatley 212 and not 0 as depicted in the figure. Also, there is atypo in the equation for x2_bar which has been corrected here. Model successfully tested on MathSBML.</p>
        <p xmlns="http://www.w3.org/1999/xhtml">This model originates from BioModels Database: A Database of Annotated Published Models. It is copyright (c) 2005-2009 The BioModels Team.<br/>For more information see the <a href="http://www.ebi.ac.uk/biomodels/legal.html" target="_blank">terms of use</a>.<br/>To cite BioModels Database, please use <a href="http://www.pubmedcentral.nih.gov/articlerender.fcgi?tool=pubmed&amp;pubmedid=16381960" target="_blank">Le Novère N., Bornstein B., Broicher A., Courtot M., Donizelli M., Dharuri H., Li L., Sauro H., Schilstra M., Shapiro B., Snoep J.L., Hucka M. (2006) BioModels Database: A Free, Centralized Database of Curated, Published, Quantitative Kinetic Models of Biochemical and Cellular Systems Nucleic Acids Res., 34: D689-D691.</a></p>
      </body>
    </notes>
    <annotation>
      <rdf:RDF xmlns:rdf="http://www.w3.org/1999/02/22-rdf-syntax-ns#" xmlns:dc="http://purl.org/dc/elements/1.1/" xmlns:vCard="http://www.w3.org/2001/vcard-rdf/3.0#" xmlns:dcterms="http://purl.org/dc/terms/" xmlns:bqmodel="http://biomodels.net/model-qualifiers/" xmlns:bqbiol="http://biomodels.net/biology-qualifiers/">
        <rdf:Description rdf:about="#metaid_0000002">
          <dc:creator>
            <rdf:Bag>
              <rdf:li rdf:parseType="Resource">
                <vCard:N rdf:parseType="Resource">
                  <vCard:Family>Dharuri</vCard:Family>
                  <vCard:Given>Harish</vCard:Given>
                </vCard:N>
                <vCard:EMAIL>hdharuri@cds.caltech.edu</vCard:EMAIL>
                <vCard:ORG rdf:parseType="Resource">
                  <vCard:Orgname>California Institute of Technology</vCard:Orgname>
                </vCard:ORG>
              </rdf:li>
            </rdf:Bag>
          </dc:creator>
          <dcterms:created rdf:parseType="Resource">
            <dcterms:W3CDTF>2007-07-30T20:56:00Z</dcterms:W3CDTF>
          </dcterms:created>
          <dcterms:modified rdf:parseType="Resource">
            <dcterms:W3CDTF>2014-10-09T16:24:13Z</dcterms:W3CDTF>
          </dcterms:modified>
          <bqmodel:is>
            <rdf:Bag>
              <rdf:li rdf:resource="http://identifiers.org/biomodels.db/MODEL6029826395"/>
            </rdf:Bag>
          </bqmodel:is>
          <bqmodel:is>
            <rdf:Bag>
              <rdf:li rdf:resource="http://identifiers.org/biomodels.db/BIOMD0000000148"/>
            </rdf:Bag>
          </bqmodel:is>
          <bqmodel:isDescribedBy>
            <rdf:Bag>
              <rdf:li rdf:resource="http://identifiers.org/pubmed/14499354"/>
            </rdf:Bag>
          </bqmodel:isDescribedBy>
          <bqbiol:hasTaxon>
            <rdf:Bag>
              <rdf:li rdf:resource="http://identifiers.org/taxonomy/7711"/>
            </rdf:Bag>
          </bqbiol:hasTaxon>
          <bqbiol:isVersionOf>
            <rdf:Bag>
              <rdf:li rdf:resource="http://identifiers.org/go/GO:0046850"/>
            </rdf:Bag>
          </bqbiol:isVersionOf>
          <bqbiol:hasProperty>
            <rdf:Bag>
              <rdf:li rdf:resource="http://identifiers.org/doid/DOID:11476"/>
              <rdf:li rdf:resource="http://identifiers.org/doid/DOID:8398"/>
              <rdf:li rdf:resource="http://identifiers.org/doid/DOID:5408"/>
            </rdf:Bag>
          </bqbiol:hasProperty>
        </rdf:Description>
      </rdf:RDF>
    </annotation>
    <listOfUnitDefinitions>
      <unitDefinition metaid="metaid_0000038" id="substance" name="number">
        <listOfUnits>
          <unit metaid="a836d06c-9637-4cad-8bb4-6735a87ab554" kind="item"/>
        </listOfUnits>
      </unitDefinition>
      <unitDefinition metaid="metaid_0000039" id="time" name="day">
        <listOfUnits>
          <unit metaid="_188b2782-ea6f-40db-bc4e-bafbf678db83" kind="second" multiplier="86400"/>
        </listOfUnits>
      </unitDefinition>
    </listOfUnitDefinitions>
    <listOfCompartments>
      <compartment metaid="metaid_0000003" id="compartment" size="1"/>
    </listOfCompartments>
    <listOfSpecies>
      <species metaid="metaid_0000004" id="x1" name="Osteoclast" compartment="compartment" initialAmount="11" hasOnlySubstanceUnits="true"/>
      <species metaid="metaid_0000005" id="x2" name="Osteoblast" compartment="compartment" initialAmount="212" hasOnlySubstanceUnits="true"/>
      <species metaid="metaid_0000006" id="x1_bar" name="Steady state osteoclast" compartment="compartment" initialAmount="0" hasOnlySubstanceUnits="true"/>
      <species metaid="metaid_0000007" id="x2_bar" name="Steady state osteoblast" compartment="compartment" initialAmount="0" hasOnlySubstanceUnits="true"/>
      <species metaid="metaid_0000027" id="z" name="Bone mass" compartment="compartment" initialAmount="100" hasOnlySubstanceUnits="true"/>
      <species metaid="metaid_0000029" id="y1" name="Cells actively resorbing bone" compartment="compartment" initialAmount="0" hasOnlySubstanceUnits="true"/>
      <species metaid="metaid_0000030" id="y2" name="Cells actively forming bone" compartment="compartment" initialAmount="0" hasOnlySubstanceUnits="true"/>
    </listOfSpecies>
    <listOfParameters>
      <parameter metaid="metaid_0000008" id="alpha1" value="3"/>
      <parameter metaid="metaid_0000009" id="alpha2" value="4"/>
      <parameter metaid="metaid_0000010" id="beta1" value="0.2"/>
      <parameter metaid="metaid_0000011" id="beta2" value="0.02"/>
      <parameter metaid="metaid_0000012" id="g11" value="0.5"/>
      <parameter metaid="metaid_0000013" id="g21" value="-0.5"/>
      <parameter metaid="metaid_0000014" id="g12" value="1"/>
      <parameter metaid="metaid_0000015" id="g22" value="0"/>
      <parameter metaid="metaid_0000016" id="k1" value="0.24"/>
      <parameter metaid="metaid_0000017" id="k2" value="0.0017"/>
      <parameter metaid="metaid_0000019" id="gamma" value="0" constant="false"/>
      <parameter metaid="metaid_0000036" id="flag_resorption" value="0" constant="false"/>
      <parameter metaid="metaid_0000037" id="flag_formation" value="0" constant="false"/>
    </listOfParameters>
    <listOfRules>
      <assignmentRule metaid="metaid_0000020" variable="gamma">
        <math xmlns="http://www.w3.org/1998/Math/MathML">
          <apply>
            <minus/>
            <apply>
              <times/>
              <ci> g12 </ci>
              <ci> g21 </ci>
            </apply>
            <apply>
              <times/>
              <apply>
                <minus/>
                <cn type="integer"> 1 </cn>
                <ci> g11 </ci>
              </apply>
              <apply>
                <minus/>
                <cn type="integer"> 1 </cn>
                <ci> g22 </ci>
              </apply>
            </apply>
          </apply>
        </math>
      </assignmentRule>
      <assignmentRule metaid="metaid_0000021" variable="x1_bar">
        <math xmlns="http://www.w3.org/1998/Math/MathML">
          <apply>
            <times/>
            <apply>
              <power/>
              <apply>
                <divide/>
                <ci> beta1 </ci>
                <ci> alpha1 </ci>
              </apply>
              <apply>
                <divide/>
                <apply>
                  <minus/>
                  <cn type="integer"> 1 </cn>
                  <ci> g22 </ci>
                </apply>
                <ci> gamma </ci>
              </apply>
            </apply>
            <apply>
              <power/>
              <apply>
                <divide/>
                <ci> beta2 </ci>
                <ci> alpha2 </ci>
              </apply>
              <apply>
                <divide/>
                <ci> g21 </ci>
                <ci> gamma </ci>
              </apply>
            </apply>
          </apply>
        </math>
      </assignmentRule>
      <assignmentRule metaid="metaid_0000022" variable="x2_bar">
        <math xmlns="http://www.w3.org/1998/Math/MathML">
          <apply>
            <times/>
            <apply>
              <power/>
              <apply>
                <divide/>
                <ci> beta1 </ci>
                <ci> alpha1 </ci>
              </apply>
              <apply>
                <divide/>
                <ci> g12 </ci>
                <ci> gamma </ci>
              </apply>
            </apply>
            <apply>
              <power/>
              <apply>
                <divide/>
                <ci> beta2 </ci>
                <ci> alpha2 </ci>
              </apply>
              <apply>
                <divide/>
                <apply>
                  <minus/>
                  <cn type="integer"> 1 </cn>
                  <ci> g11 </ci>
                </apply>
                <ci> gamma </ci>
              </apply>
            </apply>
          </apply>
        </math>
      </assignmentRule>
    </listOfRules>
    <listOfReactions>
      <reaction metaid="metaid_0000023" id="R1" name="Osteoclast production">
        <annotation>
          <rdf:RDF xmlns:rdf="http://www.w3.org/1999/02/22-rdf-syntax-ns#" xmlns:bqmodel="http://biomodels.net/model-qualifiers/" xmlns:bqbiol="http://biomodels.net/biology-qualifiers/">
            <rdf:Description rdf:about="#metaid_0000023">
              <bqbiol:isVersionOf>
                <rdf:Bag>
                  <rdf:li rdf:resource="http://identifiers.org/go/GO:0045672"/>
                </rdf:Bag>
              </bqbiol:isVersionOf>
            </rdf:Description>
          </rdf:RDF>
        </annotation>
        <listOfProducts>
          <speciesReference metaid="_29374184-ef4e-40a1-9eaa-0b2535d83a52" species="x1"/>
        </listOfProducts>
        <listOfModifiers>
          <modifierSpeciesReference metaid="_243c0068-fd50-49ed-ac81-26bc96aeeccd" species="x2"/>
        </listOfModifiers>
        <kineticLaw metaid="_6ce6194f-34de-48ee-9398-b9fb905c1ec5">
          <math xmlns="http://www.w3.org/1998/Math/MathML">
            <apply>
              <times/>
              <ci> alpha1 </ci>
              <apply>
                <power/>
                <ci> x1 </ci>
                <ci> g11 </ci>
              </apply>
              <apply>
                <power/>
                <ci> x2 </ci>
                <ci> g21 </ci>
              </apply>
            </apply>
          </math>
        </kineticLaw>
      </reaction>
      <reaction metaid="metaid_0000024" id="R2" name="Osteoclast removal">
        <annotation>
          <rdf:RDF xmlns:rdf="http://www.w3.org/1999/02/22-rdf-syntax-ns#" xmlns:bqmodel="http://biomodels.net/model-qualifiers/" xmlns:bqbiol="http://biomodels.net/biology-qualifiers/">
            <rdf:Description rdf:about="#metaid_0000024">
              <bqbiol:isVersionOf>
                <rdf:Bag>
                  <rdf:li rdf:resource="http://identifiers.org/go/GO:0045671"/>
                </rdf:Bag>
              </bqbiol:isVersionOf>
            </rdf:Description>
          </rdf:RDF>
        </annotation>
        <listOfReactants>
          <speciesReference metaid="c20bdda9-97ee-4afc-9659-9cf183f7de2d" species="x1"/>
        </listOfReactants>
        <kineticLaw metaid="_936a37f0-51cb-4bfb-90c5-e127a3869517">
          <math xmlns="http://www.w3.org/1998/Math/MathML">
            <apply>
              <times/>
              <ci> beta1 </ci>
              <ci> x1 </ci>
            </apply>
          </math>
        </kineticLaw>
      </reaction>
      <reaction metaid="metaid_0000025" id="R3" name="Osteoblast production">
        <annotation>
          <rdf:RDF xmlns:rdf="http://www.w3.org/1999/02/22-rdf-syntax-ns#" xmlns:bqmodel="http://biomodels.net/model-qualifiers/" xmlns:bqbiol="http://biomodels.net/biology-qualifiers/">
            <rdf:Description rdf:about="#metaid_0000025">
              <bqbiol:isVersionOf>
                <rdf:Bag>
                  <rdf:li rdf:resource="http://identifiers.org/go/GO:0045669"/>
                </rdf:Bag>
              </bqbiol:isVersionOf>
            </rdf:Description>
          </rdf:RDF>
        </annotation>
        <listOfProducts>
          <speciesReference metaid="_87598d3c-b96f-4f7e-bf97-bc954abab5e1" species="x2"/>
        </listOfProducts>
        <listOfModifiers>
          <modifierSpeciesReference metaid="_52426869-eceb-4ee5-8a34-a741e339e0a0" species="x1"/>
        </listOfModifiers>
        <kineticLaw metaid="_5e751feb-57a9-42a3-9675-a0017f655158">
          <math xmlns="http://www.w3.org/1998/Math/MathML">
            <apply>
              <times/>
              <ci> alpha2 </ci>
              <apply>
                <power/>
                <ci> x1 </ci>
                <ci> g12 </ci>
              </apply>
              <apply>
                <power/>
                <ci> x2 </ci>
                <ci> g22 </ci>
              </apply>
            </apply>
          </math>
        </kineticLaw>
      </reaction>
      <reaction metaid="metaid_0000026" id="R4" name="Osteoblast removal">
        <annotation>
          <rdf:RDF xmlns:rdf="http://www.w3.org/1999/02/22-rdf-syntax-ns#" xmlns:bqmodel="http://biomodels.net/model-qualifiers/" xmlns:bqbiol="http://biomodels.net/biology-qualifiers/">
            <rdf:Description rdf:about="#metaid_0000026">
              <bqbiol:isVersionOf>
                <rdf:Bag>
                  <rdf:li rdf:resource="http://identifiers.org/go/GO:0045668"/>
                </rdf:Bag>
              </bqbiol:isVersionOf>
            </rdf:Description>
          </rdf:RDF>
        </annotation>
        <listOfReactants>
          <speciesReference metaid="_08ccc8d3-3fed-42c3-a6c9-b2fe7d4e8886" species="x2"/>
        </listOfReactants>
        <kineticLaw metaid="_1a03cb21-f7b9-4e2e-bba4-4315ac3bb90d">
          <math xmlns="http://www.w3.org/1998/Math/MathML">
            <apply>
              <times/>
              <ci> beta2 </ci>
              <ci> x2 </ci>
            </apply>
          </math>
        </kineticLaw>
      </reaction>
      <reaction metaid="metaid_0000028" id="R5" name="Bone resorption">
        <annotation>
          <rdf:RDF xmlns:rdf="http://www.w3.org/1999/02/22-rdf-syntax-ns#" xmlns:bqmodel="http://biomodels.net/model-qualifiers/" xmlns:bqbiol="http://biomodels.net/biology-qualifiers/">
            <rdf:Description rdf:about="#metaid_0000028">
              <bqbiol:is>
                <rdf:Bag>
                  <rdf:li rdf:resource="http://identifiers.org/go/GO:0045453"/>
                </rdf:Bag>
              </bqbiol:is>
            </rdf:Description>
          </rdf:RDF>
        </annotation>
        <listOfReactants>
          <speciesReference metaid="f7872f22-f9a7-4df0-af8f-e6ecc1497ee2" species="z"/>
        </listOfReactants>
        <listOfModifiers>
          <modifierSpeciesReference metaid="_7faf5544-d4bf-4022-85ba-2bd7c074aa69" species="x1"/>
          <modifierSpeciesReference metaid="ded46f08-4fb2-4af4-9f88-25aeb092423a" species="x1_bar"/>
        </listOfModifiers>
        <kineticLaw metaid="_58e41cd2-81c7-4278-a5b8-3625bcb42eb8">
          <math xmlns="http://www.w3.org/1998/Math/MathML">
            <apply>
              <times/>
              <ci> flag_resorption </ci>
              <ci> k1 </ci>
              <apply>
                <minus/>
                <ci> x1 </ci>
                <ci> x1_bar </ci>
              </apply>
            </apply>
          </math>
        </kineticLaw>
      </reaction>
      <reaction metaid="metaid_0000031" id="R6" name="Bone formation">
        <annotation>
          <rdf:RDF xmlns:rdf="http://www.w3.org/1999/02/22-rdf-syntax-ns#" xmlns:bqmodel="http://biomodels.net/model-qualifiers/" xmlns:bqbiol="http://biomodels.net/biology-qualifiers/">
            <rdf:Description rdf:about="#metaid_0000031">
              <bqbiol:isVersionOf>
                <rdf:Bag>
                  <rdf:li rdf:resource="http://identifiers.org/go/GO:0001503"/>
                </rdf:Bag>
              </bqbiol:isVersionOf>
            </rdf:Description>
          </rdf:RDF>
        </annotation>
        <listOfProducts>
          <speciesReference metaid="_3081bded-9e53-4022-bf2b-3f606340fe5e" species="z"/>
        </listOfProducts>
        <listOfModifiers>
          <modifierSpeciesReference metaid="dddebd4d-2fc7-45f7-b5ab-d49683e71c6d" species="x2"/>
          <modifierSpeciesReference metaid="ce2be7aa-5b86-4fe7-946f-442a81ff0b77" species="x2_bar"/>
        </listOfModifiers>
        <kineticLaw metaid="f268c582-e136-408b-951b-f9091ad69a4a">
          <math xmlns="http://www.w3.org/1998/Math/MathML">
            <apply>
              <times/>
              <ci> flag_formation </ci>
              <ci> k2 </ci>
              <apply>
                <minus/>
                <ci> x2 </ci>
                <ci> x2_bar </ci>
              </apply>
            </apply>
          </math>
        </kineticLaw>
      </reaction>
    </listOfReactions>
    <listOfEvents>
      <event metaid="metaid_0000032" id="event_0000001">
        <notes>
          <p xmlns="http://www.w3.org/1999/xhtml">When the osteoclast number is greater than the steady state osteoclast number the flag is set to 1, this insures that in reaction R5, y1 is equal to the difference of x1 and x1_bar. When x1 is greater than x1_bar the difference is set to zero by setting the flag to zero. The same procedure is used for bone formation. </p>
        </notes>
        <trigger metaid="_928232bd-0ce8-49a2-9575-cd1bf38cda45">
          <math xmlns="http://www.w3.org/1998/Math/MathML">
            <apply>
              <gt/>
              <ci> x1 </ci>
              <ci> x1_bar </ci>
            </apply>
          </math>
        </trigger>
        <listOfEventAssignments>
          <eventAssignment metaid="b3f30938-10c1-4171-8422-f1ca0a28819e" variable="flag_resorption">
            <math xmlns="http://www.w3.org/1998/Math/MathML">
              <cn type="integer"> 1 </cn>
            </math>
          </eventAssignment>
        </listOfEventAssignments>
      </event>
      <event metaid="metaid_0000034" id="event_0000003">
        <trigger metaid="f1cf2ac9-cd3b-4e52-84ee-12f5497576b5">
          <math xmlns="http://www.w3.org/1998/Math/MathML">
            <apply>
              <leq/>
              <ci> x1 </ci>
              <ci> x1_bar </ci>
            </apply>
          </math>
        </trigger>
        <listOfEventAssignments>
          <eventAssignment metaid="a5987c35-d282-45f0-9748-03c27425f385" variable="flag_resorption">
            <math xmlns="http://www.w3.org/1998/Math/MathML">
              <cn type="integer"> 0 </cn>
            </math>
          </eventAssignment>
        </listOfEventAssignments>
      </event>
      <event metaid="metaid_0000033" id="event_0000002">
        <trigger metaid="a041fe3b-465f-4cfa-84c6-c750c577dd41">
          <math xmlns="http://www.w3.org/1998/Math/MathML">
            <apply>
              <gt/>
              <ci> x2 </ci>
              <ci> x2_bar </ci>
            </apply>
          </math>
        </trigger>
        <listOfEventAssignments>
          <eventAssignment metaid="d07f0de8-9ff1-4eeb-a0fc-aacb116715e3" variable="flag_formation">
            <math xmlns="http://www.w3.org/1998/Math/MathML">
              <cn type="integer"> 1 </cn>
            </math>
          </eventAssignment>
        </listOfEventAssignments>
      </event>
      <event metaid="metaid_0000035" id="event_0000004">
        <trigger metaid="_584ce5cc-4192-45be-9cae-5e92bfc69b2f">
          <math xmlns="http://www.w3.org/1998/Math/MathML">
            <apply>
              <leq/>
              <ci> x2 </ci>
              <ci> x2_bar </ci>
            </apply>
          </math>
        </trigger>
        <listOfEventAssignments>
          <eventAssignment metaid="_77a5c0c5-3db6-4a96-8af9-4285129fada9" variable="flag_formation">
            <math xmlns="http://www.w3.org/1998/Math/MathML">
              <cn type="integer"> 0 </cn>
            </math>
          </eventAssignment>
        </listOfEventAssignments>
      </event>
    </listOfEvents>
  </model>
</sbml>
