<?xml version='1.0' encoding='UTF-8' standalone='no'?>
<sbml xmlns="http://www.sbml.org/sbml/level2/version4" level="2" metaid="d15699fa-22ea-4e43-8bdb-997976bf8044" version="4">
  <model id="Kolomeisky2003_myosin" metaid="_054781" name="Kolomeisky2003_MyosinV_Processivity">
    <notes>
      <body xmlns="http://www.w3.org/1999/xhtml">
        <p>
This is the 2 state model of Myosin V movement described in the article:<br/>
        <b>A simple kinetic model describes the processivity of myosin-v.</b>
        <br/>
Kolomeisky AB , Fisher ME  Biophys. J. 84(3):1642-50 (2003); PubmedID:<a href="http://www.ncbi.nlm.nih.gov/pubmed/12609867"> 12609867</a>
        <br/>
      </p>
      <p>
Abstract:<br/>
Myosin-V is a motor protein responsible for organelle and vesicle transport in cells. Recent single-molecule experiments have shown that it is an efficient processive motor that walks along actin filaments taking steps of mean size close to 36 nm. A theoretical study of myosin-V motility is presented following an approach used successfully to analyze the dynamics of conventional kinesin but also taking some account of step-size variations. Much of the present experimental data for myosin-V can be well described by a two-state chemical kinetic model with three load-dependent rates. In addition, the analysis predicts the variation of the mean velocity and of the randomness-a quantitative measure of the stochastic deviations from uniform, constant-speed motion-with ATP concentration under both resisting and assisting loads, and indicates a substep of size d(0) approximately 13-14 nm (from the ATP-binding state) that appears to accord with independent observations.
</p>
      <p>The model differs slightly from the published version. The ATP and ADP bound forms of myosin are called S0 and S1. The state transition and binding constants are called k_1, k_2, k_3 and k_4 instead of k<sup>0</sup>
      <sub>0</sub>, u<sup>0</sup>
      <sub>1</sub>, k<sup>'</sup>
      <sub>0</sub> and  w<sup>0</sup>
      <sub>1</sub>. Similarly the state loading factors are named th_1, th_2,  th_3 and th_4 instead of  θ<sup>+</sup>
      <sub>0</sub>, θ<sup>+</sup>
      <sub>1</sub>, θ<sup>-</sup>
      <sub>0</sub> and  θ<sup>-</sup>
      <sub>1</sub>. The species fwd_step1, fwd_step2, back_step1 and back_step2 count the number of state changes of each kind the myosine molecules have taken over time.<br/>
The model can be evaluated in a deterministic continuous or stochastic discreet fashion. The parameter V holds the (forward) speed at each time point, the V_avg the overall way divided by the simulation time and the amount of myosine molecules. 
</p>
      <p> Originally created by libAntimony v1.4 (using libSBML 3.4.1) </p>
      <p>This model originates from BioModels Database: A Database of Annotated Published Models (http://www.ebi.ac.uk/biomodels/). It is copyright (c) 2005-2011 The BioModels.net Team.<br/>
For more information see the <a href="http://www.ebi.ac.uk/biomodels/legal.html" target="_blank">terms of use</a>.<br/>
To cite BioModels Database, please use: <a href="http://www.ncbi.nlm.nih.gov/pubmed/20587024" target="_blank">Li C, Donizelli M, Rodriguez N, Dharuri H, Endler L, Chelliah V, Li L, He E, Henry A, Stefan MI, Snoep JL, Hucka M, Le Novère N, Laibe C (2010) BioModels Database: An enhanced, curated and annotated resource for published quantitative kinetic models. BMC Syst Biol., 4:92.</a>
    </p>
  </body>
</notes>
    <annotation>
	<rdf:RDF xmlns:rdf="http://www.w3.org/1999/02/22-rdf-syntax-ns#" xmlns:dc="http://purl.org/dc/elements/1.1/" xmlns:vCard="http://www.w3.org/2001/vcard-rdf/3.0#" xmlns:dcterms="http://purl.org/dc/terms/" xmlns:bqmodel="http://biomodels.net/model-qualifiers/" xmlns:bqbiol="http://biomodels.net/biology-qualifiers/">
        <rdf:Description rdf:about="#_054781">
	<dc:creator>
	<rdf:Bag>
	<rdf:li rdf:parseType="Resource">
	<vCard:N rdf:parseType="Resource">
	<vCard:Family>Endler</vCard:Family>
	<vCard:Given>Lukas</vCard:Given>
	</vCard:N>
	<vCard:EMAIL>lukas@ebi.ac.uk</vCard:EMAIL>
	<vCard:ORG rdf:parseType="Resource">
	<vCard:Orgname>EMBL-EBI</vCard:Orgname>
	</vCard:ORG>
	</rdf:li>
	</rdf:Bag>
	</dc:creator>
	<dcterms:created rdf:parseType="Resource">
	<dcterms:W3CDTF>2006-09-29T22:36:52Z</dcterms:W3CDTF>
	</dcterms:created>
	<dcterms:modified rdf:parseType="Resource">
	<dcterms:W3CDTF>2016-04-08T16:58:25Z</dcterms:W3CDTF>
	</dcterms:modified>
	<bqmodel:is>
	<rdf:Bag>
	<rdf:li rdf:resource="http://identifiers.org/biomodels.db/MODEL6623628741"/>
	</rdf:Bag>
	</bqmodel:is>
	<bqmodel:is>
	<rdf:Bag>
	<rdf:li rdf:resource="http://identifiers.org/biomodels.db/BIOMD0000000305"/>
	</rdf:Bag>
	</bqmodel:is>
	<bqmodel:isDescribedBy>
	<rdf:Bag>
	<rdf:li rdf:resource="http://identifiers.org/pubmed/12609867"/>
	</rdf:Bag>
	</bqmodel:isDescribedBy>
	<bqbiol:isVersionOf>
	<rdf:Bag>
	<rdf:li rdf:resource="http://identifiers.org/go/GO:0000146"/>
	<rdf:li rdf:resource="http://identifiers.org/go/GO:0030832"/>
	</rdf:Bag>
	</bqbiol:isVersionOf>
	<bqbiol:hasTaxon>
	<rdf:Bag>
	<rdf:li rdf:resource="http://identifiers.org/taxonomy/2759"/>
	</rdf:Bag>
	</bqbiol:hasTaxon>
	</rdf:Description>
	
	</rdf:RDF>
	</annotation>
      <listOfUnitDefinitions>
      <unitDefinition id="substance" metaid="substance" name="molecules">
        <listOfUnits>
          <unit kind="item" metaid="dbad731f-260c-48f9-a27e-fc1cfb30a249"/>
        </listOfUnits>
      </unitDefinition>
      <unitDefinition id="umole" metaid="d2a0e1c6-40ce-49fc-afab-de93edb38dce" name="micromole">
        <listOfUnits>
          <unit kind="mole" metaid="_20885fb8-9680-4210-82a4-20e52a9e86ee" scale="-6"/>
        </listOfUnits>
      </unitDefinition>
      <unitDefinition id="uM" metaid="_8145c844-78aa-4ab0-b579-05de61feef48" name="uM">
        <listOfUnits>
          <unit kind="mole" metaid="_557694cc-edf7-47c3-a33b-7d63f8c58626" scale="-6"/>
          <unit exponent="-1" kind="litre" metaid="eefe175d-5957-4a35-8288-96707b6db262"/>
        </listOfUnits>
      </unitDefinition>
      <unitDefinition id="volume" metaid="volume" name="litre">
        <listOfUnits>
          <unit kind="litre" metaid="_7ab4f6d3-e3a4-43f1-a31f-75353a885cdd"/>
        </listOfUnits>
      </unitDefinition>
    </listOfUnitDefinitions>
    <listOfCompartments>
      <compartment id="compartment_" metaid="_054788" sboTerm="SBO:0000290" size="1E-15"/>
    </listOfCompartments>
    <listOfSpecies>
      <species compartment="compartment_" hasOnlySubstanceUnits="true" id="S0" initialAmount="10" metaid="_054789" sboTerm="SBO:0000297">
        <annotation>
	<rdf:RDF xmlns:rdf="http://www.w3.org/1999/02/22-rdf-syntax-ns#" xmlns:bqbiol="http://biomodels.net/biology-qualifiers/">
            <rdf:Description rdf:about="#_054789">
	<bqbiol:is>
	<rdf:Bag>
	<rdf:li rdf:resource="http://identifiers.org/go/GO:0031475"/>
	</rdf:Bag>
	</bqbiol:is>
	</rdf:Description>
	
	</rdf:RDF>
	</annotation>
            </species>
      <species boundaryCondition="true" compartment="compartment_" id="ATP" initialConcentration="20" metaid="_054790" sboTerm="SBO:0000247" substanceUnits="umole">
        <annotation>
	<rdf:RDF xmlns:rdf="http://www.w3.org/1999/02/22-rdf-syntax-ns#" xmlns:bqbiol="http://biomodels.net/biology-qualifiers/">
            <rdf:Description rdf:about="#_054790">
              <bqbiol:is>
	<rdf:Bag>
	<rdf:li rdf:resource="http://identifiers.org/chebi/CHEBI:15422"/>
	</rdf:Bag>
	</bqbiol:is>
	
	<bqbiol:is>
	<rdf:Bag>
	<rdf:li rdf:resource="http://identifiers.org/kegg.compound/C00002"/>
	<rdf:li rdf:resource="http://identifiers.org/pubchem.substance/3304"/>
	</rdf:Bag>
	</bqbiol:is>
	</rdf:Description>
	
	</rdf:RDF>
	</annotation>
            </species>
      <species compartment="compartment_" hasOnlySubstanceUnits="true" id="S1" initialAmount="0" metaid="_054792" sboTerm="SBO:0000297">
        <annotation>
	<rdf:RDF xmlns:rdf="http://www.w3.org/1999/02/22-rdf-syntax-ns#" xmlns:bqbiol="http://biomodels.net/biology-qualifiers/">
            <rdf:Description rdf:about="#_054792">
              <bqbiol:hasPart>
	<rdf:Bag>
	<rdf:li rdf:resource="http://identifiers.org/chebi/CHEBI:16761"/>
	</rdf:Bag>
	</bqbiol:hasPart>
	
	<bqbiol:hasVersion>
	<rdf:Bag>
	<rdf:li rdf:resource="http://identifiers.org/go/GO:0031475"/>
	</rdf:Bag>
	</bqbiol:hasVersion>
	</rdf:Description>
	
	</rdf:RDF>
	</annotation>
            </species>
      <species boundaryCondition="true" compartment="compartment_" id="Pi_" initialConcentration="0" metaid="_054793" sboTerm="SBO:0000247" substanceUnits="umole">
        <annotation>
	<rdf:RDF xmlns:rdf="http://www.w3.org/1999/02/22-rdf-syntax-ns#" xmlns:bqbiol="http://biomodels.net/biology-qualifiers/">
            <rdf:Description rdf:about="#_054793">
              <bqbiol:is>
	<rdf:Bag>
	<rdf:li rdf:resource="http://identifiers.org/chebi/CHEBI:18367"/>
	</rdf:Bag>
	</bqbiol:is>
	
	<bqbiol:is>
	<rdf:Bag>
	<rdf:li rdf:resource="http://identifiers.org/kegg.compound/C00009"/>
	</rdf:Bag>
	</bqbiol:is>
	</rdf:Description>
	
	</rdf:RDF>
	</annotation>
            </species>
      <species boundaryCondition="true" compartment="compartment_" id="ADP" initialConcentration="0" metaid="_054795" sboTerm="SBO:0000247" substanceUnits="umole">
        <annotation>
	<rdf:RDF xmlns:rdf="http://www.w3.org/1999/02/22-rdf-syntax-ns#" xmlns:bqbiol="http://biomodels.net/biology-qualifiers/">
            <rdf:Description rdf:about="#_054795">
              <bqbiol:is>
	<rdf:Bag>
	<rdf:li rdf:resource="http://identifiers.org/kegg.compound/C00008"/>
	</rdf:Bag>
	</bqbiol:is>
	
	<bqbiol:is>
	<rdf:Bag>
	<rdf:li rdf:resource="http://identifiers.org/chebi/CHEBI:16761"/>
	<rdf:li rdf:resource="http://identifiers.org/pubchem.substance/3310"/>
	</rdf:Bag>
	</bqbiol:is>
	</rdf:Description>
	
	</rdf:RDF>
	</annotation>
            </species>
      <species compartment="compartment_" hasOnlySubstanceUnits="true" id="fwd_step1" initialAmount="0" metaid="_054796" sboTerm="SBO:0000409"/>
      <species compartment="compartment_" hasOnlySubstanceUnits="true" id="fwd_step2" initialAmount="0" metaid="_054798" sboTerm="SBO:0000409"/>
      <species compartment="compartment_" hasOnlySubstanceUnits="true" id="back_step1" initialAmount="0" metaid="_054799" sboTerm="SBO:0000409"/>
      <species compartment="compartment_" hasOnlySubstanceUnits="true" id="back_step2" initialAmount="0" metaid="_054801" sboTerm="SBO:0000409"/>
    </listOfSpecies>
    <listOfParameters>
      <parameter id="k_1" metaid="_054818" sboTerm="SBO:0000023" value="0.7"/>
      <parameter id="th_1" metaid="_054819" sboTerm="SBO:0000380" value="-0.01"/>
      <parameter id="Force" metaid="_054821" value="0"/>
      <parameter id="d" metaid="_054822" sboTerm="SBO:0000466" value="36"/>
      <parameter id="kT" metaid="_054824" value="4.1164"/>
      <parameter id="k_2" metaid="_054825" sboTerm="SBO:0000022" value="12"/>
      <parameter id="th_2" metaid="_054827" sboTerm="SBO:0000380" value="0.045"/>
      <parameter id="k_3" metaid="_054828" sboTerm="SBO:0000023" value="5E-6"/>
      <parameter id="th_3" metaid="_054830" sboTerm="SBO:0000380" value="0.58"/>
      <parameter id="k_4" metaid="_054831" sboTerm="SBO:0000022" value="6E-6"/>
      <parameter id="th_4" metaid="_054833" sboTerm="SBO:0000380" value="0.385"/>
      <parameter constant="false" id="S_tot" metaid="_054834" sboTerm="SBO:0000360"/>
      <parameter constant="false" id="V" metaid="_054836"/>
      <parameter constant="false" id="V_ave" metaid="_054837"/>
      <parameter constant="false" id="tau" metaid="_054839" sboTerm="SBO:0000347"/>
    </listOfParameters>
    <listOfRules>
      <assignmentRule metaid="_054811" variable="S_tot">
        <math xmlns="http://www.w3.org/1998/Math/MathML">        
          <apply>
            <plus/>
            <ci> S0 </ci>
            <ci> S1 </ci>
          </apply>
        </math>
            </assignmentRule>
      <assignmentRule metaid="_054813" variable="V">
        <math xmlns="http://www.w3.org/1998/Math/MathML">        
          <apply>
            <divide/>
            <apply>
              <times/>
              <ci> d </ci>
              <apply>
                <minus/>
                <apply>
                  <divide/>
                  <apply>
                    <plus/>
                    <ci> Fw_1st_step </ci>
                    <ci> Fw_2nd_step </ci>
                  </apply>
                  <cn type="integer"> 2 </cn>
                </apply>
                <apply>
                  <divide/>
                  <apply>
                    <plus/>
                    <ci> Bw_1st_step </ci>
                    <ci> Bw_2nd_step </ci>
                  </apply>
                  <cn type="integer"> 2 </cn>
                </apply>
              </apply>
            </apply>
            <ci> S_tot </ci>
          </apply>
        </math>
            </assignmentRule>
      <assignmentRule metaid="_054814" variable="V_ave">
        <math xmlns="http://www.w3.org/1998/Math/MathML">        
          <apply>
            <divide/>
            <apply>
              <times/>
              <ci> d </ci>
              <apply>
                <minus/>
                <apply>
                  <divide/>
                  <apply>
                    <plus/>
                    <ci> fwd_step1 </ci>
                    <ci> fwd_step2 </ci>
                  </apply>
                  <cn type="integer"> 2 </cn>
                </apply>
                <apply>
                  <divide/>
                  <apply>
                    <plus/>
                    <ci> back_step1 </ci>
                    <ci> back_step2 </ci>
                  </apply>
                  <cn type="integer"> 2 </cn>
                </apply>
              </apply>
            </apply>
            <apply>
              <times/>
              <ci> S_tot </ci>
              <csymbol encoding="text" definitionURL="http://www.sbml.org/sbml/symbols/time"> time </csymbol>
            </apply>
          </apply>
        </math>
            </assignmentRule>
      <assignmentRule metaid="_054816" variable="tau">
        <math xmlns="http://www.w3.org/1998/Math/MathML">        
          <apply>
            <divide/>
            <apply>
              <plus/>
              <apply>
                <times/>
                <ci> k_1 </ci>
                <ci> ATP </ci>
                <apply>
                  <exp/>
                  <apply>
                    <divide/>
                    <apply>
                      <times/>
                      <apply>
                        <minus/>
                        <ci> th_1 </ci>
                      </apply>
                      <ci> Force </ci>
                      <ci> d </ci>
                    </apply>
                    <ci> kT </ci>
                  </apply>
                </apply>
              </apply>
              <apply>
                <times/>
                <ci> k_2 </ci>
                <apply>
                  <exp/>
                  <apply>
                    <divide/>
                    <apply>
                      <times/>
                      <apply>
                        <minus/>
                        <ci> th_2 </ci>
                      </apply>
                      <ci> Force </ci>
                      <ci> d </ci>
                    </apply>
                    <ci> kT </ci>
                  </apply>
                </apply>
              </apply>
              <apply>
                <times/>
                <ci> k_3 </ci>
                <ci> ATP </ci>
                <apply>
                  <exp/>
                  <apply>
                    <divide/>
                    <apply>
                      <times/>
                      <ci> th_3 </ci>
                      <ci> Force </ci>
                      <ci> d </ci>
                    </apply>
                    <ci> kT </ci>
                  </apply>
                </apply>
              </apply>
              <apply>
                <times/>
                <ci> k_4 </ci>
                <apply>
                  <exp/>
                  <apply>
                    <divide/>
                    <apply>
                      <times/>
                      <ci> th_4 </ci>
                      <ci> Force </ci>
                      <ci> d </ci>
                    </apply>
                    <ci> kT </ci>
                  </apply>
                </apply>
              </apply>
            </apply>
            <apply>
              <plus/>
              <apply>
                <times/>
                <ci> k_1 </ci>
                <ci> ATP </ci>
                <apply>
                  <exp/>
                  <apply>
                    <divide/>
                    <apply>
                      <times/>
                      <apply>
                        <minus/>
                        <ci> th_1 </ci>
                      </apply>
                      <ci> Force </ci>
                      <ci> d </ci>
                    </apply>
                    <ci> kT </ci>
                  </apply>
                </apply>
                <ci> k_2 </ci>
                <apply>
                  <exp/>
                  <apply>
                    <divide/>
                    <apply>
                      <times/>
                      <apply>
                        <minus/>
                        <ci> th_2 </ci>
                      </apply>
                      <ci> Force </ci>
                      <ci> d </ci>
                    </apply>
                    <ci> kT </ci>
                  </apply>
                </apply>
              </apply>
              <apply>
                <times/>
                <ci> k_3 </ci>
                <ci> ATP </ci>
                <apply>
                  <exp/>
                  <apply>
                    <divide/>
                    <apply>
                      <times/>
                      <ci> th_3 </ci>
                      <ci> Force </ci>
                      <ci> d </ci>
                    </apply>
                    <ci> kT </ci>
                  </apply>
                </apply>
                <ci> k_4 </ci>
                <apply>
                  <exp/>
                  <apply>
                    <divide/>
                    <apply>
                      <times/>
                      <ci> th_4 </ci>
                      <ci> Force </ci>
                      <ci> d </ci>
                    </apply>
                    <ci> kT </ci>
                  </apply>
                </apply>
              </apply>
            </apply>
          </apply>
        </math>
            </assignmentRule>
    </listOfRules>
    <listOfReactions>
      <reaction id="Fw_1st_step" metaid="_054802" reversible="false" sboTerm="SBO:0000376">
        <annotation>
	<rdf:RDF xmlns:rdf="http://www.w3.org/1999/02/22-rdf-syntax-ns#" xmlns:bqbiol="http://biomodels.net/biology-qualifiers/">
            <rdf:Description rdf:about="#_054802">
	<bqbiol:hasPart>
	<rdf:Bag>
	<rdf:li rdf:resource="http://identifiers.org/ec-code/3.6.4.1"/>
	</rdf:Bag>
	</bqbiol:hasPart>
	</rdf:Description>
	
	</rdf:RDF>
	</annotation>
              <listOfReactants>
          <speciesReference metaid="_88679696-c4cd-4880-8ec3-754b0b397929" species="S0"/>
          <speciesReference metaid="_5a543b94-4fce-4902-abef-e7f444294e9f" species="ATP"/>
        </listOfReactants>
        <listOfProducts>
          <speciesReference metaid="c77b57b1-b847-423c-9697-494c5d996dd1" species="S1"/>
          <speciesReference metaid="_8c3decde-ce7b-4ca3-a3b9-f2803cab34ad" species="Pi_"/>
          <speciesReference metaid="_9a2d7376-e298-437d-8b7b-77635841e10d" species="fwd_step1"/>
        </listOfProducts>
        <kineticLaw metaid="e1d33d16-3723-4791-8c43-73ae605c39c1">
          <math xmlns="http://www.w3.org/1998/Math/MathML">          
            <apply>
              <times/>
              <ci> k_1 </ci>
              <ci> S0 </ci>
              <ci> ATP </ci>
              <apply>
                <exp/>
                <apply>
                  <divide/>
                  <apply>
                    <times/>
                    <apply>
                      <minus/>
                      <ci> th_1 </ci>
                    </apply>
                    <ci> Force </ci>
                    <ci> d </ci>
                  </apply>
                  <ci> kT </ci>
                </apply>
              </apply>
            </apply>
          </math>
                </kineticLaw>
      </reaction>
      <reaction id="Fw_2nd_step" metaid="_054803" reversible="false" sboTerm="SBO:0000180">
        <listOfReactants>
          <speciesReference metaid="d8201d80-836b-4bd0-807c-f425a179c92f" species="S1"/>
        </listOfReactants>
        <listOfProducts>
          <speciesReference metaid="c4115529-9e40-4308-8332-435871e10c52" species="S0"/>
          <speciesReference metaid="faf6401a-678e-4b75-8570-08a86b3a9f8b" species="ADP"/>
          <speciesReference metaid="_7833c225-c1e5-439d-bd3e-5045d966456a" species="fwd_step2"/>
        </listOfProducts>
        <kineticLaw metaid="_7610cf85-e46b-44d8-8928-dbe8cfed0c25">
          <math xmlns="http://www.w3.org/1998/Math/MathML">          
            <apply>
              <times/>
              <ci> k_2 </ci>
              <ci> S1 </ci>
              <apply>
                <exp/>
                <apply>
                  <divide/>
                  <apply>
                    <times/>
                    <apply>
                      <minus/>
                      <ci> th_2 </ci>
                    </apply>
                    <ci> Force </ci>
                    <ci> d </ci>
                  </apply>
                  <ci> kT </ci>
                </apply>
              </apply>
            </apply>
          </math>
                </kineticLaw>
      </reaction>
      <reaction id="Bw_1st_step" metaid="_054804" reversible="false" sboTerm="SBO:0000376">
        <annotation>
	<rdf:RDF xmlns:rdf="http://www.w3.org/1999/02/22-rdf-syntax-ns#" xmlns:bqbiol="http://biomodels.net/biology-qualifiers/">
            <rdf:Description rdf:about="#_054804">
	<bqbiol:hasPart>
	<rdf:Bag>
	<rdf:li rdf:resource="http://identifiers.org/ec-code/3.6.4.1"/>
	</rdf:Bag>
	</bqbiol:hasPart>
	</rdf:Description>
	
	</rdf:RDF>
	</annotation>
              <listOfReactants>
          <speciesReference metaid="c8f2dbb8-fa84-4438-b9f6-23bbfa6e34f4" species="S0"/>
          <speciesReference metaid="d1d0ae5f-11cf-4500-b029-e37ad0b0a94f" species="ATP"/>
        </listOfReactants>
        <listOfProducts>
          <speciesReference metaid="_8b4c2815-c911-47b8-987d-8d15931a4df2" species="S1"/>
          <speciesReference metaid="_85bdc5cd-e291-4dc0-b602-59090e739e64" species="Pi_"/>
          <speciesReference metaid="_4c6c0cf4-20e4-4a5d-a9f6-17119a481f74" species="back_step1"/>
        </listOfProducts>
        <kineticLaw metaid="_571458ad-c954-4b4b-bc86-9da7014309cb">
          <math xmlns="http://www.w3.org/1998/Math/MathML">          
            <apply>
              <times/>
              <ci> k_3 </ci>
              <ci> S0 </ci>
              <ci> ATP </ci>
              <apply>
                <exp/>
                <apply>
                  <divide/>
                  <apply>
                    <times/>
                    <ci> th_3 </ci>
                    <ci> Force </ci>
                    <ci> d </ci>
                  </apply>
                  <ci> kT </ci>
                </apply>
              </apply>
            </apply>
          </math>
                </kineticLaw>
      </reaction>
      <reaction id="Bw_2nd_step" metaid="_054806" reversible="false" sboTerm="SBO:0000180">
        <listOfReactants>
          <speciesReference metaid="f0e8fc62-d6fb-46ad-b37d-8c3bd08caaad" species="S1"/>
        </listOfReactants>
        <listOfProducts>
          <speciesReference metaid="_50dfc5c0-9f47-400a-a6a1-f1674262894a" species="S0"/>
          <speciesReference metaid="fd627d53-3d79-489f-9422-dda545c0c249" species="ADP"/>
          <speciesReference metaid="ddbde366-71ef-46a7-86b5-4092de2457d0" species="back_step2"/>
        </listOfProducts>
        <kineticLaw metaid="_6370a536-ef8e-44ff-8067-959ec6e573e9">
          <math xmlns="http://www.w3.org/1998/Math/MathML">          
            <apply>
              <times/>
              <ci> k_4 </ci>
              <ci> S1 </ci>
              <apply>
                <exp/>
                <apply>
                  <divide/>
                  <apply>
                    <times/>
                    <ci> th_4 </ci>
                    <ci> Force </ci>
                    <ci> d </ci>
                  </apply>
                  <ci> kT </ci>
                </apply>
              </apply>
            </apply>
          </math>
                </kineticLaw>
      </reaction>
    </listOfReactions>
  </model>
</sbml>