<?xml version='1.0' encoding='UTF-8' standalone='no'?>
<sbml xmlns="http://www.sbml.org/sbml/level2/version3" level="2" metaid="metaid_0000001" version="3">
  <model id="TM" metaid="metaid_0000002" name="Ibrahim2008_Cdc20_Sequestring_Template_Model">
    <notes>
      <body xmlns="http://www.w3.org/1999/xhtml">
        <i>Biophysical Chemistry 134 (2008) 93-100</i>
            <h1>Mad2 binding is not sufficient for complete Cdc20 sequestering in mitotic transition control (an      <i>in silico</i>
          study)      </h1>
            <br/>
        Bashar Ibrahim, Peter Dittrich, Stephan Diekmann, Eberhard Schmitt    <br/>
            <p>This model originates from BioModels Database: A Database of Annotated Published Models. It is copyright (c) 2005-2009 The BioModels Team.      <br/>
          For more information see the      <a href="http://www.ebi.ac.uk/biomodels/legal.html" target="_blank">terms of use</a>
          .      <br/>
          To cite BioModels Database, please use      <a href="http://www.pubmedcentral.nih.gov/articlerender.fcgi?tool=pubmed&amp;pubmedid=16381960" target="_blank">Le Novère N., Bornstein B., Broicher A., Courtot M., Donizelli M., Dharuri H., Li L., Sauro H., Schilstra M., Shapiro B., Snoep J.L., Hucka M. (2006) BioModels Database: A Free, Centralized Database of Curated, Published, Quantitative Kinetic Models of Biochemical and Cellular Systems Nucleic Acids Res., 34: D689-D691.</a>
                </p>
            </body>
      
    </notes>
    <annotation>
      <rdf:RDF xmlns:rdf="http://www.w3.org/1999/02/22-rdf-syntax-ns#" xmlns:bqmodel="http://biomodels.net/model-qualifiers/" xmlns:vCard="http://www.w3.org/2001/vcard-rdf/3.0#" xmlns:dc="http://purl.org/dc/elements/1.1/" xmlns:dcterms="http://purl.org/dc/terms/" xmlns:bqbiol="http://biomodels.net/biology-qualifiers/">
        <rdf:Description rdf:about="#metaid_0000002">
	<dc:creator>
	<rdf:Bag>
	<rdf:li rdf:parseType="Resource">
	<vCard:N rdf:parseType="Resource">
	<vCard:Family>Endler</vCard:Family>
	<vCard:Given>Lukas</vCard:Given>
	</vCard:N>
	<vCard:EMAIL>lukas@ebi.ac.uk</vCard:EMAIL>
	<vCard:ORG rdf:parseType="Resource">
	<vCard:Orgname>EMBL-EBI</vCard:Orgname>
	</vCard:ORG>
	</rdf:li>
	
	
	
	<rdf:li rdf:parseType="Resource">
	<vCard:N rdf:parseType="Resource">
	<vCard:Family>Ibrahim</vCard:Family>
	<vCard:Given>Bashar</vCard:Given>
	</vCard:N>
	<vCard:EMAIL>b.ibrahim@dkfz.de</vCard:EMAIL>
	<vCard:ORG rdf:parseType="Resource">
	<vCard:Orgname>German Cancer Research Center, Heidelberg</vCard:Orgname>
	</vCard:ORG>
	</rdf:li>
	<rdf:li rdf:parseType="Resource">
	<vCard:N rdf:parseType="Resource">
	<vCard:Family>Diekmann</vCard:Family>
	<vCard:Given>Stephan</vCard:Given>
	</vCard:N>
	<vCard:EMAIL>diekmann@fli-leibniz.de</vCard:EMAIL>
	<vCard:ORG rdf:parseType="Resource">
	<vCard:Orgname>Fritz Lipmann Institute, Jena, Germany</vCard:Orgname>
	</vCard:ORG>
	</rdf:li>
	<rdf:li rdf:parseType="Resource">
	<vCard:N rdf:parseType="Resource">
	<vCard:Family>Dittrich</vCard:Family>
	<vCard:Given>Peter</vCard:Given>
	</vCard:N>
	<vCard:EMAIL>ditrich@minet.uni-jena.de</vCard:EMAIL>
	<vCard:ORG rdf:parseType="Resource">
	<vCard:Orgname>Friedrich-Schiller-University Jena, Germany</vCard:Orgname>
	</vCard:ORG>
	</rdf:li>
	<rdf:li rdf:parseType="Resource">
	<vCard:N rdf:parseType="Resource">
	<vCard:Family>Schmitt</vCard:Family>
	<vCard:Given>Eberhard</vCard:Given>
	</vCard:N>
	<vCard:EMAIL>eschmitt@fli-leibniz.de</vCard:EMAIL>
	<vCard:ORG rdf:parseType="Resource">
	<vCard:Orgname>Fritz Lipmann Institute, Jena, Germany</vCard:Orgname>
	</vCard:ORG>
	</rdf:li>
	</rdf:Bag>
	</dc:creator>
	<dcterms:created rdf:parseType="Resource">
	<dcterms:W3CDTF>2008-09-11T20:58:11Z</dcterms:W3CDTF>
	</dcterms:created>
	<dcterms:modified rdf:parseType="Resource">
	<dcterms:W3CDTF>2009-09-23T17:09:50Z</dcterms:W3CDTF>
	</dcterms:modified>
	<bqmodel:is>
	<rdf:Bag>
	<rdf:li rdf:resource="http://identifiers.org/biomodels.db/MODEL1667525941"/>
	</rdf:Bag>
	</bqmodel:is>
	<bqmodel:is>
	<rdf:Bag>
	<rdf:li rdf:resource="http://identifiers.org/biomodels.db/BIOMD0000000194"/>
	</rdf:Bag>
	</bqmodel:is>
	<bqmodel:isDescribedBy>
	<rdf:Bag>
	<rdf:li rdf:resource="http://identifiers.org/pubmed/18295960"/>
	</rdf:Bag>
	</bqmodel:isDescribedBy>
	<bqbiol:hasTaxon>
	<rdf:Bag>
	<rdf:li rdf:resource="http://identifiers.org/taxonomy/9606"/>
	</rdf:Bag>
	</bqbiol:hasTaxon>
	<bqbiol:isVersionOf>
	<rdf:Bag>
	<rdf:li rdf:resource="http://identifiers.org/reactome/REACT_2137.2"/>
	<rdf:li rdf:resource="http://identifiers.org/obo.go/GO:0007094"/>
	</rdf:Bag>
	</bqbiol:isVersionOf>
	<bqbiol:isPartOf>
	<rdf:Bag>
	<rdf:li rdf:resource="http://identifiers.org/kegg.pathway/hsa04110"/>
	</rdf:Bag>
	</bqbiol:isPartOf>
	</rdf:Description>
	
      </rdf:RDF>
    </annotation>
      <listOfUnitDefinitions>
      <unitDefinition id="ps" metaid="metaid_0000042" name="per second">
        <listOfUnits>
          <unit exponent="-1" kind="second" metaid="_333958"/>
        </listOfUnits>
      </unitDefinition>
      <unitDefinition id="pMps" metaid="metaid_0000043" name=" liter per mole per second">
        <listOfUnits>
          <unit kind="litre" metaid="_333970"/>
          <unit exponent="-1" kind="mole" metaid="_333982"/>
          <unit exponent="-1" kind="second" metaid="_333994"/>
        </listOfUnits>
      </unitDefinition>
    </listOfUnitDefinitions>
    <listOfCompartments>
      <compartment id="Cytoplasm" metaid="metaid_0000014" name="Cytoplasm" size="1">
        <annotation>
          <rdf:RDF xmlns:rdf="http://www.w3.org/1999/02/22-rdf-syntax-ns#" xmlns:bqmodel="http://biomodels.net/model-qualifiers/" xmlns:bqbiol="http://biomodels.net/biology-qualifiers/">
            <rdf:Description rdf:about="#metaid_0000014">
	<bqbiol:is>
	<rdf:Bag>
	<rdf:li rdf:resource="http://identifiers.org/obo.go/GO:0005737"/>
	</rdf:Bag>
	</bqbiol:is>
	</rdf:Description>
	
          </rdf:RDF>
        </annotation>
            </compartment>
    </listOfCompartments>
    <listOfSpecies>
      <species compartment="Cytoplasm" id="Mad1_CMad2" initialConcentration="5E-8" metaid="metaid_0000015" name="Mad1:C-Mad2" sboTerm="SBO:0000297" substanceUnits="mole">
        <annotation>
          <rdf:RDF xmlns:rdf="http://www.w3.org/1999/02/22-rdf-syntax-ns#" xmlns:bqmodel="http://biomodels.net/model-qualifiers/" xmlns:bqbiol="http://biomodels.net/biology-qualifiers/">
            <rdf:Description rdf:about="#metaid_0000015">
	<bqbiol:hasPart>
	<rdf:Bag>
	<rdf:li rdf:resource="http://identifiers.org/uniprot/Q9Y6D9"/>
	<rdf:li rdf:resource="http://identifiers.org/uniprot/Q13257"/>
	</rdf:Bag>
	</bqbiol:hasPart>
	</rdf:Description>
	
          </rdf:RDF>
        </annotation>
            </species>
      <species compartment="Cytoplasm" id="OMad2" initialConcentration="1.5E-7" metaid="metaid_0000016" name="O-Mad2" substanceUnits="mole">
        <notes>
          <p xmlns="http://www.w3.org/1999/xhtml">
        Open conformation of Mad2</p>
          
        </notes>
        <annotation>
          <rdf:RDF xmlns:rdf="http://www.w3.org/1999/02/22-rdf-syntax-ns#" xmlns:bqmodel="http://biomodels.net/model-qualifiers/" xmlns:bqbiol="http://biomodels.net/biology-qualifiers/">
            <rdf:Description rdf:about="#metaid_0000016">
	<bqbiol:isVersionOf>
	<rdf:Bag>
	<rdf:li rdf:resource="http://identifiers.org/uniprot/Q13257"/>
	</rdf:Bag>
	</bqbiol:isVersionOf>
	</rdf:Description>
	
          </rdf:RDF>
        </annotation>
            </species>
      <species compartment="Cytoplasm" id="Mad1_CMad2_OMad2" initialConcentration="0" metaid="metaid_0000017" name="Mad1:C-Mad2:O-Mad2*" sboTerm="SBO:0000297" substanceUnits="mole">
        <annotation>
          <rdf:RDF xmlns:rdf="http://www.w3.org/1999/02/22-rdf-syntax-ns#" xmlns:bqmodel="http://biomodels.net/model-qualifiers/" xmlns:bqbiol="http://biomodels.net/biology-qualifiers/">
            <rdf:Description rdf:about="#metaid_0000017">
	<bqbiol:hasPart>
	<rdf:Bag>
	<rdf:li rdf:resource="http://identifiers.org/uniprot/Q9Y6D9"/>
	<rdf:li rdf:resource="http://identifiers.org/uniprot/Q13257"/>
	</rdf:Bag>
	</bqbiol:hasPart>
	</rdf:Description>
	
          </rdf:RDF>
        </annotation>
            </species>
      <species compartment="Cytoplasm" id="Cdc20" initialConcentration="2.2E-7" metaid="metaid_0000018" name="Cdc20" substanceUnits="mole">
        <annotation>
          <rdf:RDF xmlns:rdf="http://www.w3.org/1999/02/22-rdf-syntax-ns#" xmlns:bqmodel="http://biomodels.net/model-qualifiers/" xmlns:bqbiol="http://biomodels.net/biology-qualifiers/">
            <rdf:Description rdf:about="#metaid_0000018">
	<bqbiol:isVersionOf>
	<rdf:Bag>
	<rdf:li rdf:resource="http://identifiers.org/uniprot/Q12834"/>
	</rdf:Bag>
	</bqbiol:isVersionOf>
	</rdf:Description>
	
          </rdf:RDF>
        </annotation>
            </species>
      <species compartment="Cytoplasm" id="Cdc20_CMad2" initialConcentration="0" metaid="metaid_0000019" name="Cdc20:C-Mad2" sboTerm="SBO:0000297" substanceUnits="mole">
        <annotation>
          <rdf:RDF xmlns:rdf="http://www.w3.org/1999/02/22-rdf-syntax-ns#" xmlns:bqmodel="http://biomodels.net/model-qualifiers/" xmlns:bqbiol="http://biomodels.net/biology-qualifiers/">
            <rdf:Description rdf:about="#metaid_0000019">
	<bqbiol:hasPart>
	<rdf:Bag>
	<rdf:li rdf:resource="http://identifiers.org/uniprot/Q12834"/>
	<rdf:li rdf:resource="http://identifiers.org/uniprot/Q13257"/>
	</rdf:Bag>
	</bqbiol:hasPart>
	</rdf:Description>
	
          </rdf:RDF>
        </annotation>
            </species>
    </listOfSpecies>
    <listOfParameters>
      <parameter id="eta_T" metaid="metaid_0000003" sboTerm="SBO:0000338" units="ps" value="0.01"/>
      <parameter id="gamma_T" metaid="metaid_0000008" sboTerm="SBO:0000036" units="pMps" value="1000000000"/>
      <parameter id="alpha_T" metaid="metaid_0000009" sboTerm="SBO:0000339" units="pMps" value="200000"/>
      <parameter id="beta_T" metaid="metaid_0000010" sboTerm="SBO:0000338" units="ps" value="0.2"/>
      <parameter constant="false" id="u" metaid="metaid_0000007" units="dimensionless" value="1">
        <notes>
          <body xmlns="http://www.w3.org/1999/xhtml">
                <i>u = 1 : kinetochore unattached</i>
                    <br/>
                    <i>u = 0 : kinetochore attached</i>
                    </body>
          
        </notes>
      </parameter>
      <parameter id="const_val_0" metaid="metaid_0000044" units="dimensionless" value="0"/>
      <parameter id="const_val_1" metaid="metaid_0000045" units="dimensionless" value="1"/>
    </listOfParameters>
    <listOfReactions>
      <reaction id="R6" metaid="metaid_0000023">
        <annotation>
          <rdf:RDF xmlns:rdf="http://www.w3.org/1999/02/22-rdf-syntax-ns#" xmlns:bqmodel="http://biomodels.net/model-qualifiers/" xmlns:bqbiol="http://biomodels.net/biology-qualifiers/">
            <rdf:Description rdf:about="#metaid_0000023">
	<bqbiol:isVersionOf>
	<rdf:Bag>
	<rdf:li rdf:resource="http://identifiers.org/obo.go/GO:0006461"/>
	<rdf:li rdf:resource="http://identifiers.org/obo.go/GO:0043241"/>
	<rdf:li rdf:resource="http://identifiers.org/obo.go/GO:0032092"/>
	</rdf:Bag>
	</bqbiol:isVersionOf>
	</rdf:Description>
	
          </rdf:RDF>
        </annotation>
              <listOfReactants>
          <speciesReference metaid="_334006" species="Mad1_CMad2"/>
          <speciesReference metaid="_334018" species="OMad2"/>
        </listOfReactants>
        <listOfProducts>
          <speciesReference metaid="_334030" species="Mad1_CMad2_OMad2"/>
        </listOfProducts>
        <kineticLaw metaid="_334042" sboTerm="SBO:0000101">
          <math xmlns="http://www.w3.org/1998/Math/MathML">          
            <apply>
              <times/>
              <ci> Cytoplasm </ci>
              <apply>
                <minus/>
                <apply>
                  <times/>
                  <ci> u </ci>
                  <ci> alpha_T </ci>
                  <ci> Mad1_CMad2 </ci>
                  <ci> OMad2 </ci>
                </apply>
                <apply>
                  <times/>
                  <ci> beta_T </ci>
                  <ci> Mad1_CMad2_OMad2 </ci>
                </apply>
              </apply>
            </apply>
          </math>
                </kineticLaw>
      </reaction>
      <reaction id="R7" metaid="metaid_0000024" reversible="false">
        <annotation>
          <rdf:RDF xmlns:rdf="http://www.w3.org/1999/02/22-rdf-syntax-ns#" xmlns:bqmodel="http://biomodels.net/model-qualifiers/" xmlns:bqbiol="http://biomodels.net/biology-qualifiers/">
            <rdf:Description rdf:about="#metaid_0000024">
	<bqbiol:isVersionOf>
	<rdf:Bag>
	<rdf:li rdf:resource="http://identifiers.org/obo.go/GO:0006461"/>
	<rdf:li rdf:resource="http://identifiers.org/obo.go/GO:0032092"/>
	</rdf:Bag>
	</bqbiol:isVersionOf>
	</rdf:Description>
	
          </rdf:RDF>
        </annotation>
              <listOfReactants>
          <speciesReference metaid="_334055" species="Mad1_CMad2_OMad2"/>
          <speciesReference metaid="_334067" species="Cdc20"/>
        </listOfReactants>
        <listOfProducts>
          <speciesReference metaid="_334080" species="Mad1_CMad2"/>
          <speciesReference metaid="_334092" species="Cdc20_CMad2"/>
        </listOfProducts>
        <kineticLaw metaid="_334104" sboTerm="SBO:0000054">
          <math xmlns="http://www.w3.org/1998/Math/MathML">          
            <apply>
              <times/>
              <ci> Cytoplasm </ci>
              <ci> u </ci>
              <ci> gamma_T </ci>
              <ci> Mad1_CMad2_OMad2 </ci>
              <ci> Cdc20 </ci>
            </apply>
          </math>
                </kineticLaw>
      </reaction>
      <reaction id="R8" metaid="metaid_0000025" reversible="false">
        <annotation>
          <rdf:RDF xmlns:rdf="http://www.w3.org/1999/02/22-rdf-syntax-ns#" xmlns:bqmodel="http://biomodels.net/model-qualifiers/" xmlns:bqbiol="http://biomodels.net/biology-qualifiers/">
            <rdf:Description rdf:about="#metaid_0000025">
	<bqbiol:isVersionOf>
	<rdf:Bag>
	<rdf:li rdf:resource="http://identifiers.org/obo.go/GO:0043241"/>
	</rdf:Bag>
	</bqbiol:isVersionOf>
	</rdf:Description>
	
          </rdf:RDF>
        </annotation>
              <listOfReactants>
          <speciesReference metaid="_334116" species="Cdc20_CMad2"/>
        </listOfReactants>
        <listOfProducts>
          <speciesReference metaid="_334128" species="Cdc20"/>
          <speciesReference metaid="_334141" species="OMad2"/>
        </listOfProducts>
        <kineticLaw metaid="_334153" sboTerm="SBO:0000049">
          <math xmlns="http://www.w3.org/1998/Math/MathML">          
            <apply>
              <times/>
              <ci> Cytoplasm </ci>
              <ci> eta_T </ci>
              <ci> Cdc20_CMad2 </ci>
            </apply>
          </math>
                </kineticLaw>
      </reaction>
    </listOfReactions>
    <listOfEvents>
      <event id="mt_attachment" metaid="metaid_0000031" name="Microtubule attachment">
        <annotation>
          <rdf:RDF xmlns:rdf="http://www.w3.org/1999/02/22-rdf-syntax-ns#" xmlns:bqmodel="http://biomodels.net/model-qualifiers/" xmlns:bqbiol="http://biomodels.net/biology-qualifiers/">
            <rdf:Description rdf:about="#metaid_0000031">
	<bqbiol:is>
	<rdf:Bag>
	<rdf:li rdf:resource="http://identifiers.org/obo.go/GO:0008608"/>
	</rdf:Bag>
	</bqbiol:is>
	</rdf:Description>
	
          </rdf:RDF>
        </annotation>
              <trigger metaid="_334165">
          <math xmlns="http://www.w3.org/1998/Math/MathML">          
            <apply>
              <gt/>
              <csymbol encoding="text" definitionURL="http://www.sbml.org/sbml/symbols/time"> time </csymbol>
              <cn> 2000 </cn>
            </apply>
          </math>
                </trigger>
        <listOfEventAssignments>
          <eventAssignment metaid="_334177" variable="u">
            <math xmlns="http://www.w3.org/1998/Math/MathML">            
              <ci> const_val_0 </ci>
            </math>
                    </eventAssignment>
        </listOfEventAssignments>
      </event>
    </listOfEvents>
  </model>
</sbml>