<?xml version='1.0' encoding='UTF-8' standalone='no'?>
<sbml xmlns="http://www.sbml.org/sbml/level2" level="2" metaid="metaid_0000001" version="1" xmlns:html="http://www.w3.org/1999/xhtml" xmlns:math="http://www.w3.org/1998/Math/MathML" xmlns:sbml="http://www.sbml.org/sbml/level2">
  <model id="Zeilinger2006_PRR7_PRR9light_Y" metaid="_114023" name="Zeilinger2006_PRR7-PRR9light-Y">
    <notes>
      <body xmlns="http://www.w3.org/1999/xhtml">
        <p>The model reproduces the time profile of cYm and cTm under light-dark cycles as depicted in Fig 4 and Fig 5  respectively. 12 hour light-dark cycles are accomplished using a simple algorithm in the event section. The model was successfully tested using MathSBML.</p>
            <br/>
            <p>To the extent possible under law, all copyright and related or neighbouring rights to this encoded model have been dedicated to the public domain worldwide. Please refer to      <a href="http://creativecommons.org/publicdomain/zero/1.0/" title="Creative Commons CC0">CC0 Public Domain Dedication</a>
          for more information.      </p>
            <p>In summary, you are entitled to use this encoded model in absolutely any manner you deem suitable, verbatim, or with modification, alone or embedded it in a larger context, redistribute it, commercially or not, in a restricted way or not.</p>
            <br/>
            <p>To cite BioModels Database, please use:      <a href="http://www.ncbi.nlm.nih.gov/pubmed/20587024" target="_blank">Li C, Donizelli M, Rodriguez N, Dharuri H, Endler L, Chelliah V, Li L, He E, Henry A, Stefan MI, Snoep JL, Hucka M, Le Novère N, Laibe C (2010) BioModels Database: An enhanced, curated and annotated resource for published quantitative kinetic models. BMC Syst Biol., 4:92.</a>
                </p>
            </body>
      
    </notes>
    <annotation>
      <rdf:RDF xmlns:rdf="http://www.w3.org/1999/02/22-rdf-syntax-ns#" xmlns:bqmodel="http://biomodels.net/model-qualifiers/" xmlns:vCard="http://www.w3.org/2001/vcard-rdf/3.0#" xmlns:dc="http://purl.org/dc/elements/1.1/" xmlns:dcterms="http://purl.org/dc/terms/" xmlns:bqbiol="http://biomodels.net/biology-qualifiers/">
        <rdf:Description rdf:about="#_114023">
	<dc:creator>
	<rdf:Bag>
	<rdf:li rdf:parseType="Resource">
	<vCard:N rdf:parseType="Resource">
	<vCard:Family>Dharuri</vCard:Family>
	<vCard:Given>Harish</vCard:Given>
	</vCard:N>
	<vCard:EMAIL>hdharuri@cds.caltech.edu</vCard:EMAIL>
	<vCard:ORG rdf:parseType="Resource">
	<vCard:Orgname>California Institute of Technology</vCard:Orgname>
	</vCard:ORG>
	</rdf:li>
	</rdf:Bag>
	</dc:creator>
	<dcterms:created rdf:parseType="Resource">
	<dcterms:W3CDTF>2007-03-03T06:07:14Z</dcterms:W3CDTF>
	</dcterms:created>
	<dcterms:modified rdf:parseType="Resource">
	<dcterms:W3CDTF>2012-07-05T14:47:08Z</dcterms:W3CDTF>
	</dcterms:modified>
	<bqmodel:is>
	<rdf:Bag>
	<rdf:li rdf:resource="http://identifiers.org/biomodels.db/MODEL4025634026"/>
	</rdf:Bag>
	</bqmodel:is>
	<bqmodel:is>
	<rdf:Bag>
	<rdf:li rdf:resource="http://identifiers.org/biomodels.db/BIOMD0000000096"/>
	</rdf:Bag>
	</bqmodel:is>
	<bqmodel:isDescribedBy>
	<rdf:Bag>
	<rdf:li rdf:resource="http://identifiers.org/pubmed/17102803"/>
	</rdf:Bag>
	</bqmodel:isDescribedBy>
	<bqmodel:isDerivedFrom>
	<rdf:Bag>
	<rdf:li rdf:resource="http://identifiers.org/biomodels.db/BIOMD0000000055"/>
	</rdf:Bag>
	</bqmodel:isDerivedFrom>
	<bqbiol:is>
	<rdf:Bag>
	<rdf:li rdf:resource="http://identifiers.org/kegg.pathway/ath04710"/>
	<rdf:li rdf:resource="http://identifiers.org/obo.go/GO:0007623"/>
	</rdf:Bag>
	</bqbiol:is>
	<bqbiol:hasTaxon>
	<rdf:Bag>
	<rdf:li rdf:resource="http://identifiers.org/taxonomy/3701"/>
	</rdf:Bag>
	</bqbiol:hasTaxon>
	</rdf:Description>
	
      </rdf:RDF>
    </annotation>
      <listOfUnitDefinitions>
      <unitDefinition id="substance" metaid="metaid_0000161" name="nanomoles">
        <listOfUnits>
          <unit kind="mole" metaid="_983384" scale="-9"/>
        </listOfUnits>
      </unitDefinition>
      <unitDefinition id="time" metaid="metaid_0000162" name="hour">
        <listOfUnits>
          <unit kind="second" metaid="_983396" multiplier="3600"/>
        </listOfUnits>
      </unitDefinition>
      <unitDefinition id="Hr_inv" metaid="metaid_0000163" name="Hour_inv">
        <listOfUnits>
          <unit exponent="-1" kind="second" metaid="_983408" multiplier="3600"/>
        </listOfUnits>
      </unitDefinition>
      <unitDefinition id="nM" metaid="metaid_0000164" name="nM">
        <listOfUnits>
          <unit kind="mole" metaid="_983420" scale="-9"/>
          <unit exponent="-1" kind="litre" metaid="_983432"/>
        </listOfUnits>
      </unitDefinition>
      <unitDefinition id="nM_per_hour" metaid="metaid_0000165" name="nM_per_hour">
        <listOfUnits>
          <unit kind="mole" metaid="_983444" scale="-9"/>
          <unit exponent="-1" kind="litre" metaid="_983456"/>
          <unit exponent="-1" kind="second" metaid="_983468" multiplier="3600"/>
        </listOfUnits>
      </unitDefinition>
    </listOfUnitDefinitions>
    <listOfCompartments>
      <compartment id="cytoplasm" metaid="_114039" name="cytoplasm" size="1">
        <annotation>
          <rdf:RDF xmlns:rdf="http://www.w3.org/1999/02/22-rdf-syntax-ns#" xmlns:bqmodel="http://biomodels.net/model-qualifiers/" xmlns:bqbiol="http://biomodels.net/biology-qualifiers/">
            <rdf:Description rdf:about="#_114039">
	<bqbiol:is>
	<rdf:Bag>
	<rdf:li rdf:resource="http://identifiers.org/obo.go/GO:0005737"/>
	</rdf:Bag>
	</bqbiol:is>
	</rdf:Description>
	
          </rdf:RDF>
        </annotation>
            </compartment>
      <compartment id="nucleus" metaid="metaid_0000172" name="nucleus" outside="cytoplasm" size="1">
        <annotation>
          <rdf:RDF xmlns:rdf="http://www.w3.org/1999/02/22-rdf-syntax-ns#" xmlns:bqmodel="http://biomodels.net/model-qualifiers/" xmlns:bqbiol="http://biomodels.net/biology-qualifiers/">
            <rdf:Description rdf:about="#metaid_0000172">
	<bqbiol:is>
	<rdf:Bag>
	<rdf:li rdf:resource="http://identifiers.org/obo.go/GO:0005634"/>
	</rdf:Bag>
	</bqbiol:is>
	</rdf:Description>
	
          </rdf:RDF>
        </annotation>
            </compartment>
    </listOfCompartments>
    <listOfSpecies>
      <species compartment="cytoplasm" id="cLc" initialConcentration="0.0731" metaid="_114059" name="cLc">
        <annotation>
          <rdf:RDF xmlns:rdf="http://www.w3.org/1999/02/22-rdf-syntax-ns#" xmlns:bqmodel="http://biomodels.net/model-qualifiers/" xmlns:bqbiol="http://biomodels.net/biology-qualifiers/">
            <rdf:Description rdf:about="#_114059">
	<bqbiol:is>
	<rdf:Bag>
	<rdf:li rdf:resource="http://identifiers.org/uniprot/O81713"/>
	</rdf:Bag>
	</bqbiol:is>
	</rdf:Description>
	
          </rdf:RDF>
        </annotation>
            </species>
      <species compartment="nucleus" id="cLm" initialConcentration="0.1114" metaid="_114079" name="cLm">
        <annotation>
          <rdf:RDF xmlns:rdf="http://www.w3.org/1999/02/22-rdf-syntax-ns#" xmlns:bqmodel="http://biomodels.net/model-qualifiers/" xmlns:bqbiol="http://biomodels.net/biology-qualifiers/">
            <rdf:Description rdf:about="#_114079">
	<bqbiol:is>
	<rdf:Bag>
	<rdf:li rdf:resource="http://identifiers.org/obo.chebi/CHEBI:33699"/>
	<rdf:li rdf:resource="http://identifiers.org/kegg.compound/C00046"/>
	</rdf:Bag>
	</bqbiol:is>
	</rdf:Description>
	
          </rdf:RDF>
        </annotation>
            </species>
      <species compartment="nucleus" id="cLn" initialConcentration="0.2366" metaid="_114099" name="cLn">
        <annotation>
          <rdf:RDF xmlns:rdf="http://www.w3.org/1999/02/22-rdf-syntax-ns#" xmlns:bqmodel="http://biomodels.net/model-qualifiers/" xmlns:bqbiol="http://biomodels.net/biology-qualifiers/">
            <rdf:Description rdf:about="#_114099">
	<bqbiol:is>
	<rdf:Bag>
	<rdf:li rdf:resource="http://identifiers.org/uniprot/O81713"/>
	</rdf:Bag>
	</bqbiol:is>
	</rdf:Description>
	
          </rdf:RDF>
        </annotation>
            </species>
      <species compartment="cytoplasm" id="cP7c" initialConcentration="0.0266" metaid="_114119" name="cP7c">
        <annotation>
          <rdf:RDF xmlns:rdf="http://www.w3.org/1999/02/22-rdf-syntax-ns#" xmlns:bqmodel="http://biomodels.net/model-qualifiers/" xmlns:bqbiol="http://biomodels.net/biology-qualifiers/">
            <rdf:Description rdf:about="#_114119">
	<bqbiol:is>
	<rdf:Bag>
	<rdf:li rdf:resource="http://identifiers.org/uniprot/Q93WK5"/>
	</rdf:Bag>
	</bqbiol:is>
	</rdf:Description>
	
          </rdf:RDF>
        </annotation>
            </species>
      <species compartment="nucleus" id="cP7m" initialConcentration="0.0204" metaid="_114139" name="cP7m">
        <annotation>
          <rdf:RDF xmlns:rdf="http://www.w3.org/1999/02/22-rdf-syntax-ns#" xmlns:bqmodel="http://biomodels.net/model-qualifiers/" xmlns:bqbiol="http://biomodels.net/biology-qualifiers/">
            <rdf:Description rdf:about="#_114139">
	<bqbiol:is>
	<rdf:Bag>
	<rdf:li rdf:resource="http://identifiers.org/obo.chebi/CHEBI:33699"/>
	<rdf:li rdf:resource="http://identifiers.org/kegg.compound/C00046"/>
	</rdf:Bag>
	</bqbiol:is>
	</rdf:Description>
	
          </rdf:RDF>
        </annotation>
            </species>
      <species compartment="nucleus" id="cP7n" initialConcentration="1.5103" metaid="_114159" name="cP7n">
        <annotation>
          <rdf:RDF xmlns:rdf="http://www.w3.org/1999/02/22-rdf-syntax-ns#" xmlns:bqmodel="http://biomodels.net/model-qualifiers/" xmlns:bqbiol="http://biomodels.net/biology-qualifiers/">
            <rdf:Description rdf:about="#_114159">
	<bqbiol:is>
	<rdf:Bag>
	<rdf:li rdf:resource="http://identifiers.org/uniprot/Q93WK5"/>
	</rdf:Bag>
	</bqbiol:is>
	</rdf:Description>
	
          </rdf:RDF>
        </annotation>
            </species>
      <species compartment="cytoplasm" id="cP9c" initialConcentration="0.734" metaid="_114179" name="cP9c">
        <annotation>
          <rdf:RDF xmlns:rdf="http://www.w3.org/1999/02/22-rdf-syntax-ns#" xmlns:bqmodel="http://biomodels.net/model-qualifiers/" xmlns:bqbiol="http://biomodels.net/biology-qualifiers/">
            <rdf:Description rdf:about="#_114179">
	<bqbiol:is>
	<rdf:Bag>
	<rdf:li rdf:resource="http://identifiers.org/uniprot/Q8L500"/>
	</rdf:Bag>
	</bqbiol:is>
	</rdf:Description>
	
          </rdf:RDF>
        </annotation>
            </species>
      <species compartment="nucleus" id="cP9m" initialConcentration="0.002" metaid="_114199" name="cP9m">
        <annotation>
          <rdf:RDF xmlns:rdf="http://www.w3.org/1999/02/22-rdf-syntax-ns#" xmlns:bqmodel="http://biomodels.net/model-qualifiers/" xmlns:bqbiol="http://biomodels.net/biology-qualifiers/">
            <rdf:Description rdf:about="#_114199">
	<bqbiol:is>
	<rdf:Bag>
	<rdf:li rdf:resource="http://identifiers.org/obo.chebi/CHEBI:33699"/>
	<rdf:li rdf:resource="http://identifiers.org/kegg.compound/C00046"/>
	</rdf:Bag>
	</bqbiol:is>
	</rdf:Description>
	
          </rdf:RDF>
        </annotation>
            </species>
      <species compartment="nucleus" id="cP9n" initialConcentration="1.1162" metaid="_114219" name="cP9n">
        <annotation>
          <rdf:RDF xmlns:rdf="http://www.w3.org/1999/02/22-rdf-syntax-ns#" xmlns:bqmodel="http://biomodels.net/model-qualifiers/" xmlns:bqbiol="http://biomodels.net/biology-qualifiers/">
            <rdf:Description rdf:about="#_114219">
	<bqbiol:is>
	<rdf:Bag>
	<rdf:li rdf:resource="http://identifiers.org/uniprot/Q8L500"/>
	</rdf:Bag>
	</bqbiol:is>
	</rdf:Description>
	
          </rdf:RDF>
        </annotation>
            </species>
      <species compartment="nucleus" id="cPn" initialConcentration="0" metaid="_114239" name="cPn"/>
      <species compartment="cytoplasm" id="cTc" initialConcentration="5.2235" metaid="_114259" name="cTc">
        <annotation>
          <rdf:RDF xmlns:rdf="http://www.w3.org/1999/02/22-rdf-syntax-ns#" xmlns:bqmodel="http://biomodels.net/model-qualifiers/" xmlns:bqbiol="http://biomodels.net/biology-qualifiers/">
            <rdf:Description rdf:about="#_114259">
	<bqbiol:is>
	<rdf:Bag>
	<rdf:li rdf:resource="http://identifiers.org/uniprot/Q9LKL2"/>
	<rdf:li rdf:resource="http://identifiers.org/interpro/IPR010402"/>
	</rdf:Bag>
	</bqbiol:is>
	</rdf:Description>
	
          </rdf:RDF>
        </annotation>
            </species>
      <species compartment="nucleus" id="cTm" initialConcentration="3.6732" metaid="_114279" name="cTm">
        <annotation>
          <rdf:RDF xmlns:rdf="http://www.w3.org/1999/02/22-rdf-syntax-ns#" xmlns:bqmodel="http://biomodels.net/model-qualifiers/" xmlns:bqbiol="http://biomodels.net/biology-qualifiers/">
            <rdf:Description rdf:about="#_114279">
	<bqbiol:is>
	<rdf:Bag>
	<rdf:li rdf:resource="http://identifiers.org/obo.chebi/CHEBI:33699"/>
	<rdf:li rdf:resource="http://identifiers.org/kegg.compound/C00046"/>
	</rdf:Bag>
	</bqbiol:is>
	</rdf:Description>
	
          </rdf:RDF>
        </annotation>
            </species>
      <species compartment="nucleus" id="cTn" initialConcentration="4.5333" metaid="_114299" name="cTn">
        <annotation>
          <rdf:RDF xmlns:rdf="http://www.w3.org/1999/02/22-rdf-syntax-ns#" xmlns:bqmodel="http://biomodels.net/model-qualifiers/" xmlns:bqbiol="http://biomodels.net/biology-qualifiers/">
            <rdf:Description rdf:about="#_114299">
	<bqbiol:is>
	<rdf:Bag>
	<rdf:li rdf:resource="http://identifiers.org/uniprot/Q9LKL2"/>
	</rdf:Bag>
	</bqbiol:is>
	</rdf:Description>
	
          </rdf:RDF>
        </annotation>
            </species>
      <species compartment="cytoplasm" id="cXc" initialConcentration="2.4188" metaid="_114319" name="cXc"/>
      <species compartment="nucleus" id="cXm" initialConcentration="0.652" metaid="_114339" name="cXm">
        <annotation>
          <rdf:RDF xmlns:rdf="http://www.w3.org/1999/02/22-rdf-syntax-ns#" xmlns:bqmodel="http://biomodels.net/model-qualifiers/" xmlns:bqbiol="http://biomodels.net/biology-qualifiers/">
            <rdf:Description rdf:about="#_114339">
	<bqbiol:is>
	<rdf:Bag>
	<rdf:li rdf:resource="http://identifiers.org/obo.chebi/CHEBI:33699"/>
	<rdf:li rdf:resource="http://identifiers.org/kegg.compound/C00046"/>
	</rdf:Bag>
	</bqbiol:is>
	</rdf:Description>
	
          </rdf:RDF>
        </annotation>
            </species>
      <species compartment="nucleus" id="cXn" initialConcentration="14.7289" metaid="_114359" name="cXn">
        <annotation>
          <rdf:RDF xmlns:rdf="http://www.w3.org/1999/02/22-rdf-syntax-ns#" xmlns:bqmodel="http://biomodels.net/model-qualifiers/" xmlns:bqbiol="http://biomodels.net/biology-qualifiers/">
            <rdf:Description rdf:about="#_114359">
	<bqbiol:is>
	<rdf:Bag>
	<rdf:li rdf:resource="http://identifiers.org/obo.go/GO:0005667"/>
	</rdf:Bag>
	</bqbiol:is>
	</rdf:Description>
	
          </rdf:RDF>
        </annotation>
            </species>
      <species compartment="cytoplasm" id="cYc" initialConcentration="49.2611" metaid="_114379" name="cYc"/>
      <species compartment="nucleus" id="cYm" initialConcentration="0.2992" metaid="_114399" name="cYm">
        <annotation>
          <rdf:RDF xmlns:rdf="http://www.w3.org/1999/02/22-rdf-syntax-ns#" xmlns:bqmodel="http://biomodels.net/model-qualifiers/" xmlns:bqbiol="http://biomodels.net/biology-qualifiers/">
            <rdf:Description rdf:about="#_114399">
	<bqbiol:is>
	<rdf:Bag>
	<rdf:li rdf:resource="http://identifiers.org/obo.chebi/CHEBI:33699"/>
	<rdf:li rdf:resource="http://identifiers.org/kegg.compound/C00046"/>
	</rdf:Bag>
	</bqbiol:is>
	</rdf:Description>
	
          </rdf:RDF>
        </annotation>
            </species>
      <species compartment="nucleus" id="cYn" initialConcentration="17.4355" metaid="_114419" name="cYn">
        <annotation>
          <rdf:RDF xmlns:rdf="http://www.w3.org/1999/02/22-rdf-syntax-ns#" xmlns:bqmodel="http://biomodels.net/model-qualifiers/" xmlns:bqbiol="http://biomodels.net/biology-qualifiers/">
            <rdf:Description rdf:about="#_114419">
	<bqbiol:is>
	<rdf:Bag>
	<rdf:li rdf:resource="http://identifiers.org/obo.go/GO:0005667"/>
	</rdf:Bag>
	</bqbiol:is>
	</rdf:Description>
	
          </rdf:RDF>
        </annotation>
            </species>
    </listOfSpecies>
    <listOfParameters>
      <parameter id="q1" metaid="metaid_0000073" name="q1" units="Hr_inv" value="7.9798"/>
      <parameter id="n1" metaid="metaid_0000074" name="n1" units="nM_per_hour" value="2.3023"/>
      <parameter id="g1" metaid="metaid_0000075" name="g1" units="nM" value="16.3389"/>
      <parameter id="m1" metaid="metaid_0000076" name="m1" units="nM_per_hour" value="8.0568"/>
      <parameter id="k1" metaid="metaid_0000077" name="k1" units="nM" value="22.3951"/>
      <parameter id="p1" metaid="metaid_0000078" name="p1" units="Hr_inv" value="1.2294"/>
      <parameter id="r1" metaid="metaid_0000079" name="r1" units="Hr_inv" value="31.5166"/>
      <parameter id="r2" metaid="metaid_0000080" name="r2" units="Hr_inv" value="9.1138"/>
      <parameter id="m2" metaid="metaid_0000081" name="m2" units="nM_per_hour" value="10.4609"/>
      <parameter id="k2" metaid="metaid_0000082" name="k2" units="nM" value="32.7881"/>
      <parameter id="m3" metaid="metaid_0000083" name="m3" units="nM_per_hour" value="12.7853"/>
      <parameter id="k3" metaid="metaid_0000084" name="k3" units="nM" value="29.0823"/>
      <parameter id="n2" metaid="metaid_0000085" name="n2" units="nM_per_hour" value="7.5433"/>
      <parameter id="g2" metaid="metaid_0000086" name="g2" units="nM" value="16.7487"/>
      <parameter id="g3" metaid="metaid_0000087" name="g3" units="nM" value="11.5922"/>
      <parameter id="m4" metaid="metaid_0000088" name="m4" units="nM_per_hour" value="8.5185"/>
      <parameter id="k4" metaid="metaid_0000089" name="k4" units="nM" value="4.0551"/>
      <parameter id="p2" metaid="metaid_0000090" name="p2" units="Hr_inv" value="1.0494"/>
      <parameter id="p3" metaid="metaid_0000091" name="p3" units="Hr_inv" value="8.583"/>
      <parameter id="r5" metaid="metaid_0000092" name="r5" units="Hr_inv" value="27.818"/>
      <parameter id="r6" metaid="metaid_0000093" name="r6" units="Hr_inv" value="4.2863"/>
      <parameter id="m10" metaid="metaid_0000094" name="m10" units="nM_per_hour" value="9.2511"/>
      <parameter id="k8" metaid="metaid_0000095" name="k8" units="nM" value="13.4324"/>
      <parameter id="m11" metaid="metaid_0000096" name="m11" units="nM_per_hour" value="7.9066"/>
      <parameter id="k9" metaid="metaid_0000097" name="k9" units="nM" value="14.605"/>
      <parameter id="q2" metaid="metaid_0000098" name="q2" units="Hr_inv" value="2.5505"/>
      <parameter id="n4" metaid="metaid_0000099" name="n4" units="nM_per_hour" value="1.5293"/>
      <parameter id="n5" metaid="metaid_0000100" name="n5" units="nM_per_hour" value="2.6296"/>
      <parameter id="g5" metaid="metaid_0000101" name="g5" units="nM" value="0.5061"/>
      <parameter id="g6" metaid="metaid_0000102" name="g6" units="nM" value="7.8469"/>
      <parameter id="m12" metaid="metaid_0000103" name="m12" units="nM_per_hour" value="8.4753"/>
      <parameter id="k10" metaid="metaid_0000104" name="k10" units="nM" value="16.1162"/>
      <parameter id="r3" metaid="metaid_0000105" name="r3" units="Hr_inv" value="29.4222"/>
      <parameter id="r4" metaid="metaid_0000106" name="r4" units="Hr_inv" value="33.6178"/>
      <parameter id="m5" metaid="metaid_0000107" name="m5" units="nM_per_hour" value="9.3024"/>
      <parameter id="m6" metaid="metaid_0000108" name="m6" units="nM_per_hour" value="10.899"/>
      <parameter id="k5" metaid="metaid_0000109" name="k5" units="nM" value="16.9133"/>
      <parameter id="m7" metaid="metaid_0000110" name="m7" units="nM_per_hour" value="0.7527"/>
      <parameter id="m8" metaid="metaid_0000111" name="m8" units="nM_per_hour" value="13.7459"/>
      <parameter id="k6" metaid="metaid_0000112" name="k6" units="nM" value="43.7049"/>
      <parameter id="n3" metaid="metaid_0000113" name="n3" units="nM_per_hour" value="0.6703"/>
      <parameter id="g4" metaid="metaid_0000114" name="g4" units="nM" value="11.3625"/>
      <parameter id="m9" metaid="metaid_0000115" name="m9" units="nM_per_hour" value="2.6345"/>
      <parameter id="k7" metaid="metaid_0000116" name="k7" units="nM" value="8.6873"/>
      <parameter id="p4" metaid="metaid_0000117" name="p4" units="Hr_inv" value="14.6828"/>
      <parameter id="r7" metaid="metaid_0000118" name="r7" units="Hr_inv" value="9.1917"/>
      <parameter id="r8" metaid="metaid_0000119" name="r8" units="Hr_inv" value="25.8963"/>
      <parameter id="m13" metaid="metaid_0000120" name="m13" units="nM_per_hour" value="6.8544"/>
      <parameter id="k11" metaid="metaid_0000121" name="k11" units="nM" value="48.5862"/>
      <parameter id="m14" metaid="metaid_0000122" name="m14" units="nM_per_hour" value="3.2581"/>
      <parameter id="k12" metaid="metaid_0000123" name="k12" units="nM" value="23.2876"/>
      <parameter id="p5" metaid="metaid_0000124" name="p5" units="nM_per_hour" value="0.5"/>
      <parameter id="k13" metaid="metaid_0000125" name="k13" units="nM" value="1.2"/>
      <parameter id="q3" metaid="metaid_0000126" name="q3" units="Hr_inv" value="1"/>
      <parameter id="m15" metaid="metaid_0000127" name="m15" units="nM_per_hour" value="1.2"/>
      <parameter id="g7" metaid="metaid_0000128" name="g7" units="nM" value="0.4444"/>
      <parameter id="g8" metaid="metaid_0000129" name="g8" units="nM" value="11.0459"/>
      <parameter id="n6" metaid="metaid_0000130" name="n6" units="nM_per_hour" value="11.3117"/>
      <parameter id="g9" metaid="metaid_0000131" name="g9" units="nM" value="14.5219"/>
      <parameter id="m16" metaid="metaid_0000132" name="m16" units="nM_per_hour" value="9.531"/>
      <parameter id="k14" metaid="metaid_0000133" name="k14" units="nM" value="50.9418"/>
      <parameter id="p6" metaid="metaid_0000134" name="p6" units="Hr_inv" value="6.7738"/>
      <parameter id="r9" metaid="metaid_0000135" name="r9" units="Hr_inv" value="31.0318"/>
      <parameter id="r10" metaid="metaid_0000136" name="r10" units="Hr_inv" value="0.4557"/>
      <parameter id="m17" metaid="metaid_0000137" name="m17" units="nM_per_hour" value="5.4062"/>
      <parameter id="k15" metaid="metaid_0000138" name="k15" units="nM" value="49.4094"/>
      <parameter id="m18" metaid="metaid_0000139" name="m18" units="nM_per_hour" value="8.671"/>
      <parameter id="k16" metaid="metaid_0000140" name="k16" units="nM" value="42.4837"/>
      <parameter id="n7" metaid="metaid_0000141" name="n7" units="nM_per_hour" value="0.0833"/>
      <parameter id="g10" metaid="metaid_0000142" name="g10" units="nM" value="5.6855"/>
      <parameter id="m19" metaid="metaid_0000143" name="m19" units="nM_per_hour" value="6.1155"/>
      <parameter id="k17" metaid="metaid_0000144" name="k17" units="nM" value="18.6089"/>
      <parameter id="p7" metaid="metaid_0000145" name="p7" units="Hr_inv" value="10.4532"/>
      <parameter id="r11" metaid="metaid_0000146" name="r11" units="Hr_inv" value="34.6266"/>
      <parameter id="r12" metaid="metaid_0000147" name="r12" units="Hr_inv" value="22.838"/>
      <parameter id="m20" metaid="metaid_0000148" name="m20" units="nM_per_hour" value="3.4152"/>
      <parameter id="k18" metaid="metaid_0000149" name="k18" units="nM" value="16.2407"/>
      <parameter id="m21" metaid="metaid_0000150" name="m21" units="nM_per_hour" value="0.028"/>
      <parameter id="k19" metaid="metaid_0000151" name="k19" units="nM" value="26.5795"/>
      <parameter id="q4" metaid="metaid_0000152" name="q4" units="Hr_inv" value="7.4548"/>
      <parameter id="n8" metaid="metaid_0000153" name="n8" units="nM" value="2.0738"/>
      <parameter constant="false" id="ld" metaid="metaid_0000154" name="ld" units="dimensionless" value="1"/>
      <parameter id="lmax" metaid="metaid_0000155" name="lmax" units="dimensionless" value="1"/>
      <parameter id="a" metaid="metaid_0000156" name="a" units="dimensionless" value="2.2802"/>
      <parameter id="b" metaid="metaid_0000157" name="b" units="dimensionless" value="3.1075"/>
      <parameter id="c" metaid="metaid_0000158" name="c" units="dimensionless" value="1.6808"/>
      <parameter id="d" metaid="metaid_0000159" name="d" units="dimensionless" value="1.0164"/>
      <parameter id="e" metaid="metaid_0000160" name="e" units="dimensionless" value="1.4943"/>
      <parameter id="f" metaid="metaid_0000166" name="f" units="dimensionless" value="1.9491"/>
      <parameter id="h" metaid="metaid_0000167" name="h" units="dimensionless" value="2.2116"/>
      <parameter id="i" metaid="metaid_0000168" name="i" units="dimensionless" value="1.1065"/>
      <parameter id="j" metaid="metaid_0000169" name="j" units="dimensionless" value="2.5579"/>
      <parameter id="k" metaid="metaid_0000170" name="k" units="dimensionless" value="3.3953"/>
      <parameter constant="false" id="Day_in_hours" metaid="metaid_0000171" units="time" value="24"/>
    </listOfParameters>
    <listOfReactions>
      <reaction id="R1" metaid="_150766" name="Light dependent cLm synthesis" reversible="false">
        <annotation>
          <rdf:RDF xmlns:rdf="http://www.w3.org/1999/02/22-rdf-syntax-ns#" xmlns:bqmodel="http://biomodels.net/model-qualifiers/" xmlns:bqbiol="http://biomodels.net/biology-qualifiers/">
            <rdf:Description rdf:about="#_150766">
	<bqbiol:is>
	<rdf:Bag>
	<rdf:li rdf:resource="http://identifiers.org/obo.go/GO:0006351"/>
	<rdf:li rdf:resource="http://identifiers.org/obo.go/GO:0009642"/>
	</rdf:Bag>
	</bqbiol:is>
	</rdf:Description>
	
          </rdf:RDF>
        </annotation>
              <listOfProducts>
          <speciesReference metaid="_983480" species="cLm"/>
        </listOfProducts>
        <listOfModifiers>
          <modifierSpeciesReference metaid="_983492" species="cPn"/>
        </listOfModifiers>
        <kineticLaw metaid="_983504">
          <math xmlns="http://www.w3.org/1998/Math/MathML">          
            <apply>
              <times/>
              <ci> nucleus </ci>
              <ci> ld </ci>
              <ci> q1 </ci>
              <ci> cPn </ci>
            </apply>
          </math>
                </kineticLaw>
      </reaction>
      <reaction id="R2" metaid="_150785" name="Light independent cLm synthesis" reversible="false">
        <annotation>
          <rdf:RDF xmlns:rdf="http://www.w3.org/1999/02/22-rdf-syntax-ns#" xmlns:bqmodel="http://biomodels.net/model-qualifiers/" xmlns:bqbiol="http://biomodels.net/biology-qualifiers/">
            <rdf:Description rdf:about="#_150785">
	<bqbiol:is>
	<rdf:Bag>
	<rdf:li rdf:resource="http://identifiers.org/obo.go/GO:0006351"/>
	</rdf:Bag>
	</bqbiol:is>
	</rdf:Description>
	
          </rdf:RDF>
        </annotation>
              <listOfProducts>
          <speciesReference metaid="_983516" species="cLm"/>
        </listOfProducts>
        <listOfModifiers>
          <modifierSpeciesReference metaid="_983528" species="cXn"/>
          <modifierSpeciesReference metaid="_983540" species="cP7n"/>
          <modifierSpeciesReference metaid="_983552" species="cP9n"/>
        </listOfModifiers>
        <kineticLaw metaid="_983564">
          <math xmlns="http://www.w3.org/1998/Math/MathML">          
            <apply>
              <times/>
              <ci> nucleus </ci>
              <apply>
                <divide/>
                <apply>
                  <times/>
                  <ci> n1 </ci>
                  <apply>
                    <power/>
                    <ci> cXn </ci>
                    <ci> a </ci>
                  </apply>
                </apply>
                <apply>
                  <plus/>
                  <apply>
                    <power/>
                    <ci> g1 </ci>
                    <ci> a </ci>
                  </apply>
                  <apply>
                    <power/>
                    <ci> cXn </ci>
                    <ci> a </ci>
                  </apply>
                </apply>
              </apply>
              <apply>
                <divide/>
                <apply>
                  <power/>
                  <ci> g7 </ci>
                  <ci> h </ci>
                </apply>
                <apply>
                  <plus/>
                  <apply>
                    <power/>
                    <ci> g7 </ci>
                    <ci> h </ci>
                  </apply>
                  <apply>
                    <power/>
                    <ci> cP7n </ci>
                    <ci> h </ci>
                  </apply>
                </apply>
              </apply>
              <apply>
                <divide/>
                <apply>
                  <power/>
                  <ci> g8 </ci>
                  <ci> i </ci>
                </apply>
                <apply>
                  <plus/>
                  <apply>
                    <power/>
                    <ci> g8 </ci>
                    <ci> i </ci>
                  </apply>
                  <apply>
                    <power/>
                    <ci> cP9n </ci>
                    <ci> i </ci>
                  </apply>
                </apply>
              </apply>
            </apply>
          </math>
                </kineticLaw>
      </reaction>
      <reaction id="R3" metaid="_150786" name="cLm degradation" reversible="false">
        <annotation>
          <rdf:RDF xmlns:rdf="http://www.w3.org/1999/02/22-rdf-syntax-ns#" xmlns:bqmodel="http://biomodels.net/model-qualifiers/" xmlns:bqbiol="http://biomodels.net/biology-qualifiers/">
            <rdf:Description rdf:about="#_150786">
	<bqbiol:is>
	<rdf:Bag>
	<rdf:li rdf:resource="http://identifiers.org/obo.go/GO:0006402"/>
	</rdf:Bag>
	</bqbiol:is>
	</rdf:Description>
	
          </rdf:RDF>
        </annotation>
              <listOfReactants>
          <speciesReference metaid="_983576" species="cLm"/>
        </listOfReactants>
        <kineticLaw metaid="_983588">
          <math xmlns="http://www.w3.org/1998/Math/MathML">          
            <apply>
              <divide/>
              <apply>
                <times/>
                <ci> nucleus </ci>
                <ci> m1 </ci>
                <ci> cLm </ci>
              </apply>
              <apply>
                <plus/>
                <ci> k1 </ci>
                <ci> cLm </ci>
              </apply>
            </apply>
          </math>
                </kineticLaw>
      </reaction>
      <reaction id="R4" metaid="_150805" name="cLc synthesis" reversible="false">
        <annotation>
          <rdf:RDF xmlns:rdf="http://www.w3.org/1999/02/22-rdf-syntax-ns#" xmlns:bqmodel="http://biomodels.net/model-qualifiers/" xmlns:bqbiol="http://biomodels.net/biology-qualifiers/">
            <rdf:Description rdf:about="#_150805">
	<bqbiol:is>
	<rdf:Bag>
	<rdf:li rdf:resource="http://identifiers.org/obo.go/GO:0006412"/>
	</rdf:Bag>
	</bqbiol:is>
	</rdf:Description>
	
          </rdf:RDF>
        </annotation>
              <listOfProducts>
          <speciesReference metaid="_983600" species="cLc"/>
        </listOfProducts>
        <listOfModifiers>
          <modifierSpeciesReference metaid="_983613" species="cLm"/>
        </listOfModifiers>
        <kineticLaw metaid="_983626">
          <math xmlns="http://www.w3.org/1998/Math/MathML">          
            <apply>
              <times/>
              <ci> cytoplasm </ci>
              <ci> p1 </ci>
              <ci> cLm </ci>
            </apply>
          </math>
                </kineticLaw>
      </reaction>
      <reaction id="R5" metaid="_150825" name="cLc transport into nucleus" reversible="false">
        <annotation>
          <rdf:RDF xmlns:rdf="http://www.w3.org/1999/02/22-rdf-syntax-ns#" xmlns:bqmodel="http://biomodels.net/model-qualifiers/" xmlns:bqbiol="http://biomodels.net/biology-qualifiers/">
            <rdf:Description rdf:about="#_150825">
	<bqbiol:is>
	<rdf:Bag>
	<rdf:li rdf:resource="http://identifiers.org/obo.go/GO:0000060"/>
	</rdf:Bag>
	</bqbiol:is>
	</rdf:Description>
	
          </rdf:RDF>
        </annotation>
              <listOfReactants>
          <speciesReference metaid="_983638" species="cLc"/>
        </listOfReactants>
        <listOfProducts>
          <speciesReference metaid="_983650" species="cLn"/>
        </listOfProducts>
        <kineticLaw metaid="_983662">
          <math xmlns="http://www.w3.org/1998/Math/MathML">          
            <apply>
              <times/>
              <ci> cytoplasm </ci>
              <ci> r1 </ci>
              <ci> cLc </ci>
            </apply>
          </math>
                </kineticLaw>
      </reaction>
      <reaction id="R6" metaid="_150845" name="cLn transport into cytoplasm" reversible="false">
        <annotation>
          <rdf:RDF xmlns:rdf="http://www.w3.org/1999/02/22-rdf-syntax-ns#" xmlns:bqmodel="http://biomodels.net/model-qualifiers/" xmlns:bqbiol="http://biomodels.net/biology-qualifiers/">
            <rdf:Description rdf:about="#_150845">
	<bqbiol:is>
	<rdf:Bag>
	<rdf:li rdf:resource="http://identifiers.org/obo.go/GO:0065002"/>
	</rdf:Bag>
	</bqbiol:is>
	</rdf:Description>
	
          </rdf:RDF>
        </annotation>
              <listOfReactants>
          <speciesReference metaid="_983674" species="cLn"/>
        </listOfReactants>
        <listOfProducts>
          <speciesReference metaid="_983686" species="cLc"/>
        </listOfProducts>
        <kineticLaw metaid="_983698">
          <math xmlns="http://www.w3.org/1998/Math/MathML">          
            <apply>
              <times/>
              <ci> nucleus </ci>
              <ci> r2 </ci>
              <ci> cLn </ci>
            </apply>
          </math>
                </kineticLaw>
      </reaction>
      <reaction id="R7" metaid="_150846" name="cLc degradation" reversible="false">
        <annotation>
          <rdf:RDF xmlns:rdf="http://www.w3.org/1999/02/22-rdf-syntax-ns#" xmlns:bqmodel="http://biomodels.net/model-qualifiers/" xmlns:bqbiol="http://biomodels.net/biology-qualifiers/">
            <rdf:Description rdf:about="#_150846">
	<bqbiol:is>
	<rdf:Bag>
	<rdf:li rdf:resource="http://identifiers.org/obo.go/GO:0044257"/>
	</rdf:Bag>
	</bqbiol:is>
	</rdf:Description>
	
          </rdf:RDF>
        </annotation>
              <listOfReactants>
          <speciesReference metaid="_983710" species="cLc"/>
        </listOfReactants>
        <kineticLaw metaid="_983722">
          <math xmlns="http://www.w3.org/1998/Math/MathML">          
            <apply>
              <divide/>
              <apply>
                <times/>
                <ci> cytoplasm </ci>
                <ci> m2 </ci>
                <ci> cLc </ci>
              </apply>
              <apply>
                <plus/>
                <ci> k2 </ci>
                <ci> cLc </ci>
              </apply>
            </apply>
          </math>
                </kineticLaw>
      </reaction>
      <reaction id="R8" metaid="_150865" name="cLn degradation" reversible="false">
        <annotation>
          <rdf:RDF xmlns:rdf="http://www.w3.org/1999/02/22-rdf-syntax-ns#" xmlns:bqmodel="http://biomodels.net/model-qualifiers/" xmlns:bqbiol="http://biomodels.net/biology-qualifiers/">
            <rdf:Description rdf:about="#_150865">
	<bqbiol:is>
	<rdf:Bag>
	<rdf:li rdf:resource="http://identifiers.org/obo.go/GO:0044257"/>
	</rdf:Bag>
	</bqbiol:is>
	</rdf:Description>
	
          </rdf:RDF>
        </annotation>
              <listOfReactants>
          <speciesReference metaid="_983734" species="cLn"/>
        </listOfReactants>
        <kineticLaw metaid="_983746">
          <math xmlns="http://www.w3.org/1998/Math/MathML">          
            <apply>
              <divide/>
              <apply>
                <times/>
                <ci> nucleus </ci>
                <ci> m3 </ci>
                <ci> cLn </ci>
              </apply>
              <apply>
                <plus/>
                <ci> k3 </ci>
                <ci> cLn </ci>
              </apply>
            </apply>
          </math>
                </kineticLaw>
      </reaction>
      <reaction id="R9" metaid="_150885" name="cTm transcription" reversible="false">
        <annotation>
          <rdf:RDF xmlns:rdf="http://www.w3.org/1999/02/22-rdf-syntax-ns#" xmlns:bqmodel="http://biomodels.net/model-qualifiers/" xmlns:bqbiol="http://biomodels.net/biology-qualifiers/">
            <rdf:Description rdf:about="#_150885">
	<bqbiol:is>
	<rdf:Bag>
	<rdf:li rdf:resource="http://identifiers.org/obo.go/GO:0006351"/>
	</rdf:Bag>
	</bqbiol:is>
	</rdf:Description>
	
          </rdf:RDF>
        </annotation>
              <listOfProducts>
          <speciesReference metaid="_983758" species="cTm"/>
        </listOfProducts>
        <listOfModifiers>
          <modifierSpeciesReference metaid="_983770" species="cYn"/>
          <modifierSpeciesReference metaid="_983782" species="cLn"/>
        </listOfModifiers>
        <kineticLaw metaid="_983795">
          <math xmlns="http://www.w3.org/1998/Math/MathML">          
            <apply>
              <times/>
              <ci> nucleus </ci>
              <apply>
                <divide/>
                <apply>
                  <times/>
                  <ci> n2 </ci>
                  <apply>
                    <power/>
                    <ci> cYn </ci>
                    <ci> b </ci>
                  </apply>
                </apply>
                <apply>
                  <plus/>
                  <apply>
                    <power/>
                    <ci> g2 </ci>
                    <ci> b </ci>
                  </apply>
                  <apply>
                    <power/>
                    <ci> cYn </ci>
                    <ci> b </ci>
                  </apply>
                </apply>
              </apply>
              <apply>
                <divide/>
                <apply>
                  <power/>
                  <ci> g3 </ci>
                  <ci> c </ci>
                </apply>
                <apply>
                  <plus/>
                  <apply>
                    <power/>
                    <ci> g3 </ci>
                    <ci> c </ci>
                  </apply>
                  <apply>
                    <power/>
                    <ci> cLn </ci>
                    <ci> c </ci>
                  </apply>
                </apply>
              </apply>
            </apply>
          </math>
                </kineticLaw>
      </reaction>
      <reaction id="R10" metaid="_150905" name="cTm degradation" reversible="false">
        <annotation>
          <rdf:RDF xmlns:rdf="http://www.w3.org/1999/02/22-rdf-syntax-ns#" xmlns:bqmodel="http://biomodels.net/model-qualifiers/" xmlns:bqbiol="http://biomodels.net/biology-qualifiers/">
            <rdf:Description rdf:about="#_150905">
	<bqbiol:is>
	<rdf:Bag>
	<rdf:li rdf:resource="http://identifiers.org/obo.go/GO:0006402"/>
	</rdf:Bag>
	</bqbiol:is>
	</rdf:Description>
	
          </rdf:RDF>
        </annotation>
              <listOfReactants>
          <speciesReference metaid="_983807" species="cTm"/>
        </listOfReactants>
        <kineticLaw metaid="_983819">
          <math xmlns="http://www.w3.org/1998/Math/MathML">          
            <apply>
              <divide/>
              <apply>
                <times/>
                <ci> nucleus </ci>
                <ci> m4 </ci>
                <ci> cTm </ci>
              </apply>
              <apply>
                <plus/>
                <ci> k4 </ci>
                <ci> cTm </ci>
              </apply>
            </apply>
          </math>
                </kineticLaw>
      </reaction>
      <reaction id="R11" metaid="_150906" name="cTc synthesis" reversible="false">
        <annotation>
          <rdf:RDF xmlns:rdf="http://www.w3.org/1999/02/22-rdf-syntax-ns#" xmlns:bqmodel="http://biomodels.net/model-qualifiers/" xmlns:bqbiol="http://biomodels.net/biology-qualifiers/">
            <rdf:Description rdf:about="#_150906">
	<bqbiol:is>
	<rdf:Bag>
	<rdf:li rdf:resource="http://identifiers.org/obo.go/GO:0006412"/>
	</rdf:Bag>
	</bqbiol:is>
	</rdf:Description>
	
          </rdf:RDF>
        </annotation>
              <listOfProducts>
          <speciesReference metaid="_983831" species="cTc"/>
        </listOfProducts>
        <listOfModifiers>
          <modifierSpeciesReference metaid="_983843" species="cTm"/>
        </listOfModifiers>
        <kineticLaw metaid="_983855">
          <math xmlns="http://www.w3.org/1998/Math/MathML">          
            <apply>
              <times/>
              <ci> cytoplasm </ci>
              <ci> p2 </ci>
              <ci> cTm </ci>
            </apply>
          </math>
                </kineticLaw>
      </reaction>
      <reaction id="R12" metaid="_150925" name="cTc transport into nucleus" reversible="false">
        <annotation>
          <rdf:RDF xmlns:rdf="http://www.w3.org/1999/02/22-rdf-syntax-ns#" xmlns:bqmodel="http://biomodels.net/model-qualifiers/" xmlns:bqbiol="http://biomodels.net/biology-qualifiers/">
            <rdf:Description rdf:about="#_150925">
	<bqbiol:is>
	<rdf:Bag>
	<rdf:li rdf:resource="http://identifiers.org/obo.go/GO:0000060"/>
	</rdf:Bag>
	</bqbiol:is>
	</rdf:Description>
	
          </rdf:RDF>
        </annotation>
              <listOfReactants>
          <speciesReference metaid="_983867" species="cTc"/>
        </listOfReactants>
        <listOfProducts>
          <speciesReference metaid="_983879" species="cTn"/>
        </listOfProducts>
        <kineticLaw metaid="_983891">
          <math xmlns="http://www.w3.org/1998/Math/MathML">          
            <apply>
              <times/>
              <ci> cytoplasm </ci>
              <ci> r3 </ci>
              <ci> cTc </ci>
            </apply>
          </math>
                </kineticLaw>
      </reaction>
      <reaction id="R13" metaid="_150945" name="cTn transport into cytoplasm" reversible="false">
        <annotation>
          <rdf:RDF xmlns:rdf="http://www.w3.org/1999/02/22-rdf-syntax-ns#" xmlns:bqmodel="http://biomodels.net/model-qualifiers/" xmlns:bqbiol="http://biomodels.net/biology-qualifiers/">
            <rdf:Description rdf:about="#_150945">
	<bqbiol:is>
	<rdf:Bag>
	<rdf:li rdf:resource="http://identifiers.org/obo.go/GO:0065002"/>
	</rdf:Bag>
	</bqbiol:is>
	</rdf:Description>
	
          </rdf:RDF>
        </annotation>
              <listOfReactants>
          <speciesReference metaid="_983903" species="cTn"/>
        </listOfReactants>
        <listOfProducts>
          <speciesReference metaid="_983915" species="cTc"/>
        </listOfProducts>
        <kineticLaw metaid="_983927">
          <math xmlns="http://www.w3.org/1998/Math/MathML">          
            <apply>
              <times/>
              <ci> nucleus </ci>
              <ci> r4 </ci>
              <ci> cTn </ci>
            </apply>
          </math>
                </kineticLaw>
      </reaction>
      <reaction id="R14" metaid="_150965" name="cTc degradation" reversible="false">
        <annotation>
          <rdf:RDF xmlns:rdf="http://www.w3.org/1999/02/22-rdf-syntax-ns#" xmlns:bqmodel="http://biomodels.net/model-qualifiers/" xmlns:bqbiol="http://biomodels.net/biology-qualifiers/">
            <rdf:Description rdf:about="#_150965">
	<bqbiol:is>
	<rdf:Bag>
	<rdf:li rdf:resource="http://identifiers.org/obo.go/GO:0044257"/>
	</rdf:Bag>
	</bqbiol:is>
	</rdf:Description>
	
          </rdf:RDF>
        </annotation>
              <listOfReactants>
          <speciesReference metaid="_983939" species="cTc"/>
        </listOfReactants>
        <kineticLaw metaid="_983953">
          <math xmlns="http://www.w3.org/1998/Math/MathML">          
            <apply>
              <times/>
              <ci> cytoplasm </ci>
              <apply>
                <plus/>
                <apply>
                  <times/>
                  <apply>
                    <minus/>
                    <ci> lmax </ci>
                    <ci> ld </ci>
                  </apply>
                  <ci> m5 </ci>
                </apply>
                <ci> m6 </ci>
              </apply>
              <apply>
                <divide/>
                <ci> cTc </ci>
                <apply>
                  <plus/>
                  <ci> k5 </ci>
                  <ci> cTc </ci>
                </apply>
              </apply>
            </apply>
          </math>
                </kineticLaw>
      </reaction>
      <reaction id="R15" metaid="_150985" name="cTn degradation" reversible="false">
        <annotation>
          <rdf:RDF xmlns:rdf="http://www.w3.org/1999/02/22-rdf-syntax-ns#" xmlns:bqmodel="http://biomodels.net/model-qualifiers/" xmlns:bqbiol="http://biomodels.net/biology-qualifiers/">
            <rdf:Description rdf:about="#_150985">
	<bqbiol:is>
	<rdf:Bag>
	<rdf:li rdf:resource="http://identifiers.org/obo.go/GO:0044257"/>
	</rdf:Bag>
	</bqbiol:is>
	</rdf:Description>
	
          </rdf:RDF>
        </annotation>
              <listOfReactants>
          <speciesReference metaid="_983965" species="cTn"/>
        </listOfReactants>
        <kineticLaw metaid="_983977">
          <math xmlns="http://www.w3.org/1998/Math/MathML">          
            <apply>
              <times/>
              <ci> nucleus </ci>
              <apply>
                <plus/>
                <apply>
                  <times/>
                  <apply>
                    <minus/>
                    <ci> lmax </ci>
                    <ci> ld </ci>
                  </apply>
                  <ci> m7 </ci>
                </apply>
                <ci> m8 </ci>
              </apply>
              <apply>
                <divide/>
                <ci> cTn </ci>
                <apply>
                  <plus/>
                  <ci> k6 </ci>
                  <ci> cTn </ci>
                </apply>
              </apply>
            </apply>
          </math>
                </kineticLaw>
      </reaction>
      <reaction id="R16" metaid="_151005" name="cXm transcription" reversible="false">
        <annotation>
          <rdf:RDF xmlns:rdf="http://www.w3.org/1999/02/22-rdf-syntax-ns#" xmlns:bqmodel="http://biomodels.net/model-qualifiers/" xmlns:bqbiol="http://biomodels.net/biology-qualifiers/">
            <rdf:Description rdf:about="#_151005">
	<bqbiol:is>
	<rdf:Bag>
	<rdf:li rdf:resource="http://identifiers.org/obo.go/GO:0006351"/>
	</rdf:Bag>
	</bqbiol:is>
	</rdf:Description>
	
          </rdf:RDF>
        </annotation>
              <listOfProducts>
          <speciesReference metaid="_983990" species="cXm"/>
        </listOfProducts>
        <listOfModifiers>
          <modifierSpeciesReference metaid="_984002" species="cTn"/>
        </listOfModifiers>
        <kineticLaw metaid="_984014">
          <math xmlns="http://www.w3.org/1998/Math/MathML">          
            <apply>
              <times/>
              <ci> nucleus </ci>
              <apply>
                <divide/>
                <apply>
                  <times/>
                  <ci> n3 </ci>
                  <apply>
                    <power/>
                    <ci> cTn </ci>
                    <ci> d </ci>
                  </apply>
                </apply>
                <apply>
                  <plus/>
                  <apply>
                    <power/>
                    <ci> g4 </ci>
                    <ci> d </ci>
                  </apply>
                  <apply>
                    <power/>
                    <ci> cTn </ci>
                    <ci> d </ci>
                  </apply>
                </apply>
              </apply>
            </apply>
          </math>
                </kineticLaw>
      </reaction>
      <reaction id="R17" metaid="_151025" name="cXm degradation" reversible="false">
        <annotation>
          <rdf:RDF xmlns:rdf="http://www.w3.org/1999/02/22-rdf-syntax-ns#" xmlns:bqmodel="http://biomodels.net/model-qualifiers/" xmlns:bqbiol="http://biomodels.net/biology-qualifiers/">
            <rdf:Description rdf:about="#_151025">
	<bqbiol:is>
	<rdf:Bag>
	<rdf:li rdf:resource="http://identifiers.org/obo.go/GO:0006402"/>
	</rdf:Bag>
	</bqbiol:is>
	</rdf:Description>
	
          </rdf:RDF>
        </annotation>
              <listOfReactants>
          <speciesReference metaid="_984026" species="cXm"/>
        </listOfReactants>
        <kineticLaw metaid="_984039">
          <math xmlns="http://www.w3.org/1998/Math/MathML">          
            <apply>
              <times/>
              <ci> nucleus </ci>
              <apply>
                <divide/>
                <apply>
                  <times/>
                  <ci> m9 </ci>
                  <ci> cXm </ci>
                </apply>
                <apply>
                  <plus/>
                  <ci> k7 </ci>
                  <ci> cXm </ci>
                </apply>
              </apply>
            </apply>
          </math>
                </kineticLaw>
      </reaction>
      <reaction id="R18" metaid="_151045" name="cXc transcription" reversible="false">
        <annotation>
          <rdf:RDF xmlns:rdf="http://www.w3.org/1999/02/22-rdf-syntax-ns#" xmlns:bqmodel="http://biomodels.net/model-qualifiers/" xmlns:bqbiol="http://biomodels.net/biology-qualifiers/">
            <rdf:Description rdf:about="#_151045">
	<bqbiol:is>
	<rdf:Bag>
	<rdf:li rdf:resource="http://identifiers.org/obo.go/GO:0006412"/>
	</rdf:Bag>
	</bqbiol:is>
	</rdf:Description>
	
          </rdf:RDF>
        </annotation>
              <listOfProducts>
          <speciesReference metaid="_984051" species="cXc"/>
        </listOfProducts>
        <listOfModifiers>
          <modifierSpeciesReference metaid="_984063" species="cXm"/>
        </listOfModifiers>
        <kineticLaw metaid="_984075">
          <math xmlns="http://www.w3.org/1998/Math/MathML">          
            <apply>
              <times/>
              <ci> cytoplasm </ci>
              <ci> p3 </ci>
              <ci> cXm </ci>
            </apply>
          </math>
                </kineticLaw>
      </reaction>
      <reaction id="R19" metaid="_151065" name="cXc transport into nucleus" reversible="false">
        <annotation>
          <rdf:RDF xmlns:rdf="http://www.w3.org/1999/02/22-rdf-syntax-ns#" xmlns:bqmodel="http://biomodels.net/model-qualifiers/" xmlns:bqbiol="http://biomodels.net/biology-qualifiers/">
            <rdf:Description rdf:about="#_151065">
	<bqbiol:is>
	<rdf:Bag>
	<rdf:li rdf:resource="http://identifiers.org/obo.go/GO:0000060"/>
	</rdf:Bag>
	</bqbiol:is>
	</rdf:Description>
	
          </rdf:RDF>
        </annotation>
              <listOfReactants>
          <speciesReference metaid="_984087" species="cXc"/>
        </listOfReactants>
        <listOfProducts>
          <speciesReference metaid="_984100" species="cXn"/>
        </listOfProducts>
        <kineticLaw metaid="_984112">
          <math xmlns="http://www.w3.org/1998/Math/MathML">          
            <apply>
              <times/>
              <ci> cytoplasm </ci>
              <ci> r5 </ci>
              <ci> cXc </ci>
            </apply>
          </math>
                </kineticLaw>
      </reaction>
      <reaction id="R20" metaid="_151085" name="cXn transport into cytoplasm" reversible="false">
        <annotation>
          <rdf:RDF xmlns:rdf="http://www.w3.org/1999/02/22-rdf-syntax-ns#" xmlns:bqmodel="http://biomodels.net/model-qualifiers/" xmlns:bqbiol="http://biomodels.net/biology-qualifiers/">
            <rdf:Description rdf:about="#_151085">
	<bqbiol:is>
	<rdf:Bag>
	<rdf:li rdf:resource="http://identifiers.org/obo.go/GO:0065002"/>
	</rdf:Bag>
	</bqbiol:is>
	</rdf:Description>
	
          </rdf:RDF>
        </annotation>
              <listOfReactants>
          <speciesReference metaid="_984124" species="cXn"/>
        </listOfReactants>
        <listOfProducts>
          <speciesReference metaid="_984136" species="cXc"/>
        </listOfProducts>
        <kineticLaw metaid="_984148">
          <math xmlns="http://www.w3.org/1998/Math/MathML">          
            <apply>
              <times/>
              <ci> nucleus </ci>
              <ci> r6 </ci>
              <ci> cXn </ci>
            </apply>
          </math>
                </kineticLaw>
      </reaction>
      <reaction id="R21" metaid="_151105" name="cXc degradation" reversible="false">
        <annotation>
          <rdf:RDF xmlns:rdf="http://www.w3.org/1999/02/22-rdf-syntax-ns#" xmlns:bqmodel="http://biomodels.net/model-qualifiers/" xmlns:bqbiol="http://biomodels.net/biology-qualifiers/">
            <rdf:Description rdf:about="#_151105">
	<bqbiol:is>
	<rdf:Bag>
	<rdf:li rdf:resource="http://identifiers.org/obo.go/GO:0044257"/>
	</rdf:Bag>
	</bqbiol:is>
	</rdf:Description>
	
          </rdf:RDF>
        </annotation>
              <listOfReactants>
          <speciesReference metaid="_984160" species="cXc"/>
        </listOfReactants>
        <kineticLaw metaid="_984172">
          <math xmlns="http://www.w3.org/1998/Math/MathML">          
            <apply>
              <divide/>
              <apply>
                <times/>
                <ci> cytoplasm </ci>
                <ci> m10 </ci>
                <ci> cXc </ci>
              </apply>
              <apply>
                <plus/>
                <ci> k8 </ci>
                <ci> cXc </ci>
              </apply>
            </apply>
          </math>
                </kineticLaw>
      </reaction>
      <reaction id="R22" metaid="_151125" name="cXn degradation" reversible="false">
        <annotation>
          <rdf:RDF xmlns:rdf="http://www.w3.org/1999/02/22-rdf-syntax-ns#" xmlns:bqmodel="http://biomodels.net/model-qualifiers/" xmlns:bqbiol="http://biomodels.net/biology-qualifiers/">
            <rdf:Description rdf:about="#_151125">
	<bqbiol:is>
	<rdf:Bag>
	<rdf:li rdf:resource="http://identifiers.org/obo.go/GO:0044257"/>
	</rdf:Bag>
	</bqbiol:is>
	</rdf:Description>
	
          </rdf:RDF>
        </annotation>
              <listOfReactants>
          <speciesReference metaid="_984184" species="cXn"/>
        </listOfReactants>
        <kineticLaw metaid="_984196">
          <math xmlns="http://www.w3.org/1998/Math/MathML">          
            <apply>
              <divide/>
              <apply>
                <times/>
                <ci> nucleus </ci>
                <ci> m11 </ci>
                <ci> cXn </ci>
              </apply>
              <apply>
                <plus/>
                <ci> k9 </ci>
                <ci> cXn </ci>
              </apply>
            </apply>
          </math>
                </kineticLaw>
      </reaction>
      <reaction id="R23" metaid="_151145" name="cYm transcription" reversible="false">
        <annotation>
          <rdf:RDF xmlns:rdf="http://www.w3.org/1999/02/22-rdf-syntax-ns#" xmlns:bqmodel="http://biomodels.net/model-qualifiers/" xmlns:bqbiol="http://biomodels.net/biology-qualifiers/">
            <rdf:Description rdf:about="#_151145">
	<bqbiol:is>
	<rdf:Bag>
	<rdf:li rdf:resource="http://identifiers.org/obo.go/GO:0006351"/>
	<rdf:li rdf:resource="http://identifiers.org/obo.go/GO:0009642"/>
	</rdf:Bag>
	</bqbiol:is>
	</rdf:Description>
	
          </rdf:RDF>
        </annotation>
              <listOfProducts>
          <speciesReference metaid="_984208" species="cYm"/>
        </listOfProducts>
        <listOfModifiers>
          <modifierSpeciesReference metaid="_984220" species="cTn"/>
          <modifierSpeciesReference metaid="_984233" species="cLn"/>
          <modifierSpeciesReference metaid="_984245" species="cPn"/>
        </listOfModifiers>
        <kineticLaw metaid="_984257">
          <math xmlns="http://www.w3.org/1998/Math/MathML">          
            <apply>
              <times/>
              <ci> nucleus </ci>
              <apply>
                <plus/>
                <apply>
                  <times/>
                  <ci> ld </ci>
                  <ci> q2 </ci>
                  <ci> cPn </ci>
                </apply>
                <apply>
                  <divide/>
                  <apply>
                    <times/>
                    <apply>
                      <plus/>
                      <apply>
                        <times/>
                        <ci> ld </ci>
                        <ci> n4 </ci>
                      </apply>
                      <ci> n5 </ci>
                    </apply>
                    <apply>
                      <power/>
                      <ci> g5 </ci>
                      <ci> e </ci>
                    </apply>
                  </apply>
                  <apply>
                    <plus/>
                    <apply>
                      <power/>
                      <ci> g5 </ci>
                      <ci> e </ci>
                    </apply>
                    <apply>
                      <power/>
                      <ci> cTn </ci>
                      <ci> e </ci>
                    </apply>
                  </apply>
                </apply>
              </apply>
              <apply>
                <divide/>
                <apply>
                  <power/>
                  <ci> g6 </ci>
                  <ci> f </ci>
                </apply>
                <apply>
                  <plus/>
                  <apply>
                    <power/>
                    <ci> g6 </ci>
                    <ci> f </ci>
                  </apply>
                  <apply>
                    <power/>
                    <ci> cLn </ci>
                    <ci> f </ci>
                  </apply>
                </apply>
              </apply>
            </apply>
          </math>
                </kineticLaw>
      </reaction>
      <reaction id="R24" metaid="_151165" name="cYm degradation" reversible="false">
        <annotation>
          <rdf:RDF xmlns:rdf="http://www.w3.org/1999/02/22-rdf-syntax-ns#" xmlns:bqmodel="http://biomodels.net/model-qualifiers/" xmlns:bqbiol="http://biomodels.net/biology-qualifiers/">
            <rdf:Description rdf:about="#_151165">
	<bqbiol:is>
	<rdf:Bag>
	<rdf:li rdf:resource="http://identifiers.org/obo.go/GO:0006402"/>
	</rdf:Bag>
	</bqbiol:is>
	</rdf:Description>
	
          </rdf:RDF>
        </annotation>
              <listOfReactants>
          <speciesReference metaid="_984270" species="cYm"/>
        </listOfReactants>
        <kineticLaw metaid="_984282">
          <math xmlns="http://www.w3.org/1998/Math/MathML">          
            <apply>
              <divide/>
              <apply>
                <times/>
                <ci> nucleus </ci>
                <ci> m12 </ci>
                <ci> cYm </ci>
              </apply>
              <apply>
                <plus/>
                <ci> k10 </ci>
                <ci> cYm </ci>
              </apply>
            </apply>
          </math>
                </kineticLaw>
      </reaction>
      <reaction id="R25" metaid="_151185" name="cYc transcription" reversible="false">
        <annotation>
          <rdf:RDF xmlns:rdf="http://www.w3.org/1999/02/22-rdf-syntax-ns#" xmlns:bqmodel="http://biomodels.net/model-qualifiers/" xmlns:bqbiol="http://biomodels.net/biology-qualifiers/">
            <rdf:Description rdf:about="#_151185">
	<bqbiol:is>
	<rdf:Bag>
	<rdf:li rdf:resource="http://identifiers.org/obo.go/GO:0006412"/>
	</rdf:Bag>
	</bqbiol:is>
	</rdf:Description>
	
          </rdf:RDF>
        </annotation>
              <listOfProducts>
          <speciesReference metaid="_984294" species="cYc"/>
        </listOfProducts>
        <listOfModifiers>
          <modifierSpeciesReference metaid="_984306" species="cYm"/>
        </listOfModifiers>
        <kineticLaw metaid="_984318">
          <math xmlns="http://www.w3.org/1998/Math/MathML">          
            <apply>
              <times/>
              <ci> cytoplasm </ci>
              <ci> p4 </ci>
              <ci> cYm </ci>
            </apply>
          </math>
                </kineticLaw>
      </reaction>
      <reaction id="R26" metaid="_151205" name="cYc transport to nucleus" reversible="false">
        <annotation>
          <rdf:RDF xmlns:rdf="http://www.w3.org/1999/02/22-rdf-syntax-ns#" xmlns:bqmodel="http://biomodels.net/model-qualifiers/" xmlns:bqbiol="http://biomodels.net/biology-qualifiers/">
            <rdf:Description rdf:about="#_151205">
	<bqbiol:is>
	<rdf:Bag>
	<rdf:li rdf:resource="http://identifiers.org/obo.go/GO:0000060"/>
	</rdf:Bag>
	</bqbiol:is>
	</rdf:Description>
	
          </rdf:RDF>
        </annotation>
              <listOfReactants>
          <speciesReference metaid="_984331" species="cYc"/>
        </listOfReactants>
        <listOfProducts>
          <speciesReference metaid="_984343" species="cYn"/>
        </listOfProducts>
        <kineticLaw metaid="_984356">
          <math xmlns="http://www.w3.org/1998/Math/MathML">          
            <apply>
              <times/>
              <ci> cytoplasm </ci>
              <ci> r7 </ci>
              <ci> cYc </ci>
            </apply>
          </math>
                </kineticLaw>
      </reaction>
      <reaction id="R27" metaid="_151225" name="cYn transport to cytoplasm" reversible="false">
        <annotation>
          <rdf:RDF xmlns:rdf="http://www.w3.org/1999/02/22-rdf-syntax-ns#" xmlns:bqmodel="http://biomodels.net/model-qualifiers/" xmlns:bqbiol="http://biomodels.net/biology-qualifiers/">
            <rdf:Description rdf:about="#_151225">
	<bqbiol:is>
	<rdf:Bag>
	<rdf:li rdf:resource="http://identifiers.org/obo.go/GO:0065002"/>
	</rdf:Bag>
	</bqbiol:is>
	</rdf:Description>
	
          </rdf:RDF>
        </annotation>
              <listOfReactants>
          <speciesReference metaid="_984369" species="cYn"/>
        </listOfReactants>
        <listOfProducts>
          <speciesReference metaid="_984382" species="cYc"/>
        </listOfProducts>
        <kineticLaw metaid="_984394">
          <math xmlns="http://www.w3.org/1998/Math/MathML">          
            <apply>
              <times/>
              <ci> nucleus </ci>
              <ci> r8 </ci>
              <ci> cYn </ci>
            </apply>
          </math>
                </kineticLaw>
      </reaction>
      <reaction id="R28" metaid="_151245" name="cYc degradation" reversible="false">
        <annotation>
          <rdf:RDF xmlns:rdf="http://www.w3.org/1999/02/22-rdf-syntax-ns#" xmlns:bqmodel="http://biomodels.net/model-qualifiers/" xmlns:bqbiol="http://biomodels.net/biology-qualifiers/">
            <rdf:Description rdf:about="#_151245">
	<bqbiol:is>
	<rdf:Bag>
	<rdf:li rdf:resource="http://identifiers.org/obo.go/GO:0044257"/>
	</rdf:Bag>
	</bqbiol:is>
	</rdf:Description>
	
          </rdf:RDF>
        </annotation>
              <listOfReactants>
          <speciesReference metaid="_984407" species="cYc"/>
        </listOfReactants>
        <kineticLaw metaid="_984420">
          <math xmlns="http://www.w3.org/1998/Math/MathML">          
            <apply>
              <divide/>
              <apply>
                <times/>
                <ci> cytoplasm </ci>
                <ci> m13 </ci>
                <ci> cYc </ci>
              </apply>
              <apply>
                <plus/>
                <ci> k11 </ci>
                <ci> cYc </ci>
              </apply>
            </apply>
          </math>
                </kineticLaw>
      </reaction>
      <reaction id="R29" metaid="_151265" name="cYn degradation" reversible="false">
        <annotation>
          <rdf:RDF xmlns:rdf="http://www.w3.org/1999/02/22-rdf-syntax-ns#" xmlns:bqmodel="http://biomodels.net/model-qualifiers/" xmlns:bqbiol="http://biomodels.net/biology-qualifiers/">
            <rdf:Description rdf:about="#_151265">
	<bqbiol:is>
	<rdf:Bag>
	<rdf:li rdf:resource="http://identifiers.org/obo.go/GO:0044257"/>
	</rdf:Bag>
	</bqbiol:is>
	</rdf:Description>
	
          </rdf:RDF>
        </annotation>
              <listOfReactants>
          <speciesReference metaid="_984433" species="cYn"/>
        </listOfReactants>
        <kineticLaw metaid="_984446">
          <math xmlns="http://www.w3.org/1998/Math/MathML">          
            <apply>
              <divide/>
              <apply>
                <times/>
                <ci> nucleus </ci>
                <ci> m14 </ci>
                <ci> cYn </ci>
              </apply>
              <apply>
                <plus/>
                <ci> k12 </ci>
                <ci> cYn </ci>
              </apply>
            </apply>
          </math>
                </kineticLaw>
      </reaction>
      <reaction id="R30" metaid="_151285" name="cPn synthesis" reversible="false">
        <annotation>
          <rdf:RDF xmlns:rdf="http://www.w3.org/1999/02/22-rdf-syntax-ns#" xmlns:bqmodel="http://biomodels.net/model-qualifiers/" xmlns:bqbiol="http://biomodels.net/biology-qualifiers/">
            <rdf:Description rdf:about="#_151285">
	<bqbiol:is>
	<rdf:Bag>
	<rdf:li rdf:resource="http://identifiers.org/obo.go/GO:0009642"/>
	<rdf:li rdf:resource="http://identifiers.org/obo.go/GO:0006412"/>
	</rdf:Bag>
	</bqbiol:is>
	</rdf:Description>
	
          </rdf:RDF>
        </annotation>
              <listOfProducts>
          <speciesReference metaid="_984459" species="cPn"/>
        </listOfProducts>
        <kineticLaw metaid="_984472">
          <math xmlns="http://www.w3.org/1998/Math/MathML">          
            <apply>
              <times/>
              <ci> nucleus </ci>
              <apply>
                <minus/>
                <ci> lmax </ci>
                <ci> ld </ci>
              </apply>
              <ci> p5 </ci>
            </apply>
          </math>
                </kineticLaw>
      </reaction>
      <reaction id="R31a" metaid="_151305" name="cPn degradation" reversible="false">
        <annotation>
          <rdf:RDF xmlns:rdf="http://www.w3.org/1999/02/22-rdf-syntax-ns#" xmlns:bqmodel="http://biomodels.net/model-qualifiers/" xmlns:bqbiol="http://biomodels.net/biology-qualifiers/">
            <rdf:Description rdf:about="#_151305">
	<bqbiol:is>
	<rdf:Bag>
	<rdf:li rdf:resource="http://identifiers.org/obo.go/GO:0044257"/>
	</rdf:Bag>
	</bqbiol:is>
	</rdf:Description>
	
          </rdf:RDF>
        </annotation>
              <listOfReactants>
          <speciesReference metaid="_984485" species="cPn"/>
        </listOfReactants>
        <kineticLaw metaid="_984498">
          <math xmlns="http://www.w3.org/1998/Math/MathML">          
            <apply>
              <divide/>
              <apply>
                <times/>
                <ci> nucleus </ci>
                <ci> m15 </ci>
                <ci> cPn </ci>
              </apply>
              <apply>
                <plus/>
                <ci> k13 </ci>
                <ci> cPn </ci>
              </apply>
            </apply>
          </math>
                </kineticLaw>
      </reaction>
      <reaction id="R31b" metaid="_151306" name="Light dependent cPn degradation" reversible="false">
        <annotation>
          <rdf:RDF xmlns:rdf="http://www.w3.org/1999/02/22-rdf-syntax-ns#" xmlns:bqmodel="http://biomodels.net/model-qualifiers/" xmlns:bqbiol="http://biomodels.net/biology-qualifiers/">
            <rdf:Description rdf:about="#_151306">
	<bqbiol:is>
	<rdf:Bag>
	<rdf:li rdf:resource="http://identifiers.org/obo.go/GO:0045732"/>
	<rdf:li rdf:resource="http://identifiers.org/obo.go/GO:0009642"/>
	</rdf:Bag>
	</bqbiol:is>
	</rdf:Description>
	
          </rdf:RDF>
        </annotation>
              <listOfReactants>
          <speciesReference metaid="_984511" species="cPn"/>
        </listOfReactants>
        <kineticLaw metaid="_984524">
          <math xmlns="http://www.w3.org/1998/Math/MathML">          
            <apply>
              <times/>
              <ci> nucleus </ci>
              <ci> q3 </ci>
              <ci> ld </ci>
              <ci> cPn </ci>
            </apply>
          </math>
                </kineticLaw>
      </reaction>
      <reaction id="R32" metaid="_151325" name="cP7m transcription" reversible="false">
        <annotation>
          <rdf:RDF xmlns:rdf="http://www.w3.org/1999/02/22-rdf-syntax-ns#" xmlns:bqmodel="http://biomodels.net/model-qualifiers/" xmlns:bqbiol="http://biomodels.net/biology-qualifiers/">
            <rdf:Description rdf:about="#_151325">
	<bqbiol:is>
	<rdf:Bag>
	<rdf:li rdf:resource="http://identifiers.org/obo.go/GO:0006351"/>
	</rdf:Bag>
	</bqbiol:is>
	</rdf:Description>
	
          </rdf:RDF>
        </annotation>
              <listOfProducts>
          <speciesReference metaid="_984536" species="cP7m"/>
        </listOfProducts>
        <listOfModifiers>
          <modifierSpeciesReference metaid="_984548" species="cLn"/>
        </listOfModifiers>
        <kineticLaw metaid="_984560">
          <math xmlns="http://www.w3.org/1998/Math/MathML">          
            <apply>
              <divide/>
              <apply>
                <times/>
                <ci> nucleus </ci>
                <ci> n6 </ci>
                <apply>
                  <power/>
                  <ci> cLn </ci>
                  <ci> j </ci>
                </apply>
              </apply>
              <apply>
                <plus/>
                <apply>
                  <power/>
                  <ci> g9 </ci>
                  <ci> j </ci>
                </apply>
                <apply>
                  <power/>
                  <ci> cLn </ci>
                  <ci> j </ci>
                </apply>
              </apply>
            </apply>
          </math>
                </kineticLaw>
      </reaction>
      <reaction id="R33" metaid="_151326" name="cP7m degradation" reversible="false">
        <annotation>
          <rdf:RDF xmlns:rdf="http://www.w3.org/1999/02/22-rdf-syntax-ns#" xmlns:bqmodel="http://biomodels.net/model-qualifiers/" xmlns:bqbiol="http://biomodels.net/biology-qualifiers/">
            <rdf:Description rdf:about="#_151326">
	<bqbiol:is>
	<rdf:Bag>
	<rdf:li rdf:resource="http://identifiers.org/obo.go/GO:0006402"/>
	</rdf:Bag>
	</bqbiol:is>
	</rdf:Description>
	
          </rdf:RDF>
        </annotation>
              <listOfReactants>
          <speciesReference metaid="_984572" species="cP7m"/>
        </listOfReactants>
        <kineticLaw metaid="_984584">
          <math xmlns="http://www.w3.org/1998/Math/MathML">          
            <apply>
              <divide/>
              <apply>
                <times/>
                <ci> nucleus </ci>
                <ci> m16 </ci>
                <ci> cP7m </ci>
              </apply>
              <apply>
                <plus/>
                <ci> k14 </ci>
                <ci> cP7m </ci>
              </apply>
            </apply>
          </math>
                </kineticLaw>
      </reaction>
      <reaction id="R34" metaid="_151345" name="cP7c synthesis" reversible="false">
        <annotation>
          <rdf:RDF xmlns:rdf="http://www.w3.org/1999/02/22-rdf-syntax-ns#" xmlns:bqmodel="http://biomodels.net/model-qualifiers/" xmlns:bqbiol="http://biomodels.net/biology-qualifiers/">
            <rdf:Description rdf:about="#_151345">
	<bqbiol:is>
	<rdf:Bag>
	<rdf:li rdf:resource="http://identifiers.org/obo.go/GO:0006412"/>
	</rdf:Bag>
	</bqbiol:is>
	</rdf:Description>
	
          </rdf:RDF>
        </annotation>
              <listOfProducts>
          <speciesReference metaid="_984596" species="cP7c"/>
        </listOfProducts>
        <listOfModifiers>
          <modifierSpeciesReference metaid="_984608" species="cP7m"/>
        </listOfModifiers>
        <kineticLaw metaid="_984621">
          <math xmlns="http://www.w3.org/1998/Math/MathML">          
            <apply>
              <times/>
              <ci> cytoplasm </ci>
              <ci> p6 </ci>
              <ci> cP7m </ci>
            </apply>
          </math>
                </kineticLaw>
      </reaction>
      <reaction id="R35" metaid="_151365" name="cP7c transport to nucleus" reversible="false">
        <annotation>
          <rdf:RDF xmlns:rdf="http://www.w3.org/1999/02/22-rdf-syntax-ns#" xmlns:bqmodel="http://biomodels.net/model-qualifiers/" xmlns:bqbiol="http://biomodels.net/biology-qualifiers/">
            <rdf:Description rdf:about="#_151365">
	<bqbiol:is>
	<rdf:Bag>
	<rdf:li rdf:resource="http://identifiers.org/obo.go/GO:0000060"/>
	</rdf:Bag>
	</bqbiol:is>
	</rdf:Description>
	
          </rdf:RDF>
        </annotation>
              <listOfReactants>
          <speciesReference metaid="_984633" species="cP7c"/>
        </listOfReactants>
        <listOfProducts>
          <speciesReference metaid="_984645" species="cP7n"/>
        </listOfProducts>
        <kineticLaw metaid="_984657">
          <math xmlns="http://www.w3.org/1998/Math/MathML">          
            <apply>
              <times/>
              <ci> cytoplasm </ci>
              <ci> r9 </ci>
              <ci> cP7c </ci>
            </apply>
          </math>
                </kineticLaw>
      </reaction>
      <reaction id="R36" metaid="_151385" name="cP7n transport to cytoplasm" reversible="false">
        <annotation>
          <rdf:RDF xmlns:rdf="http://www.w3.org/1999/02/22-rdf-syntax-ns#" xmlns:bqmodel="http://biomodels.net/model-qualifiers/" xmlns:bqbiol="http://biomodels.net/biology-qualifiers/">
            <rdf:Description rdf:about="#_151385">
	<bqbiol:is>
	<rdf:Bag>
	<rdf:li rdf:resource="http://identifiers.org/obo.go/GO:0065002"/>
	</rdf:Bag>
	</bqbiol:is>
	</rdf:Description>
	
          </rdf:RDF>
        </annotation>
              <listOfReactants>
          <speciesReference metaid="_984669" species="cP7n"/>
        </listOfReactants>
        <listOfProducts>
          <speciesReference metaid="_984681" species="cP7c"/>
        </listOfProducts>
        <kineticLaw metaid="_984693">
          <math xmlns="http://www.w3.org/1998/Math/MathML">          
            <apply>
              <times/>
              <ci> nucleus </ci>
              <ci> r10 </ci>
              <ci> cP7n </ci>
            </apply>
          </math>
                </kineticLaw>
      </reaction>
      <reaction id="R37" metaid="_151405" name="cP7c degradation" reversible="false">
        <annotation>
          <rdf:RDF xmlns:rdf="http://www.w3.org/1999/02/22-rdf-syntax-ns#" xmlns:bqmodel="http://biomodels.net/model-qualifiers/" xmlns:bqbiol="http://biomodels.net/biology-qualifiers/">
            <rdf:Description rdf:about="#_151405">
	<bqbiol:is>
	<rdf:Bag>
	<rdf:li rdf:resource="http://identifiers.org/obo.go/GO:0044257"/>
	</rdf:Bag>
	</bqbiol:is>
	</rdf:Description>
	
          </rdf:RDF>
        </annotation>
              <listOfReactants>
          <speciesReference metaid="_984705" species="cP7c"/>
        </listOfReactants>
        <kineticLaw metaid="_984717">
          <math xmlns="http://www.w3.org/1998/Math/MathML">          
            <apply>
              <divide/>
              <apply>
                <times/>
                <ci> cytoplasm </ci>
                <ci> m17 </ci>
                <ci> cP7c </ci>
              </apply>
              <apply>
                <plus/>
                <ci> k15 </ci>
                <ci> cP7c </ci>
              </apply>
            </apply>
          </math>
                </kineticLaw>
      </reaction>
      <reaction id="R38" metaid="_151425" name="cP7n degradation" reversible="false">
        <annotation>
          <rdf:RDF xmlns:rdf="http://www.w3.org/1999/02/22-rdf-syntax-ns#" xmlns:bqmodel="http://biomodels.net/model-qualifiers/" xmlns:bqbiol="http://biomodels.net/biology-qualifiers/">
            <rdf:Description rdf:about="#_151425">
	<bqbiol:is>
	<rdf:Bag>
	<rdf:li rdf:resource="http://identifiers.org/obo.go/GO:0044257"/>
	</rdf:Bag>
	</bqbiol:is>
	</rdf:Description>
	
          </rdf:RDF>
        </annotation>
              <listOfReactants>
          <speciesReference metaid="_984729" species="cP7n"/>
        </listOfReactants>
        <kineticLaw metaid="_984741">
          <math xmlns="http://www.w3.org/1998/Math/MathML">          
            <apply>
              <divide/>
              <apply>
                <times/>
                <ci> nucleus </ci>
                <ci> m18 </ci>
                <ci> cP7n </ci>
              </apply>
              <apply>
                <plus/>
                <ci> k16 </ci>
                <ci> cP7n </ci>
              </apply>
            </apply>
          </math>
                </kineticLaw>
      </reaction>
      <reaction id="R39" metaid="metaid_0000173" name="cP9m transcription" reversible="false">
        <annotation>
          <rdf:RDF xmlns:rdf="http://www.w3.org/1999/02/22-rdf-syntax-ns#" xmlns:bqmodel="http://biomodels.net/model-qualifiers/" xmlns:bqbiol="http://biomodels.net/biology-qualifiers/">
            <rdf:Description rdf:about="#metaid_0000173">
              <bqbiol:is>
	<rdf:Bag>
	<rdf:li rdf:resource="http://identifiers.org/obo.go/GO:0006351"/>
	</rdf:Bag>
	</bqbiol:is>
	
	<bqbiol:hasPart>
	<rdf:Bag>
	<rdf:li rdf:resource="http://identifiers.org/obo.go/GO:0009642"/>
	</rdf:Bag>
	</bqbiol:hasPart>
	</rdf:Description>
	
          </rdf:RDF>
        </annotation>
              <listOfProducts>
          <speciesReference metaid="_984753" species="cP9m"/>
        </listOfProducts>
        <listOfModifiers>
          <modifierSpeciesReference metaid="_984765" species="cPn"/>
          <modifierSpeciesReference metaid="_984777" species="cLn"/>
        </listOfModifiers>
        <kineticLaw metaid="_984789">
          <math xmlns="http://www.w3.org/1998/Math/MathML">          
            <apply>
              <divide/>
              <apply>
                <times/>
                <apply>
                  <plus/>
                  <apply>
                    <times/>
                    <ci> ld </ci>
                    <ci> q4 </ci>
                    <ci> cPn </ci>
                  </apply>
                  <apply>
                    <times/>
                    <ci> n7 </ci>
                    <ci> ld </ci>
                  </apply>
                  <ci> n8 </ci>
                </apply>
                <apply>
                  <power/>
                  <ci> cLn </ci>
                  <ci> k </ci>
                </apply>
              </apply>
              <apply>
                <plus/>
                <apply>
                  <power/>
                  <ci> g10 </ci>
                  <ci> k </ci>
                </apply>
                <apply>
                  <power/>
                  <ci> cLn </ci>
                  <ci> k </ci>
                </apply>
              </apply>
            </apply>
          </math>
                </kineticLaw>
      </reaction>
      <reaction id="R40" metaid="_151465" name="cP79m degradation" reversible="false">
        <annotation>
          <rdf:RDF xmlns:rdf="http://www.w3.org/1999/02/22-rdf-syntax-ns#" xmlns:bqmodel="http://biomodels.net/model-qualifiers/" xmlns:bqbiol="http://biomodels.net/biology-qualifiers/">
            <rdf:Description rdf:about="#_151465">
	<bqbiol:is>
	<rdf:Bag>
	<rdf:li rdf:resource="http://identifiers.org/obo.go/GO:0006402"/>
	</rdf:Bag>
	</bqbiol:is>
	</rdf:Description>
	
          </rdf:RDF>
        </annotation>
              <listOfReactants>
          <speciesReference metaid="_984801" species="cP9m"/>
        </listOfReactants>
        <kineticLaw metaid="_984813">
          <math xmlns="http://www.w3.org/1998/Math/MathML">          
            <apply>
              <divide/>
              <apply>
                <times/>
                <ci> nucleus </ci>
                <ci> m19 </ci>
                <ci> cP9m </ci>
              </apply>
              <apply>
                <plus/>
                <ci> k17 </ci>
                <ci> cP9m </ci>
              </apply>
            </apply>
          </math>
                </kineticLaw>
      </reaction>
      <reaction id="R41" metaid="_151485" name="cP9c synthesis" reversible="false">
        <annotation>
          <rdf:RDF xmlns:rdf="http://www.w3.org/1999/02/22-rdf-syntax-ns#" xmlns:bqmodel="http://biomodels.net/model-qualifiers/" xmlns:bqbiol="http://biomodels.net/biology-qualifiers/">
            <rdf:Description rdf:about="#_151485">
	<bqbiol:is>
	<rdf:Bag>
	<rdf:li rdf:resource="http://identifiers.org/obo.go/GO:0006412"/>
	</rdf:Bag>
	</bqbiol:is>
	</rdf:Description>
	
          </rdf:RDF>
        </annotation>
              <listOfProducts>
          <speciesReference metaid="_984825" species="cP9c"/>
        </listOfProducts>
        <listOfModifiers>
          <modifierSpeciesReference metaid="_984837" species="cP9m"/>
        </listOfModifiers>
        <kineticLaw metaid="_984849">
          <math xmlns="http://www.w3.org/1998/Math/MathML">          
            <apply>
              <times/>
              <ci> cytoplasm </ci>
              <ci> p7 </ci>
              <ci> cP9m </ci>
            </apply>
          </math>
                </kineticLaw>
      </reaction>
      <reaction id="R42" metaid="_151505" name="cP9c transport to nucleus" reversible="false">
        <annotation>
          <rdf:RDF xmlns:rdf="http://www.w3.org/1999/02/22-rdf-syntax-ns#" xmlns:bqmodel="http://biomodels.net/model-qualifiers/" xmlns:bqbiol="http://biomodels.net/biology-qualifiers/">
            <rdf:Description rdf:about="#_151505">
	<bqbiol:is>
	<rdf:Bag>
	<rdf:li rdf:resource="http://identifiers.org/obo.go/GO:0000060"/>
	</rdf:Bag>
	</bqbiol:is>
	</rdf:Description>
	
          </rdf:RDF>
        </annotation>
              <listOfReactants>
          <speciesReference metaid="_984861" species="cP9c"/>
        </listOfReactants>
        <listOfProducts>
          <speciesReference metaid="_984873" species="cP9n"/>
        </listOfProducts>
        <kineticLaw metaid="_984885">
          <math xmlns="http://www.w3.org/1998/Math/MathML">          
            <apply>
              <times/>
              <ci> cytoplasm </ci>
              <ci> r11 </ci>
              <ci> cP9c </ci>
            </apply>
          </math>
                </kineticLaw>
      </reaction>
      <reaction id="R43" metaid="_151525" name="cP9n transport to cytoplasm" reversible="false">
        <annotation>
          <rdf:RDF xmlns:rdf="http://www.w3.org/1999/02/22-rdf-syntax-ns#" xmlns:bqmodel="http://biomodels.net/model-qualifiers/" xmlns:bqbiol="http://biomodels.net/biology-qualifiers/">
            <rdf:Description rdf:about="#_151525">
	<bqbiol:is>
	<rdf:Bag>
	<rdf:li rdf:resource="http://identifiers.org/obo.go/GO:0065002"/>
	</rdf:Bag>
	</bqbiol:is>
	</rdf:Description>
	
          </rdf:RDF>
        </annotation>
              <listOfReactants>
          <speciesReference metaid="_984897" species="cP9n"/>
        </listOfReactants>
        <listOfProducts>
          <speciesReference metaid="_984909" species="cP9c"/>
        </listOfProducts>
        <kineticLaw metaid="_984921">
          <math xmlns="http://www.w3.org/1998/Math/MathML">          
            <apply>
              <times/>
              <ci> nucleus </ci>
              <ci> r12 </ci>
              <ci> cP9n </ci>
            </apply>
          </math>
                </kineticLaw>
      </reaction>
      <reaction id="R44" metaid="_151545" name="cP9c degradation" reversible="false">
        <annotation>
          <rdf:RDF xmlns:rdf="http://www.w3.org/1999/02/22-rdf-syntax-ns#" xmlns:bqmodel="http://biomodels.net/model-qualifiers/" xmlns:bqbiol="http://biomodels.net/biology-qualifiers/">
            <rdf:Description rdf:about="#_151545">
	<bqbiol:is>
	<rdf:Bag>
	<rdf:li rdf:resource="http://identifiers.org/obo.go/GO:0044257"/>
	</rdf:Bag>
	</bqbiol:is>
	</rdf:Description>
	
          </rdf:RDF>
        </annotation>
              <listOfReactants>
          <speciesReference metaid="_984933" species="cP9c"/>
        </listOfReactants>
        <kineticLaw metaid="_984945">
          <math xmlns="http://www.w3.org/1998/Math/MathML">          
            <apply>
              <divide/>
              <apply>
                <times/>
                <ci> cytoplasm </ci>
                <ci> m20 </ci>
                <ci> cP9c </ci>
              </apply>
              <apply>
                <plus/>
                <ci> k18 </ci>
                <ci> cP9c </ci>
              </apply>
            </apply>
          </math>
                </kineticLaw>
      </reaction>
      <reaction id="R45" metaid="_151565" name="cP9n degradation" reversible="false">
        <annotation>
          <rdf:RDF xmlns:rdf="http://www.w3.org/1999/02/22-rdf-syntax-ns#" xmlns:bqmodel="http://biomodels.net/model-qualifiers/" xmlns:bqbiol="http://biomodels.net/biology-qualifiers/">
            <rdf:Description rdf:about="#_151565">
	<bqbiol:is>
	<rdf:Bag>
	<rdf:li rdf:resource="http://identifiers.org/obo.go/GO:0044257"/>
	</rdf:Bag>
	</bqbiol:is>
	</rdf:Description>
	
          </rdf:RDF>
        </annotation>
              <listOfReactants>
          <speciesReference metaid="_984957" species="cP9n"/>
        </listOfReactants>
        <kineticLaw metaid="_984969">
          <math xmlns="http://www.w3.org/1998/Math/MathML">          
            <apply>
              <divide/>
              <apply>
                <times/>
                <ci> nucleus </ci>
                <ci> m21 </ci>
                <ci> cP9n </ci>
              </apply>
              <apply>
                <plus/>
                <ci> k19 </ci>
                <ci> cP9n </ci>
              </apply>
            </apply>
          </math>
                </kineticLaw>
      </reaction>
    </listOfReactions>
    <listOfEvents>
      <event id="event_0000001" metaid="metaid_0000174">
        <trigger metaid="_984981">
          <math xmlns="http://www.w3.org/1998/Math/MathML">          
            <apply>
              <leq/>
              <apply>
                <minus/>
                <ci> Day_in_hours </ci>
                <csymbol encoding="text" definitionURL="http://www.sbml.org/sbml/symbols/time"> t </csymbol>
              </apply>
              <cn type="integer"> 0 </cn>
            </apply>
          </math>
                </trigger>
        <listOfEventAssignments>
          <eventAssignment metaid="_984993" variable="Day_in_hours">
            <math xmlns="http://www.w3.org/1998/Math/MathML">            
              <apply>
                <plus/>
                <ci> Day_in_hours </ci>
                <cn type="integer"> 24 </cn>
              </apply>
            </math>
                    </eventAssignment>
          <eventAssignment metaid="_985005" variable="ld">
            <math xmlns="http://www.w3.org/1998/Math/MathML">            
              <cn type="integer"> 1 </cn>
            </math>
                    </eventAssignment>
        </listOfEventAssignments>
      </event>
      <event id="event_0000002" metaid="metaid_0000175">
        <trigger metaid="_985017">
          <math xmlns="http://www.w3.org/1998/Math/MathML">          
            <apply>
              <and/>
              <apply>
                <leq/>
                <apply>
                  <minus/>
                  <ci> Day_in_hours </ci>
                  <csymbol encoding="text" definitionURL="http://www.sbml.org/sbml/symbols/time"> t </csymbol>
                </apply>
                <cn type="integer"> 12 </cn>
              </apply>
              <apply>
                <gt/>
                <apply>
                  <minus/>
                  <ci> Day_in_hours </ci>
                  <csymbol encoding="text" definitionURL="http://www.sbml.org/sbml/symbols/time"> t </csymbol>
                </apply>
                <cn type="integer"> 0 </cn>
              </apply>
            </apply>
          </math>
                </trigger>
        <listOfEventAssignments>
          <eventAssignment metaid="_985029" variable="ld">
            <math xmlns="http://www.w3.org/1998/Math/MathML">            
              <cn type="integer"> 0 </cn>
            </math>
                    </eventAssignment>
        </listOfEventAssignments>
      </event>
    </listOfEvents>
  </model>
</sbml>