<?xml version='1.0' encoding='UTF-8' standalone='no'?>
<sbml xmlns="http://www.sbml.org/sbml/level2" level="2" metaid="metaid_0000001" version="1" xmlns:html="http://www.w3.org/1999/xhtml" xmlns:math="http://www.w3.org/1998/Math/MathML" xmlns:sbml="http://www.sbml.org/sbml/level2">
  <model id="Zeilinger2006_PRR7_PRR9light_Yprime" metaid="_135671" name="Zeilinger2006_PRR7-PRR9light-Yprime">
    <notes>
      <body xmlns="http://www.w3.org/1999/xhtml">
        <p>The model reproduces the time profile of TOC1  and Y mRNA  for a  8:16 cycle as depicted in Fig7A and 7B. A simple algorithm in the event section accomplishes the 8 hour light and 16 hour dark cycle. The model was successfully tested on MathSBML</p>
            <br/>
            <p>To the extent possible under law, all copyright and related or neighbouring rights to this encoded model have been dedicated to the public domain worldwide. Please refer to      <a href="http://creativecommons.org/publicdomain/zero/1.0/" title="Creative Commons CC0">CC0 Public Domain Dedication</a>
          for more information.      </p>
            <p>In summary, you are entitled to use this encoded model in absolutely any manner you deem suitable, verbatim, or with modification, alone or embedded it in a larger context, redistribute it, commercially or not, in a restricted way or not.</p>
            <br/>
            <p>To cite BioModels Database, please use:      <a href="http://www.ncbi.nlm.nih.gov/pubmed/20587024" target="_blank">Li C, Donizelli M, Rodriguez N, Dharuri H, Endler L, Chelliah V, Li L, He E, Henry A, Stefan MI, Snoep JL, Hucka M, Le Novère N, Laibe C (2010) BioModels Database: An enhanced, curated and annotated resource for published quantitative kinetic models. BMC Syst Biol., 4:92.</a>
                </p>
            </body>
      
    </notes>
    <annotation>
      <rdf:RDF xmlns:rdf="http://www.w3.org/1999/02/22-rdf-syntax-ns#" xmlns:bqmodel="http://biomodels.net/model-qualifiers/" xmlns:vCard="http://www.w3.org/2001/vcard-rdf/3.0#" xmlns:dc="http://purl.org/dc/elements/1.1/" xmlns:dcterms="http://purl.org/dc/terms/" xmlns:bqbiol="http://biomodels.net/biology-qualifiers/">
        <rdf:Description rdf:about="#_135671">
	<dc:creator>
	<rdf:Bag>
	<rdf:li rdf:parseType="Resource">
	<vCard:N rdf:parseType="Resource">
	<vCard:Family>Dharuri</vCard:Family>
	<vCard:Given>Harish</vCard:Given>
	</vCard:N>
	<vCard:EMAIL>hdharuri@cds.caltech.edu</vCard:EMAIL>
	<vCard:ORG rdf:parseType="Resource">
	<vCard:Orgname>California Institute of Technology</vCard:Orgname>
	</vCard:ORG>
	</rdf:li>
	</rdf:Bag>
	</dc:creator>
	<dcterms:created rdf:parseType="Resource">
	<dcterms:W3CDTF>2006-12-11T17:12:17Z</dcterms:W3CDTF>
	</dcterms:created>
	<dcterms:modified rdf:parseType="Resource">
	<dcterms:W3CDTF>2012-07-05T14:41:50Z</dcterms:W3CDTF>
	</dcterms:modified>
	<bqmodel:is>
	<rdf:Bag>
	<rdf:li rdf:resource="http://identifiers.org/biomodels.db/MODEL4025650992"/>
	</rdf:Bag>
	</bqmodel:is>
	<bqmodel:is>
	<rdf:Bag>
	<rdf:li rdf:resource="http://identifiers.org/biomodels.db/BIOMD0000000097"/>
	</rdf:Bag>
	</bqmodel:is>
	<bqmodel:isDescribedBy>
	<rdf:Bag>
	<rdf:li rdf:resource="http://identifiers.org/pubmed/17102803"/>
	</rdf:Bag>
	</bqmodel:isDescribedBy>
	<bqmodel:isDerivedFrom>
	<rdf:Bag>
	<rdf:li rdf:resource="http://identifiers.org/biomodels.db/BIOMD0000000055"/>
	</rdf:Bag>
	</bqmodel:isDerivedFrom>
	<bqbiol:hasTaxon>
	<rdf:Bag>
	<rdf:li rdf:resource="http://identifiers.org/taxonomy/3701"/>
	</rdf:Bag>
	</bqbiol:hasTaxon>
	<bqbiol:is>
	<rdf:Bag>
	<rdf:li rdf:resource="http://identifiers.org/kegg.pathway/ath04710"/>
	<rdf:li rdf:resource="http://identifiers.org/obo.go/GO:0007623"/>
	</rdf:Bag>
	</bqbiol:is>
	</rdf:Description>
	
      </rdf:RDF>
    </annotation>
      <listOfUnitDefinitions>
      <unitDefinition id="substance" metaid="metaid_0000172" name="nanomoles">
        <listOfUnits>
          <unit kind="mole" metaid="_695084" scale="-9"/>
        </listOfUnits>
      </unitDefinition>
      <unitDefinition id="time" metaid="metaid_0000173" name="hour">
        <listOfUnits>
          <unit kind="second" metaid="_695096" multiplier="3600"/>
        </listOfUnits>
      </unitDefinition>
      <unitDefinition id="Hr_inv" metaid="metaid_0000174" name="Hour_inv">
        <listOfUnits>
          <unit exponent="-1" kind="second" metaid="_695108" multiplier="3600"/>
        </listOfUnits>
      </unitDefinition>
      <unitDefinition id="nM" metaid="metaid_0000175" name="nM">
        <listOfUnits>
          <unit kind="mole" metaid="_695120" scale="-9"/>
          <unit exponent="-1" kind="litre" metaid="_695132"/>
        </listOfUnits>
      </unitDefinition>
      <unitDefinition id="nM_per_hour" metaid="metaid_0000176" name="nM_per_hour">
        <listOfUnits>
          <unit kind="mole" metaid="_695144" scale="-9"/>
          <unit exponent="-1" kind="litre" metaid="_695156"/>
          <unit exponent="-1" kind="second" metaid="_695168" multiplier="3600"/>
        </listOfUnits>
      </unitDefinition>
    </listOfUnitDefinitions>
    <listOfCompartments>
      <compartment id="cytoplasm" metaid="_135687" name="cytoplasm" size="1">
        <annotation>
          <rdf:RDF xmlns:rdf="http://www.w3.org/1999/02/22-rdf-syntax-ns#" xmlns:bqmodel="http://biomodels.net/model-qualifiers/" xmlns:bqbiol="http://biomodels.net/biology-qualifiers/">
            <rdf:Description rdf:about="#_135687">
	<bqbiol:is>
	<rdf:Bag>
	<rdf:li rdf:resource="http://identifiers.org/obo.go/GO:0005737"/>
	</rdf:Bag>
	</bqbiol:is>
	</rdf:Description>
	
          </rdf:RDF>
        </annotation>
            </compartment>
      <compartment id="nucleus" metaid="metaid_0000169" name="nucleus" outside="cytoplasm" size="1">
        <annotation>
          <rdf:RDF xmlns:rdf="http://www.w3.org/1999/02/22-rdf-syntax-ns#" xmlns:bqmodel="http://biomodels.net/model-qualifiers/" xmlns:bqbiol="http://biomodels.net/biology-qualifiers/">
            <rdf:Description rdf:about="#metaid_0000169">
	<bqbiol:is>
	<rdf:Bag>
	<rdf:li rdf:resource="http://identifiers.org/obo.go/GO:0005634"/>
	</rdf:Bag>
	</bqbiol:is>
	</rdf:Description>
	
          </rdf:RDF>
        </annotation>
            </compartment>
    </listOfCompartments>
    <listOfSpecies>
      <species compartment="cytoplasm" id="cLc" initialConcentration="0.0659" metaid="_135707" name="cLc">
        <annotation>
          <rdf:RDF xmlns:rdf="http://www.w3.org/1999/02/22-rdf-syntax-ns#" xmlns:bqmodel="http://biomodels.net/model-qualifiers/" xmlns:bqbiol="http://biomodels.net/biology-qualifiers/">
            <rdf:Description rdf:about="#_135707">
	<bqbiol:is>
	<rdf:Bag>
	<rdf:li rdf:resource="http://identifiers.org/uniprot/O81713"/>
	</rdf:Bag>
	</bqbiol:is>
	</rdf:Description>
	
          </rdf:RDF>
        </annotation>
            </species>
      <species compartment="nucleus" id="cLm" initialConcentration="0.1951" metaid="_135727" name="cLm">
        <annotation>
          <rdf:RDF xmlns:rdf="http://www.w3.org/1999/02/22-rdf-syntax-ns#" xmlns:bqmodel="http://biomodels.net/model-qualifiers/" xmlns:bqbiol="http://biomodels.net/biology-qualifiers/">
            <rdf:Description rdf:about="#_135727">
	<bqbiol:is>
	<rdf:Bag>
	<rdf:li rdf:resource="http://identifiers.org/obo.chebi/CHEBI:33699"/>
	<rdf:li rdf:resource="http://identifiers.org/kegg.compound/C00046"/>
	</rdf:Bag>
	</bqbiol:is>
	</rdf:Description>
	
          </rdf:RDF>
        </annotation>
            </species>
      <species compartment="nucleus" id="cLn" initialConcentration="0.3952" metaid="_135747" name="cLn">
        <annotation>
          <rdf:RDF xmlns:rdf="http://www.w3.org/1999/02/22-rdf-syntax-ns#" xmlns:bqmodel="http://biomodels.net/model-qualifiers/" xmlns:bqbiol="http://biomodels.net/biology-qualifiers/">
            <rdf:Description rdf:about="#_135747">
	<bqbiol:is>
	<rdf:Bag>
	<rdf:li rdf:resource="http://identifiers.org/uniprot/O81713"/>
	</rdf:Bag>
	</bqbiol:is>
	</rdf:Description>
	
          </rdf:RDF>
        </annotation>
            </species>
      <species compartment="cytoplasm" id="cP7c" initialConcentration="0.0861" metaid="_135767" name="cP7c">
        <annotation>
          <rdf:RDF xmlns:rdf="http://www.w3.org/1999/02/22-rdf-syntax-ns#" xmlns:bqmodel="http://biomodels.net/model-qualifiers/" xmlns:bqbiol="http://biomodels.net/biology-qualifiers/">
            <rdf:Description rdf:about="#_135767">
	<bqbiol:is>
	<rdf:Bag>
	<rdf:li rdf:resource="http://identifiers.org/uniprot/Q93WK5"/>
	</rdf:Bag>
	</bqbiol:is>
	</rdf:Description>
	
          </rdf:RDF>
        </annotation>
            </species>
      <species compartment="nucleus" id="cP7m" initialConcentration="0.0772" metaid="_135787" name="cP7m">
        <annotation>
          <rdf:RDF xmlns:rdf="http://www.w3.org/1999/02/22-rdf-syntax-ns#" xmlns:bqmodel="http://biomodels.net/model-qualifiers/" xmlns:bqbiol="http://biomodels.net/biology-qualifiers/">
            <rdf:Description rdf:about="#_135787">
	<bqbiol:is>
	<rdf:Bag>
	<rdf:li rdf:resource="http://identifiers.org/obo.chebi/CHEBI:33699"/>
	<rdf:li rdf:resource="http://identifiers.org/kegg.compound/C00046"/>
	</rdf:Bag>
	</bqbiol:is>
	</rdf:Description>
	
          </rdf:RDF>
        </annotation>
            </species>
      <species compartment="nucleus" id="cP7n" initialConcentration="2.7182" metaid="_135807" name="cP7n">
        <annotation>
          <rdf:RDF xmlns:rdf="http://www.w3.org/1999/02/22-rdf-syntax-ns#" xmlns:bqmodel="http://biomodels.net/model-qualifiers/" xmlns:bqbiol="http://biomodels.net/biology-qualifiers/">
            <rdf:Description rdf:about="#_135807">
	<bqbiol:is>
	<rdf:Bag>
	<rdf:li rdf:resource="http://identifiers.org/uniprot/Q93WK5"/>
	</rdf:Bag>
	</bqbiol:is>
	</rdf:Description>
	
          </rdf:RDF>
        </annotation>
            </species>
      <species compartment="cytoplasm" id="cP9c" initialConcentration="0.0077" metaid="_135827" name="cP9c">
        <annotation>
          <rdf:RDF xmlns:rdf="http://www.w3.org/1999/02/22-rdf-syntax-ns#" xmlns:bqmodel="http://biomodels.net/model-qualifiers/" xmlns:bqbiol="http://biomodels.net/biology-qualifiers/">
            <rdf:Description rdf:about="#_135827">
	<bqbiol:is>
	<rdf:Bag>
	<rdf:li rdf:resource="http://identifiers.org/uniprot/Q8L500"/>
	</rdf:Bag>
	</bqbiol:is>
	</rdf:Description>
	
          </rdf:RDF>
        </annotation>
            </species>
      <species compartment="nucleus" id="cP9m" initialConcentration="0.0011" metaid="_135847" name="cP9m">
        <annotation>
          <rdf:RDF xmlns:rdf="http://www.w3.org/1999/02/22-rdf-syntax-ns#" xmlns:bqmodel="http://biomodels.net/model-qualifiers/" xmlns:bqbiol="http://biomodels.net/biology-qualifiers/">
            <rdf:Description rdf:about="#_135847">
	<bqbiol:is>
	<rdf:Bag>
	<rdf:li rdf:resource="http://identifiers.org/obo.chebi/CHEBI:33699"/>
	<rdf:li rdf:resource="http://identifiers.org/kegg.compound/C00046"/>
	</rdf:Bag>
	</bqbiol:is>
	</rdf:Description>
	
          </rdf:RDF>
        </annotation>
            </species>
      <species compartment="nucleus" id="cP9n" initialConcentration="0.0073" metaid="_135867" name="cP9n">
        <annotation>
          <rdf:RDF xmlns:rdf="http://www.w3.org/1999/02/22-rdf-syntax-ns#" xmlns:bqmodel="http://biomodels.net/model-qualifiers/" xmlns:bqbiol="http://biomodels.net/biology-qualifiers/">
            <rdf:Description rdf:about="#_135867">
	<bqbiol:is>
	<rdf:Bag>
	<rdf:li rdf:resource="http://identifiers.org/uniprot/Q8L500"/>
	</rdf:Bag>
	</bqbiol:is>
	</rdf:Description>
	
          </rdf:RDF>
        </annotation>
            </species>
      <species compartment="nucleus" id="cPn" initialConcentration="0" metaid="_135887" name="cPn"/>
      <species compartment="cytoplasm" id="cTc" initialConcentration="0.7852" metaid="_135897" name="cTc">
        <annotation>
          <rdf:RDF xmlns:rdf="http://www.w3.org/1999/02/22-rdf-syntax-ns#" xmlns:bqmodel="http://biomodels.net/model-qualifiers/" xmlns:bqbiol="http://biomodels.net/biology-qualifiers/">
            <rdf:Description rdf:about="#_135897">
	<bqbiol:is>
	<rdf:Bag>
	<rdf:li rdf:resource="http://identifiers.org/uniprot/Q9LKL2"/>
	<rdf:li rdf:resource="http://identifiers.org/interpro/IPR010402"/>
	</rdf:Bag>
	</bqbiol:is>
	</rdf:Description>
	
          </rdf:RDF>
        </annotation>
            </species>
      <species compartment="nucleus" id="cTm" initialConcentration="0.1234" metaid="_135907" name="cTm">
        <annotation>
          <rdf:RDF xmlns:rdf="http://www.w3.org/1999/02/22-rdf-syntax-ns#" xmlns:bqmodel="http://biomodels.net/model-qualifiers/" xmlns:bqbiol="http://biomodels.net/biology-qualifiers/">
            <rdf:Description rdf:about="#_135907">
	<bqbiol:is>
	<rdf:Bag>
	<rdf:li rdf:resource="http://identifiers.org/obo.chebi/CHEBI:33699"/>
	<rdf:li rdf:resource="http://identifiers.org/kegg.compound/C00046"/>
	</rdf:Bag>
	</bqbiol:is>
	</rdf:Description>
	
          </rdf:RDF>
        </annotation>
            </species>
      <species compartment="nucleus" id="cTn" initialConcentration="4.5209" metaid="_135927" name="cTn">
        <annotation>
          <rdf:RDF xmlns:rdf="http://www.w3.org/1999/02/22-rdf-syntax-ns#" xmlns:bqmodel="http://biomodels.net/model-qualifiers/" xmlns:bqbiol="http://biomodels.net/biology-qualifiers/">
            <rdf:Description rdf:about="#_135927">
	<bqbiol:is>
	<rdf:Bag>
	<rdf:li rdf:resource="http://identifiers.org/uniprot/Q9LKL2"/>
	<rdf:li rdf:resource="http://identifiers.org/interpro/IPR010402"/>
	</rdf:Bag>
	</bqbiol:is>
	</rdf:Description>
	
          </rdf:RDF>
        </annotation>
            </species>
      <species compartment="cytoplasm" id="cXc" initialConcentration="2.5615" metaid="_135947" name="cXc"/>
      <species compartment="nucleus" id="cXm" initialConcentration="1.6104" metaid="_135967" name="cXm">
        <annotation>
          <rdf:RDF xmlns:rdf="http://www.w3.org/1999/02/22-rdf-syntax-ns#" xmlns:bqmodel="http://biomodels.net/model-qualifiers/" xmlns:bqbiol="http://biomodels.net/biology-qualifiers/">
            <rdf:Description rdf:about="#_135967">
	<bqbiol:is>
	<rdf:Bag>
	<rdf:li rdf:resource="http://identifiers.org/obo.chebi/CHEBI:33699"/>
	<rdf:li rdf:resource="http://identifiers.org/kegg.compound/C00046"/>
	</rdf:Bag>
	</bqbiol:is>
	</rdf:Description>
	
          </rdf:RDF>
        </annotation>
            </species>
      <species compartment="nucleus" id="cXn" initialConcentration="14.5474" metaid="_135987" name="cXn">
        <annotation>
          <rdf:RDF xmlns:rdf="http://www.w3.org/1999/02/22-rdf-syntax-ns#" xmlns:bqmodel="http://biomodels.net/model-qualifiers/" xmlns:bqbiol="http://biomodels.net/biology-qualifiers/">
            <rdf:Description rdf:about="#_135987">
	<bqbiol:is>
	<rdf:Bag>
	<rdf:li rdf:resource="http://identifiers.org/obo.go/GO:0005667"/>
	</rdf:Bag>
	</bqbiol:is>
	</rdf:Description>
	
          </rdf:RDF>
        </annotation>
            </species>
      <species compartment="cytoplasm" id="cYc" initialConcentration="7.6795" metaid="_136007" name="cYc"/>
      <species compartment="nucleus" id="cYm" initialConcentration="1.1149" metaid="_136027" name="cYm">
        <annotation>
          <rdf:RDF xmlns:rdf="http://www.w3.org/1999/02/22-rdf-syntax-ns#" xmlns:bqmodel="http://biomodels.net/model-qualifiers/" xmlns:bqbiol="http://biomodels.net/biology-qualifiers/">
            <rdf:Description rdf:about="#_136027">
	<bqbiol:is>
	<rdf:Bag>
	<rdf:li rdf:resource="http://identifiers.org/obo.chebi/CHEBI:33699"/>
	<rdf:li rdf:resource="http://identifiers.org/kegg.compound/C00046"/>
	</rdf:Bag>
	</bqbiol:is>
	</rdf:Description>
	
          </rdf:RDF>
        </annotation>
            </species>
      <species compartment="nucleus" id="cYn" initialConcentration="9.7016" metaid="_136047" name="cYn">
        <annotation>
          <rdf:RDF xmlns:rdf="http://www.w3.org/1999/02/22-rdf-syntax-ns#" xmlns:bqmodel="http://biomodels.net/model-qualifiers/" xmlns:bqbiol="http://biomodels.net/biology-qualifiers/">
            <rdf:Description rdf:about="#_136047">
	<bqbiol:is>
	<rdf:Bag>
	<rdf:li rdf:resource="http://identifiers.org/obo.go/GO:0005667"/>
	</rdf:Bag>
	</bqbiol:is>
	</rdf:Description>
	
          </rdf:RDF>
        </annotation>
            </species>
    </listOfSpecies>
    <listOfParameters>
      <parameter id="q1" metaid="metaid_0000071" name="q1" units="Hr_inv" value="13.4334"/>
      <parameter id="n1" metaid="metaid_0000072" name="n1" units="nM_per_hour" value="3.2016"/>
      <parameter id="g1" metaid="metaid_0000073" name="g1" units="nM" value="9.041"/>
      <parameter id="m1" metaid="metaid_0000074" name="m1" units="nM_per_hour" value="6.8248"/>
      <parameter id="k1" metaid="metaid_0000075" name="k1" units="nM" value="13.0594"/>
      <parameter id="p1" metaid="metaid_0000076" name="p1" units="Hr_inv" value="0.6926"/>
      <parameter id="r1" metaid="metaid_0000077" name="r1" units="Hr_inv" value="25.6818"/>
      <parameter id="r2" metaid="metaid_0000078" name="r2" units="Hr_inv" value="3.9781"/>
      <parameter id="m2" metaid="metaid_0000079" name="m2" units="nM_per_hour" value="9.4099"/>
      <parameter id="k2" metaid="metaid_0000080" name="k2" units="nM" value="30.5639"/>
      <parameter id="m3" metaid="metaid_0000081" name="m3" units="nM_per_hour" value="13.7795"/>
      <parameter id="k3" metaid="metaid_0000082" name="k3" units="nM" value="33.514"/>
      <parameter id="n2" metaid="metaid_0000083" name="n2" units="nM_per_hour" value="11.6086"/>
      <parameter id="g2" metaid="metaid_0000084" name="g2" units="nM" value="16.6598"/>
      <parameter id="g3" metaid="metaid_0000085" name="g3" units="nM" value="13.4112"/>
      <parameter id="m4" metaid="metaid_0000086" name="m4" units="nM_per_hour" value="12.1232"/>
      <parameter id="k4" metaid="metaid_0000087" name="k4" units="nM" value="1.3722"/>
      <parameter id="p2" metaid="metaid_0000088" name="p2" units="Hr_inv" value="0.5403"/>
      <parameter id="p3" metaid="metaid_0000089" name="p3" units="Hr_inv" value="6.9124"/>
      <parameter id="r5" metaid="metaid_0000090" name="r5" units="Hr_inv" value="29.4607"/>
      <parameter id="r6" metaid="metaid_0000091" name="r6" units="Hr_inv" value="4.5034"/>
      <parameter id="m10" metaid="metaid_0000092" name="m10" units="nM_per_hour" value="8.5523"/>
      <parameter id="k8" metaid="metaid_0000093" name="k8" units="nM" value="12.528"/>
      <parameter id="m11" metaid="metaid_0000094" name="m11" units="nM_per_hour" value="23.5996"/>
      <parameter id="k9" metaid="metaid_0000095" name="k9" units="nM" value="15.0626"/>
      <parameter id="n4" metaid="metaid_0000096" name="n4" units="nM_per_hour" value="1.7832"/>
      <parameter id="n5" metaid="metaid_0000097" name="n5" units="nM_per_hour" value="7.4615"/>
      <parameter id="g5" metaid="metaid_0000098" name="g5" units="nM" value="1.5987"/>
      <parameter id="g6" metaid="metaid_0000099" name="g6" units="nM" value="16.489"/>
      <parameter id="m12" metaid="metaid_0000100" name="m12" units="nM_per_hour" value="5.9504"/>
      <parameter id="k10" metaid="metaid_0000101" name="k10" units="nM" value="11.5688"/>
      <parameter id="r3" metaid="metaid_0000102" name="r3" units="Hr_inv" value="51.1965"/>
      <parameter id="r4" metaid="metaid_0000103" name="r4" units="Hr_inv" value="8.9147"/>
      <parameter id="m5" metaid="metaid_0000104" name="m5" units="nM_per_hour" value="7.2129"/>
      <parameter id="m6" metaid="metaid_0000105" name="m6" units="nM_per_hour" value="9.5754"/>
      <parameter id="k5" metaid="metaid_0000106" name="k5" units="nM" value="34.2078"/>
      <parameter id="m7" metaid="metaid_0000107" name="m7" units="nM_per_hour" value="1.1032"/>
      <parameter id="m8" metaid="metaid_0000108" name="m8" units="nM_per_hour" value="2.2006"/>
      <parameter id="k6" metaid="metaid_0000109" name="k6" units="nM" value="56.7596"/>
      <parameter id="n3" metaid="metaid_0000110" name="n3" units="nM_per_hour" value="2.4751"/>
      <parameter id="g4" metaid="metaid_0000111" name="g4" units="nM" value="20.5277"/>
      <parameter id="m9" metaid="metaid_0000112" name="m9" units="nM_per_hour" value="4.2193"/>
      <parameter id="k7" metaid="metaid_0000113" name="k7" units="nM" value="14.9114"/>
      <parameter id="p4" metaid="metaid_0000114" name="p4" units="Hr_inv" value="6.0042"/>
      <parameter id="r7" metaid="metaid_0000115" name="r7" units="Hr_inv" value="35.7842"/>
      <parameter id="r8" metaid="metaid_0000116" name="r8" units="Hr_inv" value="27.9229"/>
      <parameter id="m13" metaid="metaid_0000117" name="m13" units="nM_per_hour" value="7.5959"/>
      <parameter id="k11" metaid="metaid_0000118" name="k11" units="nM" value="26.9638"/>
      <parameter id="m14" metaid="metaid_0000119" name="m14" units="nM_per_hour" value="8.1796"/>
      <parameter id="k12" metaid="metaid_0000120" name="k12" units="nM" value="21.8348"/>
      <parameter id="p5" metaid="metaid_0000121" name="p5" units="nM_per_hour" value="0.5"/>
      <parameter id="k13" metaid="metaid_0000122" name="k13" units="nM" value="1.2"/>
      <parameter id="q3" metaid="metaid_0000123" name="q3" units="Hr_inv" value="1"/>
      <parameter id="m15" metaid="metaid_0000124" name="m15" units="nM_per_hour" value="1.2"/>
      <parameter id="g7" metaid="metaid_0000125" name="g7" units="nM" value="0.2778"/>
      <parameter id="g8" metaid="metaid_0000126" name="g8" units="nM" value="0.9187"/>
      <parameter id="n6" metaid="metaid_0000127" name="n6" units="nM_per_hour" value="11.0924"/>
      <parameter id="g9" metaid="metaid_0000128" name="g9" units="nM" value="20.3795"/>
      <parameter id="m16" metaid="metaid_0000129" name="m16" units="nM_per_hour" value="9.3186"/>
      <parameter id="k14" metaid="metaid_0000130" name="k14" units="nM" value="51.261"/>
      <parameter id="p6" metaid="metaid_0000131" name="p6" units="Hr_inv" value="9.8416"/>
      <parameter id="r9" metaid="metaid_0000132" name="r9" units="Hr_inv" value="24.5689"/>
      <parameter id="r10" metaid="metaid_0000133" name="r10" units="Hr_inv" value="0.5024"/>
      <parameter id="m17" metaid="metaid_0000134" name="m17" units="nM_per_hour" value="3.6143"/>
      <parameter id="k15" metaid="metaid_0000135" name="k15" units="nM" value="32.939"/>
      <parameter id="m18" metaid="metaid_0000136" name="m18" units="nM_per_hour" value="6.7455"/>
      <parameter id="k16" metaid="metaid_0000137" name="k16" units="nM" value="24.451"/>
      <parameter id="n7" metaid="metaid_0000138" name="n7" units="nM_per_hour" value="0.1031"/>
      <parameter id="g10" metaid="metaid_0000139" name="g10" units="nM" value="5.8418"/>
      <parameter id="m19" metaid="metaid_0000140" name="m19" units="nM_per_hour" value="1.9234"/>
      <parameter id="k17" metaid="metaid_0000141" name="k17" units="nM" value="9.8065"/>
      <parameter id="p7" metaid="metaid_0000142" name="p7" units="Hr_inv" value="1.5323"/>
      <parameter id="r11" metaid="metaid_0000143" name="r11" units="Hr_inv" value="25.7542"/>
      <parameter id="r12" metaid="metaid_0000144" name="r12" units="Hr_inv" value="27.2451"/>
      <parameter id="m20" metaid="metaid_0000145" name="m20" units="nM_per_hour" value="3.7484"/>
      <parameter id="k18" metaid="metaid_0000146" name="k18" units="nM" value="25.9739"/>
      <parameter id="m21" metaid="metaid_0000147" name="m21" units="nM_per_hour" value="0.0193"/>
      <parameter id="k19" metaid="metaid_0000148" name="k19" units="nM" value="21.6441"/>
      <parameter id="q4" metaid="metaid_0000149" name="q4" units="Hr_inv" value="6.274"/>
      <parameter id="n8" metaid="metaid_0000150" name="n8" units="nM" value="3.5262"/>
      <parameter id="a" metaid="metaid_0000152" name="a" units="dimensionless" value="1.2497"/>
      <parameter id="b" metaid="metaid_0000153" name="b" units="dimensionless" value="4.2126"/>
      <parameter id="c" metaid="metaid_0000154" name="c" units="dimensionless" value="1.4509"/>
      <parameter id="d" metaid="metaid_0000155" name="d" units="dimensionless" value="1.3058"/>
      <parameter id="e" metaid="metaid_0000156" name="e" units="dimensionless" value="2.4146"/>
      <parameter id="f" metaid="metaid_0000157" name="f" units="dimensionless" value="2.1349"/>
      <parameter id="h" metaid="metaid_0000158" name="h" units="dimensionless" value="1.4176"/>
      <parameter id="i" metaid="metaid_0000159" name="i" units="dimensionless" value="2.0074"/>
      <parameter id="j" metaid="metaid_0000160" name="j" units="dimensionless" value="1.7615"/>
      <parameter id="k" metaid="metaid_0000161" name="k" units="dimensionless" value="3.8877"/>
      <parameter constant="false" id="ld" metaid="metaid_0000162" name="ld" units="dimensionless" value="1"/>
      <parameter id="lmax" metaid="metaid_0000177" name="lmax" units="dimensionless" value="1"/>
      <parameter constant="false" id="Day_in_hours" metaid="metaid_0000165" units="time" value="24"/>
    </listOfParameters>
    <listOfReactions>
      <reaction id="R1" metaid="_136087" name="Light dependent cLm production" reversible="false">
        <annotation>
          <rdf:RDF xmlns:rdf="http://www.w3.org/1999/02/22-rdf-syntax-ns#" xmlns:bqmodel="http://biomodels.net/model-qualifiers/" xmlns:bqbiol="http://biomodels.net/biology-qualifiers/">
            <rdf:Description rdf:about="#_136087">
	<bqbiol:is>
	<rdf:Bag>
	<rdf:li rdf:resource="http://identifiers.org/obo.go/GO:0006351"/>
	<rdf:li rdf:resource="http://identifiers.org/obo.go/GO:0009642"/>
	</rdf:Bag>
	</bqbiol:is>
	</rdf:Description>
	
          </rdf:RDF>
        </annotation>
              <listOfProducts>
          <speciesReference metaid="_695180" species="cLm"/>
        </listOfProducts>
        <listOfModifiers>
          <modifierSpeciesReference metaid="_695192" species="cPn"/>
        </listOfModifiers>
        <kineticLaw metaid="_695204">
          <math xmlns="http://www.w3.org/1998/Math/MathML">          
            <apply>
              <times/>
              <ci> nucleus </ci>
              <ci> ld </ci>
              <ci> q1 </ci>
              <ci> cPn </ci>
            </apply>
          </math>
                </kineticLaw>
      </reaction>
      <reaction id="R2" metaid="_136107" name="Light independent cLm production" reversible="false">
        <annotation>
          <rdf:RDF xmlns:rdf="http://www.w3.org/1999/02/22-rdf-syntax-ns#" xmlns:bqmodel="http://biomodels.net/model-qualifiers/" xmlns:bqbiol="http://biomodels.net/biology-qualifiers/">
            <rdf:Description rdf:about="#_136107">
	<bqbiol:is>
	<rdf:Bag>
	<rdf:li rdf:resource="http://identifiers.org/obo.go/GO:0006351"/>
	</rdf:Bag>
	</bqbiol:is>
	</rdf:Description>
	
          </rdf:RDF>
        </annotation>
              <listOfProducts>
          <speciesReference metaid="_695216" species="cLm"/>
        </listOfProducts>
        <listOfModifiers>
          <modifierSpeciesReference metaid="_695228" species="cXn"/>
          <modifierSpeciesReference metaid="_695240" species="cP7n"/>
          <modifierSpeciesReference metaid="_695252" species="cP9n"/>
        </listOfModifiers>
        <kineticLaw metaid="_695264">
          <math xmlns="http://www.w3.org/1998/Math/MathML">          
            <apply>
              <times/>
              <ci> nucleus </ci>
              <apply>
                <divide/>
                <apply>
                  <times/>
                  <ci> n1 </ci>
                  <apply>
                    <power/>
                    <ci> cXn </ci>
                    <ci> a </ci>
                  </apply>
                </apply>
                <apply>
                  <plus/>
                  <apply>
                    <power/>
                    <ci> g1 </ci>
                    <ci> a </ci>
                  </apply>
                  <apply>
                    <power/>
                    <ci> cXn </ci>
                    <ci> a </ci>
                  </apply>
                </apply>
              </apply>
              <apply>
                <divide/>
                <apply>
                  <power/>
                  <ci> g7 </ci>
                  <ci> h </ci>
                </apply>
                <apply>
                  <plus/>
                  <apply>
                    <power/>
                    <ci> g7 </ci>
                    <ci> h </ci>
                  </apply>
                  <apply>
                    <power/>
                    <ci> cP7n </ci>
                    <ci> h </ci>
                  </apply>
                </apply>
              </apply>
              <apply>
                <divide/>
                <apply>
                  <power/>
                  <ci> g8 </ci>
                  <ci> i </ci>
                </apply>
                <apply>
                  <plus/>
                  <apply>
                    <power/>
                    <ci> g8 </ci>
                    <ci> i </ci>
                  </apply>
                  <apply>
                    <power/>
                    <ci> cP9n </ci>
                    <ci> i </ci>
                  </apply>
                </apply>
              </apply>
            </apply>
          </math>
                </kineticLaw>
      </reaction>
      <reaction id="R3" metaid="_136127" name="cLm degradation" reversible="false">
        <annotation>
          <rdf:RDF xmlns:rdf="http://www.w3.org/1999/02/22-rdf-syntax-ns#" xmlns:bqmodel="http://biomodels.net/model-qualifiers/" xmlns:bqbiol="http://biomodels.net/biology-qualifiers/">
            <rdf:Description rdf:about="#_136127">
	<bqbiol:is>
	<rdf:Bag>
	<rdf:li rdf:resource="http://identifiers.org/obo.go/GO:0006402"/>
	</rdf:Bag>
	</bqbiol:is>
	</rdf:Description>
	
          </rdf:RDF>
        </annotation>
              <listOfReactants>
          <speciesReference metaid="_695276" species="cLm"/>
        </listOfReactants>
        <kineticLaw metaid="_695288">
          <math xmlns="http://www.w3.org/1998/Math/MathML">          
            <apply>
              <divide/>
              <apply>
                <times/>
                <ci> nucleus </ci>
                <ci> m1 </ci>
                <ci> cLm </ci>
              </apply>
              <apply>
                <plus/>
                <ci> k1 </ci>
                <ci> cLm </ci>
              </apply>
            </apply>
          </math>
                </kineticLaw>
      </reaction>
      <reaction id="R4" metaid="_136147" name="cLc synthesis" reversible="false">
        <annotation>
          <rdf:RDF xmlns:rdf="http://www.w3.org/1999/02/22-rdf-syntax-ns#" xmlns:bqmodel="http://biomodels.net/model-qualifiers/" xmlns:bqbiol="http://biomodels.net/biology-qualifiers/">
            <rdf:Description rdf:about="#_136147">
	<bqbiol:is>
	<rdf:Bag>
	<rdf:li rdf:resource="http://identifiers.org/obo.go/GO:0006412"/>
	</rdf:Bag>
	</bqbiol:is>
	</rdf:Description>
	
          </rdf:RDF>
        </annotation>
              <listOfProducts>
          <speciesReference metaid="_695301" species="cLc"/>
        </listOfProducts>
        <listOfModifiers>
          <modifierSpeciesReference metaid="_695313" species="cLm"/>
        </listOfModifiers>
        <kineticLaw metaid="_695325">
          <math xmlns="http://www.w3.org/1998/Math/MathML">          
            <apply>
              <times/>
              <ci> cytoplasm </ci>
              <ci> p1 </ci>
              <ci> cLm </ci>
            </apply>
          </math>
                </kineticLaw>
      </reaction>
      <reaction id="R5" metaid="_136167" name="cLc transport to nucleus" reversible="false">
        <annotation>
          <rdf:RDF xmlns:rdf="http://www.w3.org/1999/02/22-rdf-syntax-ns#" xmlns:bqmodel="http://biomodels.net/model-qualifiers/" xmlns:bqbiol="http://biomodels.net/biology-qualifiers/">
            <rdf:Description rdf:about="#_136167">
	<bqbiol:is>
	<rdf:Bag>
	<rdf:li rdf:resource="http://identifiers.org/obo.go/GO:0000060"/>
	</rdf:Bag>
	</bqbiol:is>
	</rdf:Description>
	
          </rdf:RDF>
        </annotation>
              <listOfReactants>
          <speciesReference metaid="_695337" species="cLc"/>
        </listOfReactants>
        <listOfProducts>
          <speciesReference metaid="_695349" species="cLn"/>
        </listOfProducts>
        <kineticLaw metaid="_695361">
          <math xmlns="http://www.w3.org/1998/Math/MathML">          
            <apply>
              <times/>
              <ci> cytoplasm </ci>
              <ci> r1 </ci>
              <ci> cLc </ci>
            </apply>
          </math>
                </kineticLaw>
      </reaction>
      <reaction id="R6" metaid="_136187" name="cLn transport to cytoplasm" reversible="false">
        <annotation>
          <rdf:RDF xmlns:rdf="http://www.w3.org/1999/02/22-rdf-syntax-ns#" xmlns:bqmodel="http://biomodels.net/model-qualifiers/" xmlns:bqbiol="http://biomodels.net/biology-qualifiers/">
            <rdf:Description rdf:about="#_136187">
	<bqbiol:is>
	<rdf:Bag>
	<rdf:li rdf:resource="http://identifiers.org/obo.go/GO:0065002"/>
	</rdf:Bag>
	</bqbiol:is>
	</rdf:Description>
	
          </rdf:RDF>
        </annotation>
              <listOfReactants>
          <speciesReference metaid="_695373" species="cLn"/>
        </listOfReactants>
        <listOfProducts>
          <speciesReference metaid="_695385" species="cLc"/>
        </listOfProducts>
        <kineticLaw metaid="_695397">
          <math xmlns="http://www.w3.org/1998/Math/MathML">          
            <apply>
              <times/>
              <ci> nucleus </ci>
              <ci> r2 </ci>
              <ci> cLn </ci>
            </apply>
          </math>
                </kineticLaw>
      </reaction>
      <reaction id="R7" metaid="_136207" name="cLc degradation" reversible="false">
        <annotation>
          <rdf:RDF xmlns:rdf="http://www.w3.org/1999/02/22-rdf-syntax-ns#" xmlns:bqmodel="http://biomodels.net/model-qualifiers/" xmlns:bqbiol="http://biomodels.net/biology-qualifiers/">
            <rdf:Description rdf:about="#_136207">
	<bqbiol:is>
	<rdf:Bag>
	<rdf:li rdf:resource="http://identifiers.org/obo.go/GO:0044257"/>
	</rdf:Bag>
	</bqbiol:is>
	</rdf:Description>
	
          </rdf:RDF>
        </annotation>
              <listOfReactants>
          <speciesReference metaid="_695409" species="cLc"/>
        </listOfReactants>
        <kineticLaw metaid="_695421">
          <math xmlns="http://www.w3.org/1998/Math/MathML">          
            <apply>
              <divide/>
              <apply>
                <times/>
                <ci> cytoplasm </ci>
                <ci> m2 </ci>
                <ci> cLc </ci>
              </apply>
              <apply>
                <plus/>
                <ci> k2 </ci>
                <ci> cLc </ci>
              </apply>
            </apply>
          </math>
                </kineticLaw>
      </reaction>
      <reaction id="R8" metaid="_136227" name="cLn degradation" reversible="false">
        <annotation>
          <rdf:RDF xmlns:rdf="http://www.w3.org/1999/02/22-rdf-syntax-ns#" xmlns:bqmodel="http://biomodels.net/model-qualifiers/" xmlns:bqbiol="http://biomodels.net/biology-qualifiers/">
            <rdf:Description rdf:about="#_136227">
	<bqbiol:is>
	<rdf:Bag>
	<rdf:li rdf:resource="http://identifiers.org/obo.go/GO:0044257"/>
	</rdf:Bag>
	</bqbiol:is>
	</rdf:Description>
	
          </rdf:RDF>
        </annotation>
              <listOfReactants>
          <speciesReference metaid="_695433" species="cLn"/>
        </listOfReactants>
        <kineticLaw metaid="_695445">
          <math xmlns="http://www.w3.org/1998/Math/MathML">          
            <apply>
              <divide/>
              <apply>
                <times/>
                <ci> nucleus </ci>
                <ci> m3 </ci>
                <ci> cLn </ci>
              </apply>
              <apply>
                <plus/>
                <ci> k3 </ci>
                <ci> cLn </ci>
              </apply>
            </apply>
          </math>
                </kineticLaw>
      </reaction>
      <reaction id="R9" metaid="_136247" name="cTm transcription" reversible="false">
        <annotation>
          <rdf:RDF xmlns:rdf="http://www.w3.org/1999/02/22-rdf-syntax-ns#" xmlns:bqmodel="http://biomodels.net/model-qualifiers/" xmlns:bqbiol="http://biomodels.net/biology-qualifiers/">
            <rdf:Description rdf:about="#_136247">
	<bqbiol:is>
	<rdf:Bag>
	<rdf:li rdf:resource="http://identifiers.org/obo.go/GO:0006351"/>
	</rdf:Bag>
	</bqbiol:is>
	</rdf:Description>
	
          </rdf:RDF>
        </annotation>
              <listOfProducts>
          <speciesReference metaid="_695457" species="cTm"/>
        </listOfProducts>
        <listOfModifiers>
          <modifierSpeciesReference metaid="_695469" species="cYn"/>
          <modifierSpeciesReference metaid="_695481" species="cLn"/>
        </listOfModifiers>
        <kineticLaw metaid="_695493">
          <math xmlns="http://www.w3.org/1998/Math/MathML">          
            <apply>
              <times/>
              <ci> nucleus </ci>
              <apply>
                <divide/>
                <apply>
                  <times/>
                  <ci> n2 </ci>
                  <apply>
                    <power/>
                    <ci> cYn </ci>
                    <ci> b </ci>
                  </apply>
                </apply>
                <apply>
                  <plus/>
                  <apply>
                    <power/>
                    <ci> g2 </ci>
                    <ci> b </ci>
                  </apply>
                  <apply>
                    <power/>
                    <ci> cYn </ci>
                    <ci> b </ci>
                  </apply>
                </apply>
              </apply>
              <apply>
                <divide/>
                <apply>
                  <power/>
                  <ci> g3 </ci>
                  <ci> c </ci>
                </apply>
                <apply>
                  <plus/>
                  <apply>
                    <power/>
                    <ci> g3 </ci>
                    <ci> c </ci>
                  </apply>
                  <apply>
                    <power/>
                    <ci> cLn </ci>
                    <ci> c </ci>
                  </apply>
                </apply>
              </apply>
            </apply>
          </math>
                </kineticLaw>
      </reaction>
      <reaction id="R10" metaid="_136267" name="cTm degradation" reversible="false">
        <annotation>
          <rdf:RDF xmlns:rdf="http://www.w3.org/1999/02/22-rdf-syntax-ns#" xmlns:bqmodel="http://biomodels.net/model-qualifiers/" xmlns:bqbiol="http://biomodels.net/biology-qualifiers/">
            <rdf:Description rdf:about="#_136267">
	<bqbiol:is>
	<rdf:Bag>
	<rdf:li rdf:resource="http://identifiers.org/obo.go/GO:0006402"/>
	</rdf:Bag>
	</bqbiol:is>
	</rdf:Description>
	
          </rdf:RDF>
        </annotation>
              <listOfReactants>
          <speciesReference metaid="_695505" species="cTm"/>
        </listOfReactants>
        <kineticLaw metaid="_695517">
          <math xmlns="http://www.w3.org/1998/Math/MathML">          
            <apply>
              <divide/>
              <apply>
                <times/>
                <ci> nucleus </ci>
                <ci> m4 </ci>
                <ci> cTm </ci>
              </apply>
              <apply>
                <plus/>
                <ci> k4 </ci>
                <ci> cTm </ci>
              </apply>
            </apply>
          </math>
                </kineticLaw>
      </reaction>
      <reaction id="R11" metaid="_136287" name="cTc synthesis" reversible="false">
        <annotation>
          <rdf:RDF xmlns:rdf="http://www.w3.org/1999/02/22-rdf-syntax-ns#" xmlns:bqmodel="http://biomodels.net/model-qualifiers/" xmlns:bqbiol="http://biomodels.net/biology-qualifiers/">
            <rdf:Description rdf:about="#_136287">
	<bqbiol:is>
	<rdf:Bag>
	<rdf:li rdf:resource="http://identifiers.org/obo.go/GO:0006412"/>
	</rdf:Bag>
	</bqbiol:is>
	</rdf:Description>
	
          </rdf:RDF>
        </annotation>
              <listOfProducts>
          <speciesReference metaid="_695529" species="cTc"/>
        </listOfProducts>
        <listOfModifiers>
          <modifierSpeciesReference metaid="_695541" species="cTm"/>
        </listOfModifiers>
        <kineticLaw metaid="_695553">
          <math xmlns="http://www.w3.org/1998/Math/MathML">          
            <apply>
              <times/>
              <ci> cytoplasm </ci>
              <ci> p2 </ci>
              <ci> cTm </ci>
            </apply>
          </math>
                </kineticLaw>
      </reaction>
      <reaction id="R12" metaid="_136307" name="cTc transport to nucleus" reversible="false">
        <annotation>
          <rdf:RDF xmlns:rdf="http://www.w3.org/1999/02/22-rdf-syntax-ns#" xmlns:bqmodel="http://biomodels.net/model-qualifiers/" xmlns:bqbiol="http://biomodels.net/biology-qualifiers/">
            <rdf:Description rdf:about="#_136307">
	<bqbiol:is>
	<rdf:Bag>
	<rdf:li rdf:resource="http://identifiers.org/obo.go/GO:0000060"/>
	</rdf:Bag>
	</bqbiol:is>
	</rdf:Description>
	
          </rdf:RDF>
        </annotation>
              <listOfReactants>
          <speciesReference metaid="_695565" species="cTc"/>
        </listOfReactants>
        <listOfProducts>
          <speciesReference metaid="_695577" species="cTn"/>
        </listOfProducts>
        <kineticLaw metaid="_695589">
          <math xmlns="http://www.w3.org/1998/Math/MathML">          
            <apply>
              <times/>
              <ci> cytoplasm </ci>
              <ci> r3 </ci>
              <ci> cTc </ci>
            </apply>
          </math>
                </kineticLaw>
      </reaction>
      <reaction id="R13" metaid="_136327" name="cTn transport to cytoplasm" reversible="false">
        <annotation>
          <rdf:RDF xmlns:rdf="http://www.w3.org/1999/02/22-rdf-syntax-ns#" xmlns:bqmodel="http://biomodels.net/model-qualifiers/" xmlns:bqbiol="http://biomodels.net/biology-qualifiers/">
            <rdf:Description rdf:about="#_136327">
	<bqbiol:is>
	<rdf:Bag>
	<rdf:li rdf:resource="http://identifiers.org/obo.go/GO:0065002"/>
	</rdf:Bag>
	</bqbiol:is>
	</rdf:Description>
	
          </rdf:RDF>
        </annotation>
              <listOfReactants>
          <speciesReference metaid="_695601" species="cTn"/>
        </listOfReactants>
        <listOfProducts>
          <speciesReference metaid="_695614" species="cTc"/>
        </listOfProducts>
        <kineticLaw metaid="_695626">
          <math xmlns="http://www.w3.org/1998/Math/MathML">          
            <apply>
              <times/>
              <ci> nucleus </ci>
              <ci> r4 </ci>
              <ci> cTn </ci>
            </apply>
          </math>
                </kineticLaw>
      </reaction>
      <reaction id="R14" metaid="_136347" name="cTc degradation" reversible="false">
        <annotation>
          <rdf:RDF xmlns:rdf="http://www.w3.org/1999/02/22-rdf-syntax-ns#" xmlns:bqmodel="http://biomodels.net/model-qualifiers/" xmlns:bqbiol="http://biomodels.net/biology-qualifiers/">
            <rdf:Description rdf:about="#_136347">
	<bqbiol:is>
	<rdf:Bag>
	<rdf:li rdf:resource="http://identifiers.org/obo.go/GO:0044257"/>
	</rdf:Bag>
	</bqbiol:is>
	</rdf:Description>
	
          </rdf:RDF>
        </annotation>
              <listOfReactants>
          <speciesReference metaid="_695638" species="cTc"/>
        </listOfReactants>
        <kineticLaw metaid="_695650">
          <math xmlns="http://www.w3.org/1998/Math/MathML">          
            <apply>
              <times/>
              <ci> cytoplasm </ci>
              <apply>
                <plus/>
                <apply>
                  <times/>
                  <apply>
                    <minus/>
                    <ci> lmax </ci>
                    <ci> ld </ci>
                  </apply>
                  <ci> m5 </ci>
                </apply>
                <ci> m6 </ci>
              </apply>
              <apply>
                <divide/>
                <ci> cTc </ci>
                <apply>
                  <plus/>
                  <ci> k5 </ci>
                  <ci> cTc </ci>
                </apply>
              </apply>
            </apply>
          </math>
                </kineticLaw>
      </reaction>
      <reaction id="R15" metaid="_136348" name="cTn degradation" reversible="false">
        <annotation>
          <rdf:RDF xmlns:rdf="http://www.w3.org/1999/02/22-rdf-syntax-ns#" xmlns:bqmodel="http://biomodels.net/model-qualifiers/" xmlns:bqbiol="http://biomodels.net/biology-qualifiers/">
            <rdf:Description rdf:about="#_136348">
	<bqbiol:is>
	<rdf:Bag>
	<rdf:li rdf:resource="http://identifiers.org/obo.go/GO:0044257"/>
	</rdf:Bag>
	</bqbiol:is>
	</rdf:Description>
	
          </rdf:RDF>
        </annotation>
              <listOfReactants>
          <speciesReference metaid="_695662" species="cTn"/>
        </listOfReactants>
        <kineticLaw metaid="_695674">
          <math xmlns="http://www.w3.org/1998/Math/MathML">          
            <apply>
              <times/>
              <ci> nucleus </ci>
              <apply>
                <plus/>
                <apply>
                  <times/>
                  <apply>
                    <minus/>
                    <ci> lmax </ci>
                    <ci> ld </ci>
                  </apply>
                  <ci> m7 </ci>
                </apply>
                <ci> m8 </ci>
              </apply>
              <apply>
                <divide/>
                <ci> cTn </ci>
                <apply>
                  <plus/>
                  <ci> k6 </ci>
                  <ci> cTn </ci>
                </apply>
              </apply>
            </apply>
          </math>
                </kineticLaw>
      </reaction>
      <reaction id="R16" metaid="_136367" name="Species X transcription" reversible="false">
        <annotation>
          <rdf:RDF xmlns:rdf="http://www.w3.org/1999/02/22-rdf-syntax-ns#" xmlns:bqmodel="http://biomodels.net/model-qualifiers/" xmlns:bqbiol="http://biomodels.net/biology-qualifiers/">
            <rdf:Description rdf:about="#_136367">
	<bqbiol:is>
	<rdf:Bag>
	<rdf:li rdf:resource="http://identifiers.org/obo.go/GO:0006351"/>
	</rdf:Bag>
	</bqbiol:is>
	</rdf:Description>
	
          </rdf:RDF>
        </annotation>
              <listOfProducts>
          <speciesReference metaid="_695687" species="cXm"/>
        </listOfProducts>
        <listOfModifiers>
          <modifierSpeciesReference metaid="_695699" species="cTn"/>
        </listOfModifiers>
        <kineticLaw metaid="_695712">
          <math xmlns="http://www.w3.org/1998/Math/MathML">          
            <apply>
              <divide/>
              <apply>
                <times/>
                <ci> nucleus </ci>
                <ci> n3 </ci>
                <apply>
                  <power/>
                  <ci> cTn </ci>
                  <ci> d </ci>
                </apply>
              </apply>
              <apply>
                <plus/>
                <apply>
                  <power/>
                  <ci> g4 </ci>
                  <ci> d </ci>
                </apply>
                <apply>
                  <power/>
                  <ci> cTn </ci>
                  <ci> d </ci>
                </apply>
              </apply>
            </apply>
          </math>
                </kineticLaw>
      </reaction>
      <reaction id="R17" metaid="_136387" name="Species X degradation" reversible="false">
        <annotation>
          <rdf:RDF xmlns:rdf="http://www.w3.org/1999/02/22-rdf-syntax-ns#" xmlns:bqmodel="http://biomodels.net/model-qualifiers/" xmlns:bqbiol="http://biomodels.net/biology-qualifiers/">
            <rdf:Description rdf:about="#_136387">
	<bqbiol:is>
	<rdf:Bag>
	<rdf:li rdf:resource="http://identifiers.org/obo.go/GO:0006402"/>
	</rdf:Bag>
	</bqbiol:is>
	</rdf:Description>
	
          </rdf:RDF>
        </annotation>
              <listOfReactants>
          <speciesReference metaid="_695724" species="cXm"/>
        </listOfReactants>
        <kineticLaw metaid="_695736">
          <math xmlns="http://www.w3.org/1998/Math/MathML">          
            <apply>
              <divide/>
              <apply>
                <times/>
                <ci> nucleus </ci>
                <ci> m9 </ci>
                <ci> cXm </ci>
              </apply>
              <apply>
                <plus/>
                <ci> k7 </ci>
                <ci> cXm </ci>
              </apply>
            </apply>
          </math>
                </kineticLaw>
      </reaction>
      <reaction id="R18" metaid="_136407" name="cXc synthesis" reversible="false">
        <annotation>
          <rdf:RDF xmlns:rdf="http://www.w3.org/1999/02/22-rdf-syntax-ns#" xmlns:bqmodel="http://biomodels.net/model-qualifiers/" xmlns:bqbiol="http://biomodels.net/biology-qualifiers/">
            <rdf:Description rdf:about="#_136407">
	<bqbiol:is>
	<rdf:Bag>
	<rdf:li rdf:resource="http://identifiers.org/obo.go/GO:0006412"/>
	</rdf:Bag>
	</bqbiol:is>
	</rdf:Description>
	
          </rdf:RDF>
        </annotation>
              <listOfProducts>
          <speciesReference metaid="_695748" species="cXc"/>
        </listOfProducts>
        <listOfModifiers>
          <modifierSpeciesReference metaid="_695760" species="cXm"/>
        </listOfModifiers>
        <kineticLaw metaid="_695773">
          <math xmlns="http://www.w3.org/1998/Math/MathML">          
            <apply>
              <times/>
              <ci> cytoplasm </ci>
              <ci> p3 </ci>
              <ci> cXm </ci>
            </apply>
          </math>
                </kineticLaw>
      </reaction>
      <reaction id="R19" metaid="_136427" name="cXc transport to nucleus" reversible="false">
        <annotation>
          <rdf:RDF xmlns:rdf="http://www.w3.org/1999/02/22-rdf-syntax-ns#" xmlns:bqmodel="http://biomodels.net/model-qualifiers/" xmlns:bqbiol="http://biomodels.net/biology-qualifiers/">
            <rdf:Description rdf:about="#_136427">
	<bqbiol:is>
	<rdf:Bag>
	<rdf:li rdf:resource="http://identifiers.org/obo.go/GO:0000060"/>
	</rdf:Bag>
	</bqbiol:is>
	</rdf:Description>
	
          </rdf:RDF>
        </annotation>
              <listOfReactants>
          <speciesReference metaid="_695785" species="cXc"/>
        </listOfReactants>
        <listOfProducts>
          <speciesReference metaid="_695797" species="cXn"/>
        </listOfProducts>
        <kineticLaw metaid="_695809">
          <math xmlns="http://www.w3.org/1998/Math/MathML">          
            <apply>
              <times/>
              <ci> cytoplasm </ci>
              <ci> r5 </ci>
              <ci> cXc </ci>
            </apply>
          </math>
                </kineticLaw>
      </reaction>
      <reaction id="R20" metaid="_136447" name="cXn transport to cytoplasm" reversible="false">
        <annotation>
          <rdf:RDF xmlns:rdf="http://www.w3.org/1999/02/22-rdf-syntax-ns#" xmlns:bqmodel="http://biomodels.net/model-qualifiers/" xmlns:bqbiol="http://biomodels.net/biology-qualifiers/">
            <rdf:Description rdf:about="#_136447">
	<bqbiol:is>
	<rdf:Bag>
	<rdf:li rdf:resource="http://identifiers.org/obo.go/GO:0065002"/>
	</rdf:Bag>
	</bqbiol:is>
	</rdf:Description>
	
          </rdf:RDF>
        </annotation>
              <listOfReactants>
          <speciesReference metaid="_695821" species="cXn"/>
        </listOfReactants>
        <listOfProducts>
          <speciesReference metaid="_695833" species="cXc"/>
        </listOfProducts>
        <kineticLaw metaid="_695845">
          <math xmlns="http://www.w3.org/1998/Math/MathML">          
            <apply>
              <times/>
              <ci> nucleus </ci>
              <ci> r6 </ci>
              <ci> cXn </ci>
            </apply>
          </math>
                </kineticLaw>
      </reaction>
      <reaction id="R21" metaid="_136467" name="cXc degradation" reversible="false">
        <annotation>
          <rdf:RDF xmlns:rdf="http://www.w3.org/1999/02/22-rdf-syntax-ns#" xmlns:bqmodel="http://biomodels.net/model-qualifiers/" xmlns:bqbiol="http://biomodels.net/biology-qualifiers/">
            <rdf:Description rdf:about="#_136467">
	<bqbiol:is>
	<rdf:Bag>
	<rdf:li rdf:resource="http://identifiers.org/obo.go/GO:0044257"/>
	</rdf:Bag>
	</bqbiol:is>
	</rdf:Description>
	
          </rdf:RDF>
        </annotation>
              <listOfReactants>
          <speciesReference metaid="_695857" species="cXc"/>
        </listOfReactants>
        <kineticLaw metaid="_695869">
          <math xmlns="http://www.w3.org/1998/Math/MathML">          
            <apply>
              <divide/>
              <apply>
                <times/>
                <ci> cytoplasm </ci>
                <ci> m10 </ci>
                <ci> cXc </ci>
              </apply>
              <apply>
                <plus/>
                <ci> k8 </ci>
                <ci> cXc </ci>
              </apply>
            </apply>
          </math>
                </kineticLaw>
      </reaction>
      <reaction id="R22" metaid="_136487" name="cXn degradation" reversible="false">
        <annotation>
          <rdf:RDF xmlns:rdf="http://www.w3.org/1999/02/22-rdf-syntax-ns#" xmlns:bqmodel="http://biomodels.net/model-qualifiers/" xmlns:bqbiol="http://biomodels.net/biology-qualifiers/">
            <rdf:Description rdf:about="#_136487">
	<bqbiol:is>
	<rdf:Bag>
	<rdf:li rdf:resource="http://identifiers.org/obo.go/GO:0044257"/>
	</rdf:Bag>
	</bqbiol:is>
	</rdf:Description>
	
          </rdf:RDF>
        </annotation>
              <listOfReactants>
          <speciesReference metaid="_695881" species="cXn"/>
        </listOfReactants>
        <kineticLaw metaid="_695893">
          <math xmlns="http://www.w3.org/1998/Math/MathML">          
            <apply>
              <divide/>
              <apply>
                <times/>
                <ci> nucleus </ci>
                <ci> m11 </ci>
                <ci> cXn </ci>
              </apply>
              <apply>
                <plus/>
                <ci> k9 </ci>
                <ci> cXn </ci>
              </apply>
            </apply>
          </math>
                </kineticLaw>
      </reaction>
      <reaction id="R23" metaid="_136507" name="Species Y transcription" reversible="false">
        <annotation>
          <rdf:RDF xmlns:rdf="http://www.w3.org/1999/02/22-rdf-syntax-ns#" xmlns:bqmodel="http://biomodels.net/model-qualifiers/" xmlns:bqbiol="http://biomodels.net/biology-qualifiers/">
            <rdf:Description rdf:about="#_136507">
              <bqbiol:is>
	<rdf:Bag>
	<rdf:li rdf:resource="http://identifiers.org/obo.go/GO:0006351"/>
	</rdf:Bag>
	</bqbiol:is>
	
	<bqbiol:hasPart>
	<rdf:Bag>
	<rdf:li rdf:resource="http://identifiers.org/obo.go/GO:0009642"/>
	</rdf:Bag>
	</bqbiol:hasPart>
	</rdf:Description>
	
          </rdf:RDF>
        </annotation>
              <listOfProducts>
          <speciesReference metaid="_695905" species="cYm"/>
        </listOfProducts>
        <listOfModifiers>
          <modifierSpeciesReference metaid="_695917" species="cTn"/>
          <modifierSpeciesReference metaid="_695930" species="cLn"/>
          <modifierSpeciesReference metaid="_695942" species="cPn"/>
        </listOfModifiers>
        <kineticLaw metaid="_695954">
          <math xmlns="http://www.w3.org/1998/Math/MathML">          
            <apply>
              <times/>
              <ci> nucleus </ci>
              <apply>
                <divide/>
                <apply>
                  <times/>
                  <apply>
                    <plus/>
                    <apply>
                      <times/>
                      <ci> ld </ci>
                      <ci> n4 </ci>
                    </apply>
                    <ci> n5 </ci>
                  </apply>
                  <apply>
                    <power/>
                    <ci> g5 </ci>
                    <ci> e </ci>
                  </apply>
                </apply>
                <apply>
                  <plus/>
                  <apply>
                    <power/>
                    <ci> g5 </ci>
                    <ci> e </ci>
                  </apply>
                  <apply>
                    <power/>
                    <ci> cTn </ci>
                    <ci> e </ci>
                  </apply>
                </apply>
              </apply>
              <apply>
                <divide/>
                <apply>
                  <power/>
                  <ci> g6 </ci>
                  <ci> f </ci>
                </apply>
                <apply>
                  <plus/>
                  <apply>
                    <power/>
                    <ci> g6 </ci>
                    <ci> f </ci>
                  </apply>
                  <apply>
                    <power/>
                    <ci> cLn </ci>
                    <ci> f </ci>
                  </apply>
                </apply>
              </apply>
            </apply>
          </math>
                </kineticLaw>
      </reaction>
      <reaction id="R24" metaid="_136527" name="cYm degradation" reversible="false">
        <annotation>
          <rdf:RDF xmlns:rdf="http://www.w3.org/1999/02/22-rdf-syntax-ns#" xmlns:bqmodel="http://biomodels.net/model-qualifiers/" xmlns:bqbiol="http://biomodels.net/biology-qualifiers/">
            <rdf:Description rdf:about="#_136527">
	<bqbiol:is>
	<rdf:Bag>
	<rdf:li rdf:resource="http://identifiers.org/obo.go/GO:0006402"/>
	</rdf:Bag>
	</bqbiol:is>
	</rdf:Description>
	
          </rdf:RDF>
        </annotation>
              <listOfReactants>
          <speciesReference metaid="_695966" species="cYm"/>
        </listOfReactants>
        <kineticLaw metaid="_695978">
          <math xmlns="http://www.w3.org/1998/Math/MathML">          
            <apply>
              <divide/>
              <apply>
                <times/>
                <ci> nucleus </ci>
                <ci> m12 </ci>
                <ci> cYm </ci>
              </apply>
              <apply>
                <plus/>
                <ci> k10 </ci>
                <ci> cYm </ci>
              </apply>
            </apply>
          </math>
                </kineticLaw>
      </reaction>
      <reaction id="R25" metaid="_136547" name="cYc synthesis" reversible="false">
        <annotation>
          <rdf:RDF xmlns:rdf="http://www.w3.org/1999/02/22-rdf-syntax-ns#" xmlns:bqmodel="http://biomodels.net/model-qualifiers/" xmlns:bqbiol="http://biomodels.net/biology-qualifiers/">
            <rdf:Description rdf:about="#_136547">
	<bqbiol:is>
	<rdf:Bag>
	<rdf:li rdf:resource="http://identifiers.org/obo.go/GO:0006412"/>
	</rdf:Bag>
	</bqbiol:is>
	</rdf:Description>
	
          </rdf:RDF>
        </annotation>
              <listOfProducts>
          <speciesReference metaid="_695990" species="cYc"/>
        </listOfProducts>
        <listOfModifiers>
          <modifierSpeciesReference metaid="_696002" species="cYm"/>
        </listOfModifiers>
        <kineticLaw metaid="_696014">
          <math xmlns="http://www.w3.org/1998/Math/MathML">          
            <apply>
              <times/>
              <ci> cytoplasm </ci>
              <ci> p4 </ci>
              <ci> cYm </ci>
            </apply>
          </math>
                </kineticLaw>
      </reaction>
      <reaction id="R26" metaid="_136567" name="cYc transport to nucleus" reversible="false">
        <annotation>
          <rdf:RDF xmlns:rdf="http://www.w3.org/1999/02/22-rdf-syntax-ns#" xmlns:bqmodel="http://biomodels.net/model-qualifiers/" xmlns:bqbiol="http://biomodels.net/biology-qualifiers/">
            <rdf:Description rdf:about="#_136567">
	<bqbiol:is>
	<rdf:Bag>
	<rdf:li rdf:resource="http://identifiers.org/obo.go/GO:0000060"/>
	</rdf:Bag>
	</bqbiol:is>
	</rdf:Description>
	
          </rdf:RDF>
        </annotation>
              <listOfReactants>
          <speciesReference metaid="_696026" species="cYc"/>
        </listOfReactants>
        <listOfProducts>
          <speciesReference metaid="_696038" species="cYn"/>
        </listOfProducts>
        <kineticLaw metaid="_696050">
          <math xmlns="http://www.w3.org/1998/Math/MathML">          
            <apply>
              <times/>
              <ci> cytoplasm </ci>
              <ci> r7 </ci>
              <ci> cYc </ci>
            </apply>
          </math>
                </kineticLaw>
      </reaction>
      <reaction id="R27" metaid="_136587" name="cYn transport to cytoplasm" reversible="false">
        <annotation>
          <rdf:RDF xmlns:rdf="http://www.w3.org/1999/02/22-rdf-syntax-ns#" xmlns:bqmodel="http://biomodels.net/model-qualifiers/" xmlns:bqbiol="http://biomodels.net/biology-qualifiers/">
            <rdf:Description rdf:about="#_136587">
	<bqbiol:is>
	<rdf:Bag>
	<rdf:li rdf:resource="http://identifiers.org/obo.go/GO:0065002"/>
	</rdf:Bag>
	</bqbiol:is>
	</rdf:Description>
	
          </rdf:RDF>
        </annotation>
              <listOfReactants>
          <speciesReference metaid="_696062" species="cYn"/>
        </listOfReactants>
        <listOfProducts>
          <speciesReference metaid="_696074" species="cYc"/>
        </listOfProducts>
        <kineticLaw metaid="_696086">
          <math xmlns="http://www.w3.org/1998/Math/MathML">          
            <apply>
              <times/>
              <ci> nucleus </ci>
              <ci> r8 </ci>
              <ci> cYn </ci>
            </apply>
          </math>
                </kineticLaw>
      </reaction>
      <reaction id="R28" metaid="_136607" name="cYc degradation" reversible="false">
        <annotation>
          <rdf:RDF xmlns:rdf="http://www.w3.org/1999/02/22-rdf-syntax-ns#" xmlns:bqmodel="http://biomodels.net/model-qualifiers/" xmlns:bqbiol="http://biomodels.net/biology-qualifiers/">
            <rdf:Description rdf:about="#_136607">
	<bqbiol:is>
	<rdf:Bag>
	<rdf:li rdf:resource="http://identifiers.org/obo.go/GO:0044257"/>
	</rdf:Bag>
	</bqbiol:is>
	</rdf:Description>
	
          </rdf:RDF>
        </annotation>
              <listOfReactants>
          <speciesReference metaid="_696098" species="cYc"/>
        </listOfReactants>
        <kineticLaw metaid="_696110">
          <math xmlns="http://www.w3.org/1998/Math/MathML">          
            <apply>
              <divide/>
              <apply>
                <times/>
                <ci> cytoplasm </ci>
                <ci> m13 </ci>
                <ci> cYc </ci>
              </apply>
              <apply>
                <plus/>
                <ci> k11 </ci>
                <ci> cYc </ci>
              </apply>
            </apply>
          </math>
                </kineticLaw>
      </reaction>
      <reaction id="R29" metaid="_136627" name="cYn degradation" reversible="false">
        <annotation>
          <rdf:RDF xmlns:rdf="http://www.w3.org/1999/02/22-rdf-syntax-ns#" xmlns:bqmodel="http://biomodels.net/model-qualifiers/" xmlns:bqbiol="http://biomodels.net/biology-qualifiers/">
            <rdf:Description rdf:about="#_136627">
	<bqbiol:is>
	<rdf:Bag>
	<rdf:li rdf:resource="http://identifiers.org/obo.go/GO:0044257"/>
	</rdf:Bag>
	</bqbiol:is>
	</rdf:Description>
	
          </rdf:RDF>
        </annotation>
              <listOfReactants>
          <speciesReference metaid="_696122" species="cYn"/>
        </listOfReactants>
        <kineticLaw metaid="_696134">
          <math xmlns="http://www.w3.org/1998/Math/MathML">          
            <apply>
              <divide/>
              <apply>
                <times/>
                <ci> nucleus </ci>
                <ci> m14 </ci>
                <ci> cYn </ci>
              </apply>
              <apply>
                <plus/>
                <ci> k12 </ci>
                <ci> cYn </ci>
              </apply>
            </apply>
          </math>
                </kineticLaw>
      </reaction>
      <reaction id="R30" metaid="_136647" name="cPn synthesis" reversible="false">
        <annotation>
          <rdf:RDF xmlns:rdf="http://www.w3.org/1999/02/22-rdf-syntax-ns#" xmlns:bqmodel="http://biomodels.net/model-qualifiers/" xmlns:bqbiol="http://biomodels.net/biology-qualifiers/">
            <rdf:Description rdf:about="#_136647">
	<bqbiol:is>
	<rdf:Bag>
	<rdf:li rdf:resource="http://identifiers.org/obo.go/GO:0009642"/>
	<rdf:li rdf:resource="http://identifiers.org/obo.go/GO:0006412"/>
	</rdf:Bag>
	</bqbiol:is>
	</rdf:Description>
	
          </rdf:RDF>
        </annotation>
              <listOfProducts>
          <speciesReference metaid="_696146" species="cPn"/>
        </listOfProducts>
        <kineticLaw metaid="_696158">
          <math xmlns="http://www.w3.org/1998/Math/MathML">          
            <apply>
              <times/>
              <ci> nucleus </ci>
              <apply>
                <minus/>
                <ci> lmax </ci>
                <ci> ld </ci>
              </apply>
              <ci> p5 </ci>
            </apply>
          </math>
                </kineticLaw>
      </reaction>
      <reaction id="R31a" metaid="_136667" name="cPn degradation" reversible="false">
        <annotation>
          <rdf:RDF xmlns:rdf="http://www.w3.org/1999/02/22-rdf-syntax-ns#" xmlns:bqmodel="http://biomodels.net/model-qualifiers/" xmlns:bqbiol="http://biomodels.net/biology-qualifiers/">
            <rdf:Description rdf:about="#_136667">
	<bqbiol:is>
	<rdf:Bag>
	<rdf:li rdf:resource="http://identifiers.org/obo.go/GO:0044257"/>
	</rdf:Bag>
	</bqbiol:is>
	</rdf:Description>
	
          </rdf:RDF>
        </annotation>
              <listOfReactants>
          <speciesReference metaid="_696170" species="cPn"/>
        </listOfReactants>
        <kineticLaw metaid="_696182">
          <math xmlns="http://www.w3.org/1998/Math/MathML">          
            <apply>
              <divide/>
              <apply>
                <times/>
                <ci> nucleus </ci>
                <ci> m15 </ci>
                <ci> cPn </ci>
              </apply>
              <apply>
                <plus/>
                <ci> k13 </ci>
                <ci> cPn </ci>
              </apply>
            </apply>
          </math>
                </kineticLaw>
      </reaction>
      <reaction id="R31b" metaid="_136687" name="cPn light dependent degradation" reversible="false">
        <annotation>
          <rdf:RDF xmlns:rdf="http://www.w3.org/1999/02/22-rdf-syntax-ns#" xmlns:bqmodel="http://biomodels.net/model-qualifiers/" xmlns:bqbiol="http://biomodels.net/biology-qualifiers/">
            <rdf:Description rdf:about="#_136687">
	<bqbiol:is>
	<rdf:Bag>
	<rdf:li rdf:resource="http://identifiers.org/obo.go/GO:0045732"/>
	<rdf:li rdf:resource="http://identifiers.org/obo.go/GO:0009642"/>
	</rdf:Bag>
	</bqbiol:is>
	</rdf:Description>
	
          </rdf:RDF>
        </annotation>
              <listOfReactants>
          <speciesReference metaid="_696194" species="cPn"/>
        </listOfReactants>
        <kineticLaw metaid="_696206">
          <math xmlns="http://www.w3.org/1998/Math/MathML">          
            <apply>
              <times/>
              <ci> nucleus </ci>
              <ci> q3 </ci>
              <ci> ld </ci>
              <ci> cPn </ci>
            </apply>
          </math>
                </kineticLaw>
      </reaction>
      <reaction id="R32" metaid="_136707" name="cP7m transcription" reversible="false">
        <annotation>
          <rdf:RDF xmlns:rdf="http://www.w3.org/1999/02/22-rdf-syntax-ns#" xmlns:bqmodel="http://biomodels.net/model-qualifiers/" xmlns:bqbiol="http://biomodels.net/biology-qualifiers/">
            <rdf:Description rdf:about="#_136707">
	<bqbiol:is>
	<rdf:Bag>
	<rdf:li rdf:resource="http://identifiers.org/obo.go/GO:0006351"/>
	</rdf:Bag>
	</bqbiol:is>
	</rdf:Description>
	
          </rdf:RDF>
        </annotation>
              <listOfProducts>
          <speciesReference metaid="_696218" species="cP7m"/>
        </listOfProducts>
        <listOfModifiers>
          <modifierSpeciesReference metaid="_696230" species="cLn"/>
        </listOfModifiers>
        <kineticLaw metaid="_696242">
          <math xmlns="http://www.w3.org/1998/Math/MathML">          
            <apply>
              <divide/>
              <apply>
                <times/>
                <ci> nucleus </ci>
                <ci> n6 </ci>
                <apply>
                  <power/>
                  <ci> cLn </ci>
                  <ci> j </ci>
                </apply>
              </apply>
              <apply>
                <plus/>
                <apply>
                  <power/>
                  <ci> g9 </ci>
                  <ci> j </ci>
                </apply>
                <apply>
                  <power/>
                  <ci> cLn </ci>
                  <ci> j </ci>
                </apply>
              </apply>
            </apply>
          </math>
                </kineticLaw>
      </reaction>
      <reaction id="R33" metaid="_136727" name="cP7m degradation" reversible="false">
        <annotation>
          <rdf:RDF xmlns:rdf="http://www.w3.org/1999/02/22-rdf-syntax-ns#" xmlns:bqmodel="http://biomodels.net/model-qualifiers/" xmlns:bqbiol="http://biomodels.net/biology-qualifiers/">
            <rdf:Description rdf:about="#_136727">
	<bqbiol:is>
	<rdf:Bag>
	<rdf:li rdf:resource="http://identifiers.org/obo.go/GO:0006402"/>
	</rdf:Bag>
	</bqbiol:is>
	</rdf:Description>
	
          </rdf:RDF>
        </annotation>
              <listOfReactants>
          <speciesReference metaid="_696254" species="cP7m"/>
        </listOfReactants>
        <kineticLaw metaid="_696266">
          <math xmlns="http://www.w3.org/1998/Math/MathML">          
            <apply>
              <divide/>
              <apply>
                <times/>
                <ci> nucleus </ci>
                <ci> m16 </ci>
                <ci> cP7m </ci>
              </apply>
              <apply>
                <plus/>
                <ci> k14 </ci>
                <ci> cP7m </ci>
              </apply>
            </apply>
          </math>
                </kineticLaw>
      </reaction>
      <reaction id="R34" metaid="_136747" name="cP7c synthesis" reversible="false">
        <annotation>
          <rdf:RDF xmlns:rdf="http://www.w3.org/1999/02/22-rdf-syntax-ns#" xmlns:bqmodel="http://biomodels.net/model-qualifiers/" xmlns:bqbiol="http://biomodels.net/biology-qualifiers/">
            <rdf:Description rdf:about="#_136747">
	<bqbiol:is>
	<rdf:Bag>
	<rdf:li rdf:resource="http://identifiers.org/obo.go/GO:0006412"/>
	</rdf:Bag>
	</bqbiol:is>
	</rdf:Description>
	
          </rdf:RDF>
        </annotation>
              <listOfProducts>
          <speciesReference metaid="_696278" species="cP7c"/>
        </listOfProducts>
        <listOfModifiers>
          <modifierSpeciesReference metaid="_696290" species="cP7m"/>
        </listOfModifiers>
        <kineticLaw metaid="_696302">
          <math xmlns="http://www.w3.org/1998/Math/MathML">          
            <apply>
              <times/>
              <ci> cytoplasm </ci>
              <ci> p6 </ci>
              <ci> cP7m </ci>
            </apply>
          </math>
                </kineticLaw>
      </reaction>
      <reaction id="R35" metaid="_136767" name="cP7c transport to nucleus" reversible="false">
        <annotation>
          <rdf:RDF xmlns:rdf="http://www.w3.org/1999/02/22-rdf-syntax-ns#" xmlns:bqmodel="http://biomodels.net/model-qualifiers/" xmlns:bqbiol="http://biomodels.net/biology-qualifiers/">
            <rdf:Description rdf:about="#_136767">
	<bqbiol:is>
	<rdf:Bag>
	<rdf:li rdf:resource="http://identifiers.org/obo.go/GO:0000060"/>
	</rdf:Bag>
	</bqbiol:is>
	</rdf:Description>
	
          </rdf:RDF>
        </annotation>
              <listOfReactants>
          <speciesReference metaid="_696314" species="cP7c"/>
        </listOfReactants>
        <listOfProducts>
          <speciesReference metaid="_696326" species="cP7n"/>
        </listOfProducts>
        <kineticLaw metaid="_696338">
          <math xmlns="http://www.w3.org/1998/Math/MathML">          
            <apply>
              <times/>
              <ci> cytoplasm </ci>
              <ci> r9 </ci>
              <ci> cP7c </ci>
            </apply>
          </math>
                </kineticLaw>
      </reaction>
      <reaction id="R36" metaid="_136787" name="cP7n transport to cytoplasm" reversible="false">
        <annotation>
          <rdf:RDF xmlns:rdf="http://www.w3.org/1999/02/22-rdf-syntax-ns#" xmlns:bqmodel="http://biomodels.net/model-qualifiers/" xmlns:bqbiol="http://biomodels.net/biology-qualifiers/">
            <rdf:Description rdf:about="#_136787">
	<bqbiol:is>
	<rdf:Bag>
	<rdf:li rdf:resource="http://identifiers.org/obo.go/GO:0065002"/>
	</rdf:Bag>
	</bqbiol:is>
	</rdf:Description>
	
          </rdf:RDF>
        </annotation>
              <listOfReactants>
          <speciesReference metaid="_696350" species="cP7n"/>
        </listOfReactants>
        <listOfProducts>
          <speciesReference metaid="_696362" species="cP7c"/>
        </listOfProducts>
        <kineticLaw metaid="_696374">
          <math xmlns="http://www.w3.org/1998/Math/MathML">          
            <apply>
              <times/>
              <ci> nucleus </ci>
              <ci> r10 </ci>
              <ci> cP7n </ci>
            </apply>
          </math>
                </kineticLaw>
      </reaction>
      <reaction id="R37" metaid="_136807" name="cP7c degradation" reversible="false">
        <annotation>
          <rdf:RDF xmlns:rdf="http://www.w3.org/1999/02/22-rdf-syntax-ns#" xmlns:bqmodel="http://biomodels.net/model-qualifiers/" xmlns:bqbiol="http://biomodels.net/biology-qualifiers/">
            <rdf:Description rdf:about="#_136807">
	<bqbiol:is>
	<rdf:Bag>
	<rdf:li rdf:resource="http://identifiers.org/obo.go/GO:0044257"/>
	</rdf:Bag>
	</bqbiol:is>
	</rdf:Description>
	
          </rdf:RDF>
        </annotation>
              <listOfReactants>
          <speciesReference metaid="_696386" species="cP7c"/>
        </listOfReactants>
        <kineticLaw metaid="_696398">
          <math xmlns="http://www.w3.org/1998/Math/MathML">          
            <apply>
              <divide/>
              <apply>
                <times/>
                <ci> cytoplasm </ci>
                <ci> m17 </ci>
                <ci> cP7c </ci>
              </apply>
              <apply>
                <plus/>
                <ci> k15 </ci>
                <ci> cP7c </ci>
              </apply>
            </apply>
          </math>
                </kineticLaw>
      </reaction>
      <reaction id="R38" metaid="_136827" name="cP7n degradation" reversible="false">
        <annotation>
          <rdf:RDF xmlns:rdf="http://www.w3.org/1999/02/22-rdf-syntax-ns#" xmlns:bqmodel="http://biomodels.net/model-qualifiers/" xmlns:bqbiol="http://biomodels.net/biology-qualifiers/">
            <rdf:Description rdf:about="#_136827">
	<bqbiol:is>
	<rdf:Bag>
	<rdf:li rdf:resource="http://identifiers.org/obo.go/GO:0044257"/>
	</rdf:Bag>
	</bqbiol:is>
	</rdf:Description>
	
          </rdf:RDF>
        </annotation>
              <listOfReactants>
          <speciesReference metaid="_696410" species="cP7n"/>
        </listOfReactants>
        <kineticLaw metaid="_696422">
          <math xmlns="http://www.w3.org/1998/Math/MathML">          
            <apply>
              <divide/>
              <apply>
                <times/>
                <ci> nucleus </ci>
                <ci> m18 </ci>
                <ci> cP7n </ci>
              </apply>
              <apply>
                <plus/>
                <ci> k16 </ci>
                <ci> cP7n </ci>
              </apply>
            </apply>
          </math>
                </kineticLaw>
      </reaction>
      <reaction id="R39" metaid="_136847" name="cP9m transcription" reversible="false">
        <annotation>
          <rdf:RDF xmlns:rdf="http://www.w3.org/1999/02/22-rdf-syntax-ns#" xmlns:bqmodel="http://biomodels.net/model-qualifiers/" xmlns:bqbiol="http://biomodels.net/biology-qualifiers/">
            <rdf:Description rdf:about="#_136847">
	<bqbiol:is>
	<rdf:Bag>
	<rdf:li rdf:resource="http://identifiers.org/obo.go/GO:0006351"/>
	</rdf:Bag>
	</bqbiol:is>
	</rdf:Description>
	
          </rdf:RDF>
        </annotation>
              <listOfProducts>
          <speciesReference metaid="_696434" species="cP9m"/>
        </listOfProducts>
        <listOfModifiers>
          <modifierSpeciesReference metaid="_696446" species="cPn"/>
          <modifierSpeciesReference metaid="_696458" species="cLn"/>
        </listOfModifiers>
        <kineticLaw metaid="_696470">
          <math xmlns="http://www.w3.org/1998/Math/MathML">          
            <apply>
              <times/>
              <ci> nucleus </ci>
              <apply>
                <divide/>
                <apply>
                  <times/>
                  <apply>
                    <plus/>
                    <apply>
                      <times/>
                      <ci> ld </ci>
                      <ci> q4 </ci>
                      <ci> cPn </ci>
                    </apply>
                    <apply>
                      <times/>
                      <ci> n7 </ci>
                      <ci> ld </ci>
                    </apply>
                    <ci> n8 </ci>
                  </apply>
                  <apply>
                    <power/>
                    <ci> cLn </ci>
                    <ci> k </ci>
                  </apply>
                </apply>
                <apply>
                  <plus/>
                  <apply>
                    <power/>
                    <ci> g10 </ci>
                    <ci> k </ci>
                  </apply>
                  <apply>
                    <power/>
                    <ci> cLn </ci>
                    <ci> k </ci>
                  </apply>
                </apply>
              </apply>
            </apply>
          </math>
                </kineticLaw>
      </reaction>
      <reaction id="R40" metaid="_136867" name="cP9m degradation" reversible="false">
        <annotation>
          <rdf:RDF xmlns:rdf="http://www.w3.org/1999/02/22-rdf-syntax-ns#" xmlns:bqmodel="http://biomodels.net/model-qualifiers/" xmlns:bqbiol="http://biomodels.net/biology-qualifiers/">
            <rdf:Description rdf:about="#_136867">
	<bqbiol:is>
	<rdf:Bag>
	<rdf:li rdf:resource="http://identifiers.org/obo.go/GO:0006402"/>
	</rdf:Bag>
	</bqbiol:is>
	</rdf:Description>
	
          </rdf:RDF>
        </annotation>
              <listOfReactants>
          <speciesReference metaid="_696482" species="cP9m"/>
        </listOfReactants>
        <kineticLaw metaid="_696494">
          <math xmlns="http://www.w3.org/1998/Math/MathML">          
            <apply>
              <divide/>
              <apply>
                <times/>
                <ci> nucleus </ci>
                <ci> m19 </ci>
                <ci> cP9m </ci>
              </apply>
              <apply>
                <plus/>
                <ci> k17 </ci>
                <ci> cP9m </ci>
              </apply>
            </apply>
          </math>
                </kineticLaw>
      </reaction>
      <reaction id="R41" metaid="_136887" name="cP9c synthesis" reversible="false">
        <annotation>
          <rdf:RDF xmlns:rdf="http://www.w3.org/1999/02/22-rdf-syntax-ns#" xmlns:bqmodel="http://biomodels.net/model-qualifiers/" xmlns:bqbiol="http://biomodels.net/biology-qualifiers/">
            <rdf:Description rdf:about="#_136887">
	<bqbiol:is>
	<rdf:Bag>
	<rdf:li rdf:resource="http://identifiers.org/obo.go/GO:0006412"/>
	</rdf:Bag>
	</bqbiol:is>
	</rdf:Description>
	
          </rdf:RDF>
        </annotation>
              <listOfProducts>
          <speciesReference metaid="_696506" species="cP9c"/>
        </listOfProducts>
        <listOfModifiers>
          <modifierSpeciesReference metaid="_696518" species="cP9m"/>
        </listOfModifiers>
        <kineticLaw metaid="_696530">
          <math xmlns="http://www.w3.org/1998/Math/MathML">          
            <apply>
              <times/>
              <ci> cytoplasm </ci>
              <ci> p7 </ci>
              <ci> cP9m </ci>
            </apply>
          </math>
                </kineticLaw>
      </reaction>
      <reaction id="R42" metaid="_136907" name="cP9c transport to nucleus" reversible="false">
        <annotation>
          <rdf:RDF xmlns:rdf="http://www.w3.org/1999/02/22-rdf-syntax-ns#" xmlns:bqmodel="http://biomodels.net/model-qualifiers/" xmlns:bqbiol="http://biomodels.net/biology-qualifiers/">
            <rdf:Description rdf:about="#_136907">
	<bqbiol:is>
	<rdf:Bag>
	<rdf:li rdf:resource="http://identifiers.org/obo.go/GO:0000060"/>
	</rdf:Bag>
	</bqbiol:is>
	</rdf:Description>
	
          </rdf:RDF>
        </annotation>
              <listOfReactants>
          <speciesReference metaid="_696542" species="cP9c"/>
        </listOfReactants>
        <listOfProducts>
          <speciesReference metaid="_696554" species="cP9n"/>
        </listOfProducts>
        <kineticLaw metaid="_696566">
          <math xmlns="http://www.w3.org/1998/Math/MathML">          
            <apply>
              <times/>
              <ci> cytoplasm </ci>
              <ci> r11 </ci>
              <ci> cP9c </ci>
            </apply>
          </math>
                </kineticLaw>
      </reaction>
      <reaction id="R43" metaid="_136927" name="cP9n transport to cytoplasm" reversible="false">
        <annotation>
          <rdf:RDF xmlns:rdf="http://www.w3.org/1999/02/22-rdf-syntax-ns#" xmlns:bqmodel="http://biomodels.net/model-qualifiers/" xmlns:bqbiol="http://biomodels.net/biology-qualifiers/">
            <rdf:Description rdf:about="#_136927">
	<bqbiol:is>
	<rdf:Bag>
	<rdf:li rdf:resource="http://identifiers.org/obo.go/GO:0065002"/>
	</rdf:Bag>
	</bqbiol:is>
	</rdf:Description>
	
          </rdf:RDF>
        </annotation>
              <listOfReactants>
          <speciesReference metaid="_696579" species="cP9n"/>
        </listOfReactants>
        <listOfProducts>
          <speciesReference metaid="_696591" species="cP9c"/>
        </listOfProducts>
        <kineticLaw metaid="_696603">
          <math xmlns="http://www.w3.org/1998/Math/MathML">          
            <apply>
              <times/>
              <ci> nucleus </ci>
              <ci> r12 </ci>
              <ci> cP9n </ci>
            </apply>
          </math>
                </kineticLaw>
      </reaction>
      <reaction id="R44" metaid="_136947" name="cP9c degradation" reversible="false">
        <annotation>
          <rdf:RDF xmlns:rdf="http://www.w3.org/1999/02/22-rdf-syntax-ns#" xmlns:bqmodel="http://biomodels.net/model-qualifiers/" xmlns:bqbiol="http://biomodels.net/biology-qualifiers/">
            <rdf:Description rdf:about="#_136947">
	<bqbiol:is>
	<rdf:Bag>
	<rdf:li rdf:resource="http://identifiers.org/obo.go/GO:0044257"/>
	</rdf:Bag>
	</bqbiol:is>
	</rdf:Description>
	
          </rdf:RDF>
        </annotation>
              <listOfReactants>
          <speciesReference metaid="_696615" species="cP9c"/>
        </listOfReactants>
        <kineticLaw metaid="_696627">
          <math xmlns="http://www.w3.org/1998/Math/MathML">          
            <apply>
              <divide/>
              <apply>
                <times/>
                <ci> cytoplasm </ci>
                <ci> m20 </ci>
                <ci> cP9c </ci>
              </apply>
              <apply>
                <plus/>
                <ci> k18 </ci>
                <ci> cP9c </ci>
              </apply>
            </apply>
          </math>
                </kineticLaw>
      </reaction>
      <reaction id="R45" metaid="_136967" name="cP9n degradation" reversible="false">
        <annotation>
          <rdf:RDF xmlns:rdf="http://www.w3.org/1999/02/22-rdf-syntax-ns#" xmlns:bqmodel="http://biomodels.net/model-qualifiers/" xmlns:bqbiol="http://biomodels.net/biology-qualifiers/">
            <rdf:Description rdf:about="#_136967">
	<bqbiol:is>
	<rdf:Bag>
	<rdf:li rdf:resource="http://identifiers.org/obo.go/GO:0044257"/>
	</rdf:Bag>
	</bqbiol:is>
	</rdf:Description>
	
          </rdf:RDF>
        </annotation>
              <listOfReactants>
          <speciesReference metaid="_696639" species="cP9n"/>
        </listOfReactants>
        <kineticLaw metaid="_696651">
          <math xmlns="http://www.w3.org/1998/Math/MathML">          
            <apply>
              <divide/>
              <apply>
                <times/>
                <ci> nucleus </ci>
                <ci> m21 </ci>
                <ci> cP9n </ci>
              </apply>
              <apply>
                <plus/>
                <ci> k19 </ci>
                <ci> cP9n </ci>
              </apply>
            </apply>
          </math>
                </kineticLaw>
      </reaction>
    </listOfReactions>
    <listOfEvents>
      <event id="event_0000001" metaid="metaid_0000166">
        <trigger metaid="_696663">
          <math xmlns="http://www.w3.org/1998/Math/MathML">          
            <apply>
              <leq/>
              <apply>
                <minus/>
                <ci> Day_in_hours </ci>
                <csymbol encoding="text" definitionURL="http://www.sbml.org/sbml/symbols/time"> t </csymbol>
              </apply>
              <cn type="integer"> 0 </cn>
            </apply>
          </math>
                </trigger>
        <listOfEventAssignments>
          <eventAssignment metaid="_696675" variable="Day_in_hours">
            <math xmlns="http://www.w3.org/1998/Math/MathML">            
              <apply>
                <plus/>
                <ci> Day_in_hours </ci>
                <cn type="integer"> 24 </cn>
              </apply>
            </math>
                    </eventAssignment>
          <eventAssignment metaid="_696687" variable="ld">
            <math xmlns="http://www.w3.org/1998/Math/MathML">            
              <cn type="integer"> 1 </cn>
            </math>
                    </eventAssignment>
        </listOfEventAssignments>
      </event>
      <event id="event_0000002" metaid="metaid_0000167">
        <trigger metaid="_696699">
          <math xmlns="http://www.w3.org/1998/Math/MathML">          
            <apply>
              <and/>
              <apply>
                <leq/>
                <apply>
                  <minus/>
                  <ci> Day_in_hours </ci>
                  <csymbol encoding="text" definitionURL="http://www.sbml.org/sbml/symbols/time"> t </csymbol>
                </apply>
                <cn type="integer"> 16 </cn>
              </apply>
              <apply>
                <gt/>
                <apply>
                  <minus/>
                  <ci> Day_in_hours </ci>
                  <csymbol encoding="text" definitionURL="http://www.sbml.org/sbml/symbols/time"> t </csymbol>
                </apply>
                <cn type="integer"> 0 </cn>
              </apply>
            </apply>
          </math>
                </trigger>
        <listOfEventAssignments>
          <eventAssignment metaid="_696712" variable="ld">
            <math xmlns="http://www.w3.org/1998/Math/MathML">            
              <cn type="integer"> 0 </cn>
            </math>
                    </eventAssignment>
        </listOfEventAssignments>
      </event>
    </listOfEvents>
  </model>
</sbml>