<?xml version='1.0' encoding='UTF-8' standalone='no'?>
<sbml xmlns="http://www.sbml.org/sbml/level2/version4" level="2" metaid="metaid_0000001" version="4">
  <model id="Curien2009_Aspartate_Metabolism" metaid="metaid_0000002" name="Curien2009_Aspartate_Metabolism">
    <notes>
      <body xmlns="http://www.w3.org/1999/xhtml">
        <p>This a model described in the article:      <br/>
        <strong>Understanding the regulation of aspartate metabolism using a model based on measured kinetic parameters.</strong>
        <br/>
          Curien G, Bastien O, Robert-Genthon M, Cornish-Bowden A, Cárdenas ML, Dumas R.      <em>Mol Syst Biol.</em>
          2009;5:271. Epub 2009 May 19. PMID:      <a href="http://www.ncbi.nlm.nih.gov/pubmed/19455135">19455135</a>
          , doi:      <a href="http://dx.doi.org/10.1038/msb.2009.29">10.1038/msb.2009.29</a>
        <br/>
        <strong>Abstract:</strong>
        <br/>
          The aspartate-derived amino-acid pathway from plants is well suited for analysing the function of the allosteric network of interactions in branched pathways. For this purpose, a detailed kinetic model of the system in the plant model Arabidopsis was constructed on the basis of in vitro kinetic measurements. The data, assembled into a mathematical model, reproduce in vivo measurements and also provide non-intuitive predictions. A crucial result is the identification of allosteric interactions whose function is not to couple demand and supply but to maintain a high independence between fluxes in competing pathways. In addition, the model shows that enzyme isoforms are not functionally redundant, because they contribute unequally to the flux and its regulation. Another result is the identification of the threonine concentration as the most sensitive variable in the system, suggesting a regulatory role for threonine at a higher level of integration.      </p>
      <p>The limiting rates for the tRNA synthetase reactions, V_Lys_RS, V_Thr_RS and V_Ile_RS, are all assigned a joined value, Vmax_AA_RS, to facilitate reproduction of the results in the publication. To alter these rates seperately these assignments have to be changed or removed.</p>
      <p>This model originates from BioModels Database: A Database of Annotated Published Models. It is copyright (c) 2005-2009 The BioModels Team.      <br/>
          For more information see the      <a href="http://www.ebi.ac.uk/biomodels/legal.html" target="_blank">terms of use</a>
          .      <br/>
          To cite BioModels Database, please use      <a href="http://www.pubmedcentral.nih.gov/articlerender.fcgi?tool=pubmed&amp;pubmedid=16381960" target="_blank">Le Novère N., Bornstein B., Broicher A., Courtot M., Donizelli M., Dharuri H., Li L., Sauro H., Schilstra M., Shapiro B., Snoep J.L., Hucka M. (2006) BioModels Database: A Free, Centralized Database of Curated, Published, Quantitative Kinetic Models of Biochemical and Cellular Systems Nucleic Acids Res., 34: D689-D691.</a>
  </p>
</body>
</notes>
    <annotation>
  <rdf:RDF xmlns:rdf="http://www.w3.org/1999/02/22-rdf-syntax-ns#" xmlns:bqmodel="http://biomodels.net/model-qualifiers/" xmlns:vCard="http://www.w3.org/2001/vcard-rdf/3.0#" xmlns:dc="http://purl.org/dc/elements/1.1/" xmlns:dcterms="http://purl.org/dc/terms/" xmlns:bqbiol="http://biomodels.net/biology-qualifiers/">
        <rdf:Description rdf:about="#metaid_0000002">
	<dc:creator>
	<rdf:Bag>
	<rdf:li rdf:parseType="Resource">
	<vCard:N rdf:parseType="Resource">
	<vCard:Family>Endler</vCard:Family>
	<vCard:Given>Lukas</vCard:Given>
	</vCard:N>
	<vCard:EMAIL>lukas@ebi.ac.uk</vCard:EMAIL>
	<vCard:ORG rdf:parseType="Resource">
	<vCard:Orgname>EMBL-EBI</vCard:Orgname>
	</vCard:ORG>
	</rdf:li>
	<rdf:li rdf:parseType="Resource">
	<vCard:N rdf:parseType="Resource">
	<vCard:Family>Curien</vCard:Family>
	<vCard:Given>Gilles</vCard:Given>
	</vCard:N>
	<vCard:EMAIL>gcurien@cea.fr</vCard:EMAIL>
	<vCard:ORG rdf:parseType="Resource">
	<vCard:Orgname>Centre National de la Recherchce Scientifique (CNRS)</vCard:Orgname>
	</vCard:ORG>
	</rdf:li>
	</rdf:Bag>
	</dc:creator>
	<dcterms:created rdf:parseType="Resource">
	<dcterms:W3CDTF>2009-05-28T12:57:42Z</dcterms:W3CDTF>
	</dcterms:created>
	<dcterms:modified rdf:parseType="Resource">
	<dcterms:W3CDTF>2010-12-13T09:51:40Z</dcterms:W3CDTF>
	</dcterms:modified>
	<bqmodel:is>
	<rdf:Bag>
	<rdf:li rdf:resource="http://identifiers.org/biomodels.db/MODEL3336584391"/>
	</rdf:Bag>
	</bqmodel:is>
	<bqmodel:is>
	<rdf:Bag>
	<rdf:li rdf:resource="http://identifiers.org/biomodels.db/BIOMD0000000212"/>
	</rdf:Bag>
	</bqmodel:is>
	<bqmodel:isDescribedBy>
	<rdf:Bag>
	<rdf:li rdf:resource="http://identifiers.org/pubmed/19455135"/>
	</rdf:Bag>
	</bqmodel:isDescribedBy>
	<bqbiol:hasTaxon>
	<rdf:Bag>
	<rdf:li rdf:resource="http://identifiers.org/taxonomy/3702"/>
	</rdf:Bag>
	</bqbiol:hasTaxon>
	<bqbiol:isVersionOf>
	<rdf:Bag>
	<rdf:li rdf:resource="http://identifiers.org/obo.go/GO:0006531"/>
	</rdf:Bag>
	</bqbiol:isVersionOf>
	<bqbiol:isPartOf>
	<rdf:Bag>
	<rdf:li rdf:resource="http://identifiers.org/kegg.pathway/ath00260"/>
	</rdf:Bag>
	</bqbiol:isPartOf>
	</rdf:Description>
	
  </rdf:RDF>
</annotation>
      <listOfUnitDefinitions>
      <unitDefinition id="substance" metaid="metaid_1000003" name="micromole">
        <listOfUnits>
          <unit kind="mole" metaid="_693651" scale="-6"/>
        </listOfUnits>
      </unitDefinition>
      <unitDefinition id="per_time" metaid="metaid_0000003">
        <listOfUnits>
          <unit exponent="-1" kind="second" metaid="_693663"/>
        </listOfUnits>
      </unitDefinition>
      <unitDefinition id="per_litre" metaid="metaid_0000004">
        <listOfUnits>
          <unit exponent="-1" kind="litre" metaid="_693675"/>
        </listOfUnits>
      </unitDefinition>
      <unitDefinition id="umole_per_litre" metaid="metaid_0000005">
        <listOfUnits>
          <unit kind="mole" metaid="_693687" scale="-6"/>
          <unit exponent="-1" kind="litre" metaid="_693699"/>
        </listOfUnits>
      </unitDefinition>
      <unitDefinition id="umole_per_litre_per_time" metaid="metaid_0000006">
        <listOfUnits>
          <unit kind="mole" metaid="_693711" scale="-6"/>
          <unit exponent="-1" kind="litre" metaid="_693723"/>
          <unit exponent="-1" kind="second" metaid="_693735"/>
        </listOfUnits>
      </unitDefinition>
      <unitDefinition id="umole2_per_litre2" metaid="metaid_0000007">
        <listOfUnits>
          <unit exponent="2" kind="mole" metaid="_693747" scale="-6"/>
          <unit exponent="-2" kind="litre" metaid="_693759"/>
        </listOfUnits>
      </unitDefinition>
      <unitDefinition id="litre_per_umole_per_time" metaid="metaid_0000008">
        <listOfUnits>
          <unit kind="litre" metaid="_693771"/>
          <unit exponent="-1" kind="mole" metaid="_693783" scale="-6"/>
          <unit exponent="-1" kind="second" metaid="_693795"/>
        </listOfUnits>
      </unitDefinition>
      <unitDefinition id="umole_per_time" metaid="metaid_0000009">
        <listOfUnits>
          <unit kind="mole" metaid="_693807" scale="-6"/>
          <unit exponent="-1" kind="second" metaid="_693819"/>
        </listOfUnits>
      </unitDefinition>
    </listOfUnitDefinitions>
    <listOfCompartments>
      <compartment id="c1" metaid="metaid_0000010" name="chl" size="1">
        <annotation>
      <rdf:RDF xmlns:rdf="http://www.w3.org/1999/02/22-rdf-syntax-ns#" xmlns:bqmodel="http://biomodels.net/model-qualifiers/" xmlns:bqbiol="http://biomodels.net/biology-qualifiers/">
            <rdf:Description rdf:about="#metaid_0000010">
	<bqbiol:is>
	<rdf:Bag>
	<rdf:li rdf:resource="http://identifiers.org/obo.go/GO:0009570"/>
	</rdf:Bag>
	</bqbiol:is>
	</rdf:Description>
	
      </rdf:RDF>
    </annotation>
            </compartment>
    </listOfCompartments>
    <listOfSpecies>
      <species boundaryCondition="true" compartment="c1" id="Asp" initialConcentration="1500" metaid="metaid_0000011" name="Aspartate" sboTerm="SBO:0000327">
        <annotation>
      <rdf:RDF xmlns:rdf="http://www.w3.org/1999/02/22-rdf-syntax-ns#" xmlns:bqmodel="http://biomodels.net/model-qualifiers/" xmlns:bqbiol="http://biomodels.net/biology-qualifiers/">
            <rdf:Description rdf:about="#metaid_0000011">
	<bqbiol:is>
	<rdf:Bag>
	<rdf:li rdf:resource="http://identifiers.org/obo.chebi/CHEBI:17053"/>
	<rdf:li rdf:resource="http://identifiers.org/kegg.compound/C00049"/>
	<rdf:li rdf:resource="http://identifiers.org/pubchem.substance/47205730"/>
	</rdf:Bag>
	</bqbiol:is>
	</rdf:Description>
	
      </rdf:RDF>
    </annotation>
            </species>
      <species boundaryCondition="true" compartment="c1" id="AK1" initialConcentration="0.25" metaid="metaid_0000012" name="AK1" sboTerm="SBO:0000252">
        <annotation>
      <rdf:RDF xmlns:rdf="http://www.w3.org/1999/02/22-rdf-syntax-ns#" xmlns:bqmodel="http://biomodels.net/model-qualifiers/" xmlns:bqbiol="http://biomodels.net/biology-qualifiers/">
            <rdf:Description rdf:about="#metaid_0000012">
	<bqbiol:is>
	<rdf:Bag>
	<rdf:li rdf:resource="http://identifiers.org/uniprot/Q9LYU8"/>
	</rdf:Bag>
	</bqbiol:is>
	</rdf:Description>
	
      </rdf:RDF>
    </annotation>
            </species>
      <species compartment="c1" id="Lys" initialConcentration="0" metaid="metaid_0000013" name="Lysine" sboTerm="SBO:0000247">
        <annotation>
      <rdf:RDF xmlns:rdf="http://www.w3.org/1999/02/22-rdf-syntax-ns#" xmlns:bqmodel="http://biomodels.net/model-qualifiers/" xmlns:bqbiol="http://biomodels.net/biology-qualifiers/">
            <rdf:Description rdf:about="#metaid_0000013">
	<bqbiol:is>
	<rdf:Bag>
	<rdf:li rdf:resource="http://identifiers.org/obo.chebi/CHEBI:18019"/>
	<rdf:li rdf:resource="http://identifiers.org/kegg.compound/C00047"/>
	<rdf:li rdf:resource="http://identifiers.org/pubchem.substance/47205736"/>
	</rdf:Bag>
	</bqbiol:is>
	</rdf:Description>
	
      </rdf:RDF>
    </annotation>
            </species>
      <species boundaryCondition="true" compartment="c1" id="AdoMet" initialConcentration="20" metaid="metaid_0000014" name="S-adenosyl-methionine" sboTerm="SBO:0000247">
        <annotation>
      <rdf:RDF xmlns:rdf="http://www.w3.org/1999/02/22-rdf-syntax-ns#" xmlns:bqmodel="http://biomodels.net/model-qualifiers/" xmlns:bqbiol="http://biomodels.net/biology-qualifiers/">
            <rdf:Description rdf:about="#metaid_0000014">
	<bqbiol:is>
	<rdf:Bag>
	<rdf:li rdf:resource="http://identifiers.org/obo.chebi/CHEBI:15414"/>
	<rdf:li rdf:resource="http://identifiers.org/kegg.compound/C00019"/>
	</rdf:Bag>
	</bqbiol:is>
	</rdf:Description>
	
      </rdf:RDF>
    </annotation>
            </species>
      <species compartment="c1" id="AspP" initialConcentration="0" metaid="metaid_0000015" name="Aspartyl_P" sboTerm="SBO:0000327">
        <annotation>
      <rdf:RDF xmlns:rdf="http://www.w3.org/1999/02/22-rdf-syntax-ns#" xmlns:bqmodel="http://biomodels.net/model-qualifiers/" xmlns:bqbiol="http://biomodels.net/biology-qualifiers/">
            <rdf:Description rdf:about="#metaid_0000015">
	<bqbiol:is>
	<rdf:Bag>
	<rdf:li rdf:resource="http://identifiers.org/obo.chebi/CHEBI:15836"/>
	<rdf:li rdf:resource="http://identifiers.org/kegg.compound/C03082"/>
	</rdf:Bag>
	</bqbiol:is>
	</rdf:Description>
	
      </rdf:RDF>
    </annotation>
            </species>
      <species boundaryCondition="true" compartment="c1" id="AK2" initialConcentration="0.25" metaid="metaid_0000016" name="AK2" sboTerm="SBO:0000252">
        <annotation>
      <rdf:RDF xmlns:rdf="http://www.w3.org/1999/02/22-rdf-syntax-ns#" xmlns:bqmodel="http://biomodels.net/model-qualifiers/" xmlns:bqbiol="http://biomodels.net/biology-qualifiers/">
            <rdf:Description rdf:about="#metaid_0000016">
	<bqbiol:is>
	<rdf:Bag>
	<rdf:li rdf:resource="http://identifiers.org/uniprot/O23653"/>
	</rdf:Bag>
	</bqbiol:is>
	</rdf:Description>
	
      </rdf:RDF>
    </annotation>
            </species>
      <species boundaryCondition="true" compartment="c1" id="AKHSDHI" initialConcentration="0.63" metaid="metaid_0000017" name="AKI-HSDHI" sboTerm="SBO:0000252">
        <annotation>
      <rdf:RDF xmlns:rdf="http://www.w3.org/1999/02/22-rdf-syntax-ns#" xmlns:bqmodel="http://biomodels.net/model-qualifiers/" xmlns:bqbiol="http://biomodels.net/biology-qualifiers/">
            <rdf:Description rdf:about="#metaid_0000017">
	<bqbiol:is>
	<rdf:Bag>
	<rdf:li rdf:resource="http://identifiers.org/uniprot/Q9SA18"/>
	</rdf:Bag>
	</bqbiol:is>
	</rdf:Description>
	
      </rdf:RDF>
    </annotation>
            </species>
      <species boundaryCondition="true" compartment="c1" id="AKHSDHII" initialConcentration="0.63" metaid="metaid_0000018" name="AKII-HSDHII" sboTerm="SBO:0000252">
        <annotation>
      <rdf:RDF xmlns:rdf="http://www.w3.org/1999/02/22-rdf-syntax-ns#" xmlns:bqmodel="http://biomodels.net/model-qualifiers/" xmlns:bqbiol="http://biomodels.net/biology-qualifiers/">
            <rdf:Description rdf:about="#metaid_0000018">
	<bqbiol:is>
	<rdf:Bag>
	<rdf:li rdf:resource="http://identifiers.org/uniprot/O81852"/>
	</rdf:Bag>
	</bqbiol:is>
	</rdf:Description>
	
      </rdf:RDF>
    </annotation>
            </species>
      <species compartment="c1" id="Thr" initialConcentration="0" metaid="metaid_0000019" name="Threonine" sboTerm="SBO:0000247">
        <annotation>
      <rdf:RDF xmlns:rdf="http://www.w3.org/1999/02/22-rdf-syntax-ns#" xmlns:bqmodel="http://biomodels.net/model-qualifiers/" xmlns:bqbiol="http://biomodels.net/biology-qualifiers/">
            <rdf:Description rdf:about="#metaid_0000019">
	<bqbiol:is>
	<rdf:Bag>
	<rdf:li rdf:resource="http://identifiers.org/obo.chebi/CHEBI:16857"/>
	<rdf:li rdf:resource="http://identifiers.org/kegg.compound/C00188"/>
	</rdf:Bag>
	</bqbiol:is>
	</rdf:Description>
	
      </rdf:RDF>
    </annotation>
            </species>
      <species boundaryCondition="true" compartment="c1" id="ASADH" initialConcentration="11.6" metaid="metaid_0000020" name="ASADH" sboTerm="SBO:0000252">
        <annotation>
      <rdf:RDF xmlns:rdf="http://www.w3.org/1999/02/22-rdf-syntax-ns#" xmlns:bqmodel="http://biomodels.net/model-qualifiers/" xmlns:bqbiol="http://biomodels.net/biology-qualifiers/">
            <rdf:Description rdf:about="#metaid_0000020">
	<bqbiol:is>
	<rdf:Bag>
	<rdf:li rdf:resource="http://identifiers.org/uniprot/Q9FVC4"/>
	</rdf:Bag>
	</bqbiol:is>
	</rdf:Description>
	
      </rdf:RDF>
    </annotation>
            </species>
      <species compartment="c1" id="ASA" initialConcentration="0" metaid="metaid_0000021" name="Aspartate semialdehyde" sboTerm="SBO:0000327">
        <annotation>
      <rdf:RDF xmlns:rdf="http://www.w3.org/1999/02/22-rdf-syntax-ns#" xmlns:bqmodel="http://biomodels.net/model-qualifiers/" xmlns:bqbiol="http://biomodels.net/biology-qualifiers/">
            <rdf:Description rdf:about="#metaid_0000021">
	<bqbiol:is>
	<rdf:Bag>
	<rdf:li rdf:resource="http://identifiers.org/obo.chebi/CHEBI:13086"/>
	<rdf:li rdf:resource="http://identifiers.org/kegg.compound/C00441"/>
	</rdf:Bag>
	</bqbiol:is>
	</rdf:Description>
	
      </rdf:RDF>
    </annotation>
            </species>
      <species boundaryCondition="true" compartment="c1" id="DHDPS1" initialConcentration="1.6" metaid="metaid_0000022" name="DHDPS1" sboTerm="SBO:0000252">
        <annotation>
      <rdf:RDF xmlns:rdf="http://www.w3.org/1999/02/22-rdf-syntax-ns#" xmlns:bqmodel="http://biomodels.net/model-qualifiers/" xmlns:bqbiol="http://biomodels.net/biology-qualifiers/">
            <rdf:Description rdf:about="#metaid_0000022">
	<bqbiol:is>
	<rdf:Bag>
	<rdf:li rdf:resource="http://identifiers.org/uniprot/Q9LZX6"/>
	</rdf:Bag>
	</bqbiol:is>
	</rdf:Description>
	
      </rdf:RDF>
    </annotation>
            </species>
      <species boundaryCondition="true" compartment="c1" id="DHDPS2" initialConcentration="1.6" metaid="metaid_0000023" name="DHDPS2" sboTerm="SBO:0000252">
        <annotation>
      <rdf:RDF xmlns:rdf="http://www.w3.org/1999/02/22-rdf-syntax-ns#" xmlns:bqmodel="http://biomodels.net/model-qualifiers/" xmlns:bqbiol="http://biomodels.net/biology-qualifiers/">
            <rdf:Description rdf:about="#metaid_0000023">
	<bqbiol:is>
	<rdf:Bag>
	<rdf:li rdf:resource="http://identifiers.org/uniprot/Q9FVC8"/>
	</rdf:Bag>
	</bqbiol:is>
	</rdf:Description>
	
      </rdf:RDF>
    </annotation>
            </species>
      <species compartment="c1" id="Hser" initialConcentration="0" metaid="metaid_0000024" name="Homoserine" sboTerm="SBO:0000247">
        <annotation>
      <rdf:RDF xmlns:rdf="http://www.w3.org/1999/02/22-rdf-syntax-ns#" xmlns:bqmodel="http://biomodels.net/model-qualifiers/" xmlns:bqbiol="http://biomodels.net/biology-qualifiers/">
            <rdf:Description rdf:about="#metaid_0000024">
	<bqbiol:is>
	<rdf:Bag>
	<rdf:li rdf:resource="http://identifiers.org/obo.chebi/CHEBI:15699"/>
	<rdf:li rdf:resource="http://identifiers.org/kegg.compound/C00263"/>
	</rdf:Bag>
	</bqbiol:is>
	</rdf:Description>
	
      </rdf:RDF>
    </annotation>
            </species>
      <species compartment="c1" id="PHser" initialConcentration="0" metaid="metaid_0000025" name="Phosphohomoserine" sboTerm="SBO:0000327">
        <annotation>
      <rdf:RDF xmlns:rdf="http://www.w3.org/1999/02/22-rdf-syntax-ns#" xmlns:bqmodel="http://biomodels.net/model-qualifiers/" xmlns:bqbiol="http://biomodels.net/biology-qualifiers/">
            <rdf:Description rdf:about="#metaid_0000025">
	<bqbiol:is>
	<rdf:Bag>
	<rdf:li rdf:resource="http://identifiers.org/obo.chebi/CHEBI:15961"/>
	<rdf:li rdf:resource="http://identifiers.org/kegg.compound/C01102"/>
	</rdf:Bag>
	</bqbiol:is>
	</rdf:Description>
	
      </rdf:RDF>
    </annotation>
            </species>
      <species boundaryCondition="true" compartment="c1" id="HSK" initialConcentration="4" metaid="metaid_0000026" name="HSK" sboTerm="SBO:0000252">
        <annotation>
      <rdf:RDF xmlns:rdf="http://www.w3.org/1999/02/22-rdf-syntax-ns#" xmlns:bqmodel="http://biomodels.net/model-qualifiers/" xmlns:bqbiol="http://biomodels.net/biology-qualifiers/">
            <rdf:Description rdf:about="#metaid_0000026">
	<bqbiol:is>
	<rdf:Bag>
	<rdf:li rdf:resource="http://identifiers.org/uniprot/Q9XEE0"/>
	</rdf:Bag>
	</bqbiol:is>
	</rdf:Description>
	
      </rdf:RDF>
    </annotation>
            </species>
      <species compartment="c1" id="TS1" initialConcentration="7.4" metaid="metaid_0000027" name="TS1" sboTerm="SBO:0000252">
        <annotation>
      <rdf:RDF xmlns:rdf="http://www.w3.org/1999/02/22-rdf-syntax-ns#" xmlns:bqmodel="http://biomodels.net/model-qualifiers/" xmlns:bqbiol="http://biomodels.net/biology-qualifiers/">
            <rdf:Description rdf:about="#metaid_0000027">
	<bqbiol:is>
	<rdf:Bag>
	<rdf:li rdf:resource="http://identifiers.org/uniprot/Q9S7B5"/>
	</rdf:Bag>
	</bqbiol:is>
	</rdf:Description>
	
      </rdf:RDF>
    </annotation>
            </species>
      <species boundaryCondition="true" compartment="c1" id="Phosphate" initialConcentration="10000" metaid="metaid_0000028" sboTerm="SBO:0000327">
        <annotation>
      <rdf:RDF xmlns:rdf="http://www.w3.org/1999/02/22-rdf-syntax-ns#" xmlns:bqmodel="http://biomodels.net/model-qualifiers/" xmlns:bqbiol="http://biomodels.net/biology-qualifiers/">
            <rdf:Description rdf:about="#metaid_0000028">
	<bqbiol:is>
	<rdf:Bag>
	<rdf:li rdf:resource="http://identifiers.org/obo.chebi/CHEBI:18367"/>
	<rdf:li rdf:resource="http://identifiers.org/kegg.compound/C00009"/>
	</rdf:Bag>
	</bqbiol:is>
	</rdf:Description>
	
      </rdf:RDF>
    </annotation>
            </species>
      <species boundaryCondition="true" compartment="c1" id="Cys" initialConcentration="15" metaid="metaid_0000029" name="Cysteine" sboTerm="SBO:0000247">
        <annotation>
      <rdf:RDF xmlns:rdf="http://www.w3.org/1999/02/22-rdf-syntax-ns#" xmlns:bqmodel="http://biomodels.net/model-qualifiers/" xmlns:bqbiol="http://biomodels.net/biology-qualifiers/">
            <rdf:Description rdf:about="#metaid_0000029">
	<bqbiol:is>
	<rdf:Bag>
	<rdf:li rdf:resource="http://identifiers.org/obo.chebi/CHEBI:17561"/>
	<rdf:li rdf:resource="http://identifiers.org/kegg.compound/C00097"/>
	</rdf:Bag>
	</bqbiol:is>
	</rdf:Description>
	
      </rdf:RDF>
    </annotation>
            </species>
      <species boundaryCondition="true" compartment="c1" id="CGS" initialConcentration="0.7" metaid="metaid_0000030" name="CGS" sboTerm="SBO:0000252">
        <annotation>
      <rdf:RDF xmlns:rdf="http://www.w3.org/1999/02/22-rdf-syntax-ns#" xmlns:bqmodel="http://biomodels.net/model-qualifiers/" xmlns:bqbiol="http://biomodels.net/biology-qualifiers/">
            <rdf:Description rdf:about="#metaid_0000030">
	<bqbiol:is>
	<rdf:Bag>
	<rdf:li rdf:resource="http://identifiers.org/uniprot/P55217"/>
	</rdf:Bag>
	</bqbiol:is>
	</rdf:Description>
	
      </rdf:RDF>
    </annotation>
            </species>
      <species boundaryCondition="true" compartment="c1" id="Cysta" initialConcentration="0" metaid="metaid_0000031" name="Cystathione" sboTerm="SBO:0000247">
        <annotation>
      <rdf:RDF xmlns:rdf="http://www.w3.org/1999/02/22-rdf-syntax-ns#" xmlns:bqmodel="http://biomodels.net/model-qualifiers/" xmlns:bqbiol="http://biomodels.net/biology-qualifiers/">
            <rdf:Description rdf:about="#metaid_0000031">
	<bqbiol:is>
	<rdf:Bag>
	<rdf:li rdf:resource="http://identifiers.org/obo.chebi/CHEBI:17755"/>
	<rdf:li rdf:resource="http://identifiers.org/kegg.compound/C00542"/>
	</rdf:Bag>
	</bqbiol:is>
	</rdf:Description>
	
      </rdf:RDF>
    </annotation>
            </species>
      <species boundaryCondition="true" compartment="c1" id="TD" initialConcentration="0.36" metaid="metaid_0000032" name="TD" sboTerm="SBO:0000252">
        <annotation>
      <rdf:RDF xmlns:rdf="http://www.w3.org/1999/02/22-rdf-syntax-ns#" xmlns:bqmodel="http://biomodels.net/model-qualifiers/" xmlns:bqbiol="http://biomodels.net/biology-qualifiers/">
            <rdf:Description rdf:about="#metaid_0000032">
	<bqbiol:is>
	<rdf:Bag>
	<rdf:li rdf:resource="http://identifiers.org/uniprot/Q9ZSS6"/>
	</rdf:Bag>
	</bqbiol:is>
	</rdf:Description>
	
      </rdf:RDF>
    </annotation>
            </species>
      <species compartment="c1" id="Ile" initialConcentration="0" metaid="metaid_0000033" name="Isoleucine" sboTerm="SBO:0000247">
        <annotation>
      <rdf:RDF xmlns:rdf="http://www.w3.org/1999/02/22-rdf-syntax-ns#" xmlns:bqmodel="http://biomodels.net/model-qualifiers/" xmlns:bqbiol="http://biomodels.net/biology-qualifiers/">
            <rdf:Description rdf:about="#metaid_0000033">
	<bqbiol:is>
	<rdf:Bag>
	<rdf:li rdf:resource="http://identifiers.org/obo.chebi/CHEBI:17191"/>
	<rdf:li rdf:resource="http://identifiers.org/kegg.compound/C00407"/>
	</rdf:Bag>
	</bqbiol:is>
	</rdf:Description>
	
      </rdf:RDF>
    </annotation>
            </species>
      <species boundaryCondition="true" compartment="c1" id="Val" initialConcentration="100" metaid="metaid_0000034" name="Valine" sboTerm="SBO:0000247">
        <annotation>
      <rdf:RDF xmlns:rdf="http://www.w3.org/1999/02/22-rdf-syntax-ns#" xmlns:bqmodel="http://biomodels.net/model-qualifiers/" xmlns:bqbiol="http://biomodels.net/biology-qualifiers/">
            <rdf:Description rdf:about="#metaid_0000034">
	<bqbiol:is>
	<rdf:Bag>
	<rdf:li rdf:resource="http://identifiers.org/obo.chebi/CHEBI:16414"/>
	<rdf:li rdf:resource="http://identifiers.org/kegg.compound/C00183"/>
	</rdf:Bag>
	</bqbiol:is>
	</rdf:Description>
	
      </rdf:RDF>
    </annotation>
            </species>
      <species boundaryCondition="true" compartment="c1" id="LysTRNA" initialConcentration="0" metaid="metaid_0000035" name="Lys-tRNA" sboTerm="SBO:0000245">
        <annotation>
      <rdf:RDF xmlns:rdf="http://www.w3.org/1999/02/22-rdf-syntax-ns#" xmlns:bqmodel="http://biomodels.net/model-qualifiers/" xmlns:bqbiol="http://biomodels.net/biology-qualifiers/">
            <rdf:Description rdf:about="#metaid_0000035">
	<bqbiol:is>
	<rdf:Bag>
	<rdf:li rdf:resource="http://identifiers.org/obo.chebi/CHEBI:16047"/>
	<rdf:li rdf:resource="http://identifiers.org/kegg.compound/C01931"/>
	</rdf:Bag>
	</bqbiol:is>
	</rdf:Description>
	
      </rdf:RDF>
    </annotation>
            </species>
      <species boundaryCondition="true" compartment="c1" id="ThrTRNA" initialConcentration="0" metaid="metaid_0000036" name="Thr-tRNA" sboTerm="SBO:0000245">
        <annotation>
      <rdf:RDF xmlns:rdf="http://www.w3.org/1999/02/22-rdf-syntax-ns#" xmlns:bqmodel="http://biomodels.net/model-qualifiers/" xmlns:bqbiol="http://biomodels.net/biology-qualifiers/">
            <rdf:Description rdf:about="#metaid_0000036">
	<bqbiol:is>
	<rdf:Bag>
	<rdf:li rdf:resource="http://identifiers.org/obo.chebi/CHEBI:29163"/>
	<rdf:li rdf:resource="http://identifiers.org/kegg.compound/C02992"/>
	</rdf:Bag>
	</bqbiol:is>
	</rdf:Description>
	
      </rdf:RDF>
    </annotation>
            </species>
      <species boundaryCondition="true" compartment="c1" id="IleTRNA" initialConcentration="0" metaid="metaid_0000037" name="Ile-tRNA" sboTerm="SBO:0000245">
        <annotation>
      <rdf:RDF xmlns:rdf="http://www.w3.org/1999/02/22-rdf-syntax-ns#" xmlns:bqmodel="http://biomodels.net/model-qualifiers/" xmlns:bqbiol="http://biomodels.net/biology-qualifiers/">
            <rdf:Description rdf:about="#metaid_0000037">
	<bqbiol:is>
	<rdf:Bag>
	<rdf:li rdf:resource="http://identifiers.org/obo.chebi/CHEBI:29160"/>
	<rdf:li rdf:resource="http://identifiers.org/kegg.compound/C03127"/>
	</rdf:Bag>
	</bqbiol:is>
	</rdf:Description>
	
      </rdf:RDF>
    </annotation>
            </species>
      <species boundaryCondition="true" compartment="c1" id="LKR" initialConcentration="0" metaid="metaid_0000038" name="LKR" sboTerm="SBO:0000252">
        <annotation>
      <rdf:RDF xmlns:rdf="http://www.w3.org/1999/02/22-rdf-syntax-ns#" xmlns:bqmodel="http://biomodels.net/model-qualifiers/" xmlns:bqbiol="http://biomodels.net/biology-qualifiers/">
            <rdf:Description rdf:about="#metaid_0000038">
	<bqbiol:is>
	<rdf:Bag>
	<rdf:li rdf:resource="http://identifiers.org/uniprot/Q9SMZ4"/>
	</rdf:Bag>
	</bqbiol:is>
	</rdf:Description>
	
      </rdf:RDF>
    </annotation>
            </species>
      <species boundaryCondition="true" compartment="c1" id="Sacc" initialConcentration="0" metaid="metaid_0000039" name="Saccharopine" sboTerm="SBO:0000247">
        <annotation>
      <rdf:RDF xmlns:rdf="http://www.w3.org/1999/02/22-rdf-syntax-ns#" xmlns:bqmodel="http://biomodels.net/model-qualifiers/" xmlns:bqbiol="http://biomodels.net/biology-qualifiers/">
            <rdf:Description rdf:about="#metaid_0000039">
	<bqbiol:is>
	<rdf:Bag>
	<rdf:li rdf:resource="http://identifiers.org/obo.chebi/CHEBI:16927"/>
	<rdf:li rdf:resource="http://identifiers.org/kegg.compound/C00449"/>
	</rdf:Bag>
	</bqbiol:is>
	</rdf:Description>
	
      </rdf:RDF>
    </annotation>
            </species>
      <species boundaryCondition="true" compartment="c1" id="THA" initialConcentration="0" metaid="metaid_0000040" name="THA" sboTerm="SBO:0000252">
        <annotation>
      <rdf:RDF xmlns:rdf="http://www.w3.org/1999/02/22-rdf-syntax-ns#" xmlns:bqmodel="http://biomodels.net/model-qualifiers/" xmlns:bqbiol="http://biomodels.net/biology-qualifiers/">
            <rdf:Description rdf:about="#metaid_0000040">
	<bqbiol:isVersionOf>
	<rdf:Bag>
	<rdf:li rdf:resource="http://identifiers.org/uniprot/Q9FPH3"/>
	<rdf:li rdf:resource="http://identifiers.org/uniprot/Q8RXU4"/>
	</rdf:Bag>
	</bqbiol:isVersionOf>
	</rdf:Description>
	
      </rdf:RDF>
    </annotation>
            </species>
      <species boundaryCondition="true" compartment="c1" id="Gly" initialConcentration="0" metaid="metaid_0000041" name="Glycine" sboTerm="SBO:0000247">
        <annotation>
      <rdf:RDF xmlns:rdf="http://www.w3.org/1999/02/22-rdf-syntax-ns#" xmlns:bqmodel="http://biomodels.net/model-qualifiers/" xmlns:bqbiol="http://biomodels.net/biology-qualifiers/">
            <rdf:Description rdf:about="#metaid_0000041">
	<bqbiol:is>
	<rdf:Bag>
	<rdf:li rdf:resource="http://identifiers.org/obo.chebi/CHEBI:15428"/>
	<rdf:li rdf:resource="http://identifiers.org/kegg.compound/C00037"/>
	</rdf:Bag>
	</bqbiol:is>
	</rdf:Description>
	
      </rdf:RDF>
    </annotation>
            </species>
    </listOfSpecies>
    <listOfParameters>
      <parameter constant="false" id="V_Lys_RS" metaid="_638853" units="umole_per_litre_per_time" value="0.43"/>
      <parameter constant="false" id="V_Thr_RS" metaid="_638855" units="umole_per_litre_per_time" value="0.43"/>
      <parameter constant="false" id="V_Ile_RS" metaid="_638858" units="umole_per_litre_per_time" value="0.43"/>
      <parameter id="V_AA_RS" metaid="_979150" name="Vmax_AA_RS" units="umole_per_litre_per_time" value="0.43"/>
    </listOfParameters>
    <listOfRules>
      <assignmentRule metaid="_979145" variable="V_Lys_RS">
        <math xmlns="http://www.w3.org/1998/Math/MathML">        
          <ci> V_AA_RS </ci>
        </math>
            </assignmentRule>
      <assignmentRule metaid="_979147" variable="V_Thr_RS">
        <math xmlns="http://www.w3.org/1998/Math/MathML">        
          <ci> V_AA_RS </ci>
        </math>
            </assignmentRule>
      <assignmentRule metaid="_979148" variable="V_Ile_RS">
        <math xmlns="http://www.w3.org/1998/Math/MathML">        
          <ci> V_AA_RS </ci>
        </math>
            </assignmentRule>
    </listOfRules>
    <listOfReactions>
      <reaction id="Vak1" metaid="metaid_0000042" name="Aspartate kinase 1 react." sboTerm="SBO:0000402">
        <annotation>
      <rdf:RDF xmlns:rdf="http://www.w3.org/1999/02/22-rdf-syntax-ns#" xmlns:bqmodel="http://biomodels.net/model-qualifiers/" xmlns:bqbiol="http://biomodels.net/biology-qualifiers/">
            <rdf:Description rdf:about="#metaid_0000042">
              <bqbiol:isVersionOf>
	<rdf:Bag>
	<rdf:li rdf:resource="http://identifiers.org/obo.go/GO:0004072"/>
	</rdf:Bag>
	</bqbiol:isVersionOf>
	
	<bqbiol:is>
	<rdf:Bag>
	<rdf:li rdf:resource="http://identifiers.org/ec-code/2.7.2.4"/>
	<rdf:li rdf:resource="http://identifiers.org/kegg.reaction/R00480"/>
	</rdf:Bag>
	</bqbiol:is>
	</rdf:Description>
	
      </rdf:RDF>
    </annotation>
              <listOfReactants>
          <speciesReference metaid="_693831" species="Asp"/>
        </listOfReactants>
        <listOfProducts>
          <speciesReference metaid="_693843" species="AspP"/>
        </listOfProducts>
        <listOfModifiers>
          <modifierSpeciesReference metaid="_693855" species="AK1"/>
          <modifierSpeciesReference metaid="_693867" species="Lys"/>
          <modifierSpeciesReference metaid="_693879" species="AdoMet"/>
        </listOfModifiers>
        <kineticLaw metaid="_693891">
          <math xmlns="http://www.w3.org/1998/Math/MathML">          
            <apply>
              <times/>
              <ci> c1 </ci>
              <ci> AK1 </ci>
              <apply>
                <divide/>
                <apply>
                  <minus/>
                  <ci> AK1_kforward_app_exp </ci>
                  <apply>
                    <times/>
                    <ci> AK1_kreverse_app_exp </ci>
                    <ci> AspP </ci>
                  </apply>
                </apply>
                <apply>
                  <plus/>
                  <cn> 1 </cn>
                  <apply>
                    <power/>
                    <apply>
                      <divide/>
                      <ci> Lys </ci>
                      <apply>
                        <divide/>
                        <ci> AK1_Lys_Ki_app_exp </ci>
                        <apply>
                          <plus/>
                          <cn> 1 </cn>
                          <apply>
                            <divide/>
                            <ci> AdoMet </ci>
                            <ci> AK1_AdoMet_Ka_app_exp </ci>
                          </apply>
                        </apply>
                      </apply>
                    </apply>
                    <ci> AK1_nH_exp </ci>
                  </apply>
                </apply>
              </apply>
            </apply>
          </math>
                  <listOfParameters>
            <parameter id="AK1_kforward_app_exp" metaid="_638769" sboTerm="SBO:0000320" units="per_time" value="5.65"/>
            <parameter id="AK1_kreverse_app_exp" metaid="_638770" sboTerm="SBO:0000321" units="litre_per_umole_per_time" value="1.6"/>
            <parameter id="AK1_Lys_Ki_app_exp" metaid="_638771" sboTerm="SBO:0000288" units="umole_per_litre" value="550"/>
            <parameter id="AK1_AdoMet_Ka_app_exp" metaid="_638774" sboTerm="SBO:0000363" units="umole_per_litre" value="3.5"/>
            <parameter id="AK1_nH_exp" metaid="_638777" sboTerm="SBO:0000190" units="dimensionless" value="2"/>
          </listOfParameters>
        </kineticLaw>
      </reaction>
      <reaction id="Vak2" metaid="metaid_0000043" name="Aspartate kinase 2 react." sboTerm="SBO:0000402">
        <annotation>
      <rdf:RDF xmlns:rdf="http://www.w3.org/1999/02/22-rdf-syntax-ns#" xmlns:bqmodel="http://biomodels.net/model-qualifiers/" xmlns:bqbiol="http://biomodels.net/biology-qualifiers/">
            <rdf:Description rdf:about="#metaid_0000043">
              <bqbiol:isVersionOf>
	<rdf:Bag>
	<rdf:li rdf:resource="http://identifiers.org/obo.go/GO:0004072"/>
	</rdf:Bag>
	</bqbiol:isVersionOf>
	
	<bqbiol:is>
	<rdf:Bag>
	<rdf:li rdf:resource="http://identifiers.org/ec-code/2.7.2.4"/>
	<rdf:li rdf:resource="http://identifiers.org/kegg.reaction/R00480"/>
	</rdf:Bag>
	</bqbiol:is>
	</rdf:Description>
	
      </rdf:RDF>
    </annotation>
              <listOfReactants>
          <speciesReference metaid="_693904" species="Asp"/>
        </listOfReactants>
        <listOfProducts>
          <speciesReference metaid="_693916" species="AspP"/>
        </listOfProducts>
        <listOfModifiers>
          <modifierSpeciesReference metaid="_693928" species="AK2"/>
          <modifierSpeciesReference metaid="_693940" species="Lys"/>
        </listOfModifiers>
        <kineticLaw metaid="_693952">
          <math xmlns="http://www.w3.org/1998/Math/MathML">          
            <apply>
              <times/>
              <ci> c1 </ci>
              <ci> AK2 </ci>
              <apply>
                <divide/>
                <apply>
                  <minus/>
                  <ci> AK2_kforward_app_exp </ci>
                  <apply>
                    <times/>
                    <ci> AK2_kreverse_app_exp </ci>
                    <ci> AspP </ci>
                  </apply>
                </apply>
                <apply>
                  <plus/>
                  <cn> 1 </cn>
                  <apply>
                    <power/>
                    <apply>
                      <divide/>
                      <ci> Lys </ci>
                      <ci> AK2_Lys_Ki_app_exp </ci>
                    </apply>
                    <ci> AK2_nH_exp </ci>
                  </apply>
                </apply>
              </apply>
            </apply>
          </math>
                  <listOfParameters>
            <parameter id="AK2_kforward_app_exp" metaid="_638778" sboTerm="SBO:0000320" units="per_time" value="3.15"/>
            <parameter id="AK2_kreverse_app_exp" metaid="_638779" sboTerm="SBO:0000321" units="litre_per_umole_per_time" value="0.86"/>
            <parameter id="AK2_Lys_Ki_app_exp" metaid="_638780" sboTerm="SBO:0000363" units="umole_per_litre" value="22"/>
            <parameter id="AK2_nH_exp" metaid="_638783" sboTerm="SBO:0000190" units="dimensionless" value="1.1"/>
          </listOfParameters>
        </kineticLaw>
      </reaction>
      <reaction id="VakI" metaid="metaid_0000044" name="aspartate kinase react. (AKI-HSDHI)" sboTerm="SBO:0000402">
        <annotation>
      <rdf:RDF xmlns:rdf="http://www.w3.org/1999/02/22-rdf-syntax-ns#" xmlns:bqmodel="http://biomodels.net/model-qualifiers/" xmlns:bqbiol="http://biomodels.net/biology-qualifiers/">
            <rdf:Description rdf:about="#metaid_0000044">
              <bqbiol:isVersionOf>
	<rdf:Bag>
	<rdf:li rdf:resource="http://identifiers.org/obo.go/GO:0004072"/>
	</rdf:Bag>
	</bqbiol:isVersionOf>
	
	<bqbiol:is>
	<rdf:Bag>
	<rdf:li rdf:resource="http://identifiers.org/ec-code/2.7.2.4"/>
	<rdf:li rdf:resource="http://identifiers.org/kegg.reaction/R00480"/>
	</rdf:Bag>
	</bqbiol:is>
	</rdf:Description>
	
      </rdf:RDF>
    </annotation>
              <listOfReactants>
          <speciesReference metaid="_693964" species="Asp"/>
        </listOfReactants>
        <listOfProducts>
          <speciesReference metaid="_693976" species="AspP"/>
        </listOfProducts>
        <listOfModifiers>
          <modifierSpeciesReference metaid="_693989" species="AKHSDHI"/>
          <modifierSpeciesReference metaid="_694001" species="Thr"/>
        </listOfModifiers>
        <kineticLaw metaid="_694013">
          <math xmlns="http://www.w3.org/1998/Math/MathML">          
            <apply>
              <times/>
              <ci> c1 </ci>
              <ci> AKHSDHI </ci>
              <apply>
                <divide/>
                <apply>
                  <minus/>
                  <ci> AKI_kforward_app_exp </ci>
                  <apply>
                    <times/>
                    <ci> AKI_kreverse_app_exp </ci>
                    <ci> AspP </ci>
                  </apply>
                </apply>
                <apply>
                  <plus/>
                  <cn> 1 </cn>
                  <apply>
                    <power/>
                    <apply>
                      <divide/>
                      <ci> Thr </ci>
                      <ci> AKI_Thr_Ki_app_exp </ci>
                    </apply>
                    <ci> AKI_nH_exp </ci>
                  </apply>
                </apply>
              </apply>
            </apply>
          </math>
                  <listOfParameters>
            <parameter id="AKI_kforward_app_exp" metaid="_638784" sboTerm="SBO:0000320" units="per_time" value="0.36"/>
            <parameter id="AKI_kreverse_app_exp" metaid="_638785" sboTerm="SBO:0000321" units="litre_per_umole_per_time" value="0.15"/>
            <parameter id="AKI_Thr_Ki_app_exp" metaid="_638786" sboTerm="SBO:0000363" units="umole_per_litre" value="124"/>
            <parameter id="AKI_nH_exp" metaid="_638789" sboTerm="SBO:0000190" units="dimensionless" value="2"/>
          </listOfParameters>
        </kineticLaw>
      </reaction>
      <reaction id="VakII" metaid="metaid_0000045" name="aspartate kinase react. (AKII-HSDHII)" sboTerm="SBO:0000402">
        <annotation>
      <rdf:RDF xmlns:rdf="http://www.w3.org/1999/02/22-rdf-syntax-ns#" xmlns:bqmodel="http://biomodels.net/model-qualifiers/" xmlns:bqbiol="http://biomodels.net/biology-qualifiers/">
            <rdf:Description rdf:about="#metaid_0000045">
              <bqbiol:isVersionOf>
	<rdf:Bag>
	<rdf:li rdf:resource="http://identifiers.org/obo.go/GO:0004072"/>
	</rdf:Bag>
	</bqbiol:isVersionOf>
	
	<bqbiol:is>
	<rdf:Bag>
	<rdf:li rdf:resource="http://identifiers.org/ec-code/2.7.2.4"/>
	<rdf:li rdf:resource="http://identifiers.org/kegg.reaction/R00480"/>
	</rdf:Bag>
	</bqbiol:is>
	</rdf:Description>
	
      </rdf:RDF>
    </annotation>
              <listOfReactants>
          <speciesReference metaid="_694025" species="Asp"/>
        </listOfReactants>
        <listOfProducts>
          <speciesReference metaid="_694037" species="AspP"/>
        </listOfProducts>
        <listOfModifiers>
          <modifierSpeciesReference metaid="_694049" species="AKHSDHII"/>
          <modifierSpeciesReference metaid="_694061" species="Thr"/>
        </listOfModifiers>
        <kineticLaw metaid="_694073">
          <math xmlns="http://www.w3.org/1998/Math/MathML">          
            <apply>
              <times/>
              <ci> c1 </ci>
              <ci> AKHSDHII </ci>
              <apply>
                <divide/>
                <apply>
                  <minus/>
                  <ci> AKII_kforward_app_exp </ci>
                  <apply>
                    <times/>
                    <ci> AKII_kreverse_app_exp </ci>
                    <ci> AspP </ci>
                  </apply>
                </apply>
                <apply>
                  <plus/>
                  <cn> 1 </cn>
                  <apply>
                    <power/>
                    <apply>
                      <divide/>
                      <ci> Thr </ci>
                      <ci> AKII_Thr_Ki_app_exp </ci>
                    </apply>
                    <ci> AKII_nH_exp </ci>
                  </apply>
                </apply>
              </apply>
            </apply>
          </math>
                  <listOfParameters>
            <parameter id="AKII_kforward_app_exp" metaid="_638790" sboTerm="SBO:0000320" units="per_time" value="1.35"/>
            <parameter id="AKII_kreverse_app_exp" metaid="_638791" sboTerm="SBO:0000321" units="litre_per_umole_per_time" value="0.22"/>
            <parameter id="AKII_Thr_Ki_app_exp" metaid="_638792" sboTerm="SBO:0000363" units="umole_per_litre" value="109"/>
            <parameter id="AKII_nH_exp" metaid="_638795" sboTerm="SBO:0000190" units="dimensionless" value="2"/>
          </listOfParameters>
        </kineticLaw>
      </reaction>
      <reaction id="Vasadh" metaid="metaid_0000046" name="Aspartate semialdehyde dehydrogenase react." sboTerm="SBO:0000200">
        <annotation>
      <rdf:RDF xmlns:rdf="http://www.w3.org/1999/02/22-rdf-syntax-ns#" xmlns:bqmodel="http://biomodels.net/model-qualifiers/" xmlns:bqbiol="http://biomodels.net/biology-qualifiers/">
            <rdf:Description rdf:about="#metaid_0000046">
              <bqbiol:isVersionOf>
	<rdf:Bag>
	<rdf:li rdf:resource="http://identifiers.org/obo.go/GO:0004073"/>
	</rdf:Bag>
	</bqbiol:isVersionOf>
	
	<bqbiol:is>
	<rdf:Bag>
	<rdf:li rdf:resource="http://identifiers.org/ec-code/1.2.1.11"/>
	<rdf:li rdf:resource="http://identifiers.org/kegg.reaction/R02291"/>
	</rdf:Bag>
	</bqbiol:is>
	</rdf:Description>
	
      </rdf:RDF>
    </annotation>
              <listOfReactants>
          <speciesReference metaid="_694086" species="AspP"/>
        </listOfReactants>
        <listOfProducts>
          <speciesReference metaid="_694098" species="ASA"/>
        </listOfProducts>
        <listOfModifiers>
          <modifierSpeciesReference metaid="_694110" species="ASADH"/>
        </listOfModifiers>
        <kineticLaw metaid="_694122">
          <math xmlns="http://www.w3.org/1998/Math/MathML">          
            <apply>
              <times/>
              <ci> c1 </ci>
              <ci> ASADH </ci>
              <apply>
                <minus/>
                <apply>
                  <times/>
                  <ci> ASADH_kforward_app_exp </ci>
                  <ci> AspP </ci>
                </apply>
                <apply>
                  <times/>
                  <ci> ASADH_kreverse_app_exp </ci>
                  <ci> ASA </ci>
                </apply>
              </apply>
            </apply>
          </math>
                  <listOfParameters>
            <parameter id="ASADH_kforward_app_exp" metaid="_638796" sboTerm="SBO:0000320" units="litre_per_umole_per_time" value="0.9"/>
            <parameter id="ASADH_kreverse_app_exp" metaid="_638797" sboTerm="SBO:0000321" units="litre_per_umole_per_time" value="0.23"/>
          </listOfParameters>
        </kineticLaw>
      </reaction>
      <reaction id="Vdhdps1" metaid="metaid_0000047" name="DHDPS1 react." reversible="false" sboTerm="SBO:0000205">
        <annotation>
      <rdf:RDF xmlns:rdf="http://www.w3.org/1999/02/22-rdf-syntax-ns#" xmlns:bqmodel="http://biomodels.net/model-qualifiers/" xmlns:bqbiol="http://biomodels.net/biology-qualifiers/">
            <rdf:Description rdf:about="#metaid_0000047">
              <bqbiol:hasVersion>
	<rdf:Bag>
	<rdf:li rdf:resource="http://identifiers.org/ec-code/4.2.1.52"/>
	<rdf:li rdf:resource="http://identifiers.org/ec-code/1.3.1.26"/>
	<rdf:li rdf:resource="http://identifiers.org/ec-code/2.6.1.83"/>
	<rdf:li rdf:resource="http://identifiers.org/ec-code/5.1.1.7"/>
	<rdf:li rdf:resource="http://identifiers.org/ec-code/4.1.1.20"/>
	</rdf:Bag>
	</bqbiol:hasVersion>
	
	<bqbiol:isVersionOf>
	<rdf:Bag>
	<rdf:li rdf:resource="http://identifiers.org/obo.go/GO:0009089"/>
	</rdf:Bag>
	</bqbiol:isVersionOf>
	</rdf:Description>
	
      </rdf:RDF>
    </annotation>
              <listOfReactants>
          <speciesReference metaid="_694134" species="ASA"/>
        </listOfReactants>
        <listOfProducts>
          <speciesReference metaid="_694146" species="Lys"/>
        </listOfProducts>
        <listOfModifiers>
          <modifierSpeciesReference metaid="_694158" species="DHDPS1"/>
          <modifierSpeciesReference metaid="_694170" species="Lys"/>
        </listOfModifiers>
        <kineticLaw metaid="_694182">
          <math xmlns="http://www.w3.org/1998/Math/MathML">          
            <apply>
              <times/>
              <ci> c1 </ci>
              <ci> DHDPS1_k_app_exp </ci>
              <ci> DHDPS1 </ci>
              <ci> ASA </ci>
              <apply>
                <divide/>
                <cn> 1 </cn>
                <apply>
                  <plus/>
                  <cn> 1 </cn>
                  <apply>
                    <power/>
                    <apply>
                      <divide/>
                      <ci> Lys </ci>
                      <ci> DHDPS1_Lys_Ki_app_exp </ci>
                    </apply>
                    <ci> DHDPS1_nH_exp </ci>
                  </apply>
                </apply>
              </apply>
            </apply>
          </math>
                  <listOfParameters>
            <parameter id="DHDPS1_k_app_exp" metaid="_638798" sboTerm="SBO:0000320" units="umole_per_litre" value="1"/>
            <parameter id="DHDPS1_Lys_Ki_app_exp" metaid="_638799" sboTerm="SBO:0000363" units="umole_per_litre" value="10"/>
            <parameter id="DHDPS1_nH_exp" metaid="_638800" sboTerm="SBO:0000190" units="dimensionless" value="2"/>
          </listOfParameters>
        </kineticLaw>
      </reaction>
      <reaction id="Vdhdps2" metaid="metaid_0000048" name="DHDPS2 react." reversible="false" sboTerm="SBO:0000205">
        <annotation>
      <rdf:RDF xmlns:rdf="http://www.w3.org/1999/02/22-rdf-syntax-ns#" xmlns:bqmodel="http://biomodels.net/model-qualifiers/" xmlns:bqbiol="http://biomodels.net/biology-qualifiers/">
            <rdf:Description rdf:about="#metaid_0000048">
              <bqbiol:hasVersion>
	<rdf:Bag>
	<rdf:li rdf:resource="http://identifiers.org/ec-code/4.2.1.52"/>
	<rdf:li rdf:resource="http://identifiers.org/ec-code/1.3.1.26"/>
	<rdf:li rdf:resource="http://identifiers.org/ec-code/2.6.1.83"/>
	<rdf:li rdf:resource="http://identifiers.org/ec-code/5.1.1.7"/>
	<rdf:li rdf:resource="http://identifiers.org/ec-code/4.1.1.20"/>
	</rdf:Bag>
	</bqbiol:hasVersion>
	
	<bqbiol:isVersionOf>
	<rdf:Bag>
	<rdf:li rdf:resource="http://identifiers.org/obo.go/GO:0009089"/>
	</rdf:Bag>
	</bqbiol:isVersionOf>
	</rdf:Description>
	
      </rdf:RDF>
    </annotation>
              <listOfReactants>
          <speciesReference metaid="_694194" species="ASA"/>
        </listOfReactants>
        <listOfProducts>
          <speciesReference metaid="_694206" species="Lys"/>
        </listOfProducts>
        <listOfModifiers>
          <modifierSpeciesReference metaid="_694218" species="DHDPS2"/>
          <modifierSpeciesReference metaid="_694230" species="Lys"/>
        </listOfModifiers>
        <kineticLaw metaid="_694242">
          <math xmlns="http://www.w3.org/1998/Math/MathML">          
            <apply>
              <times/>
              <ci> c1 </ci>
              <ci> DHDPS2_k_app_exp </ci>
              <ci> DHDPS2 </ci>
              <ci> ASA </ci>
              <apply>
                <divide/>
                <cn> 1 </cn>
                <apply>
                  <plus/>
                  <cn> 1 </cn>
                  <apply>
                    <power/>
                    <apply>
                      <divide/>
                      <ci> Lys </ci>
                      <ci> DHDPS2_Lys_Ki_app_exp </ci>
                    </apply>
                    <ci> DHDPS2_nH_exp </ci>
                  </apply>
                </apply>
              </apply>
            </apply>
          </math>
                  <listOfParameters>
            <parameter id="DHDPS2_k_app_exp" metaid="_638801" sboTerm="SBO:0000320" units="umole_per_litre" value="1"/>
            <parameter id="DHDPS2_Lys_Ki_app_exp" metaid="_638802" sboTerm="SBO:0000363" units="umole_per_litre" value="33"/>
            <parameter id="DHDPS2_nH_exp" metaid="_638803" sboTerm="SBO:0000190" units="dimensionless" value="2"/>
          </listOfParameters>
        </kineticLaw>
      </reaction>
      <reaction id="Vhsdh1" metaid="metaid_0000049" name="homoserine dehydrogenase react. (AKI-HSDHI)" sboTerm="SBO:0000200">
        <annotation>
      <rdf:RDF xmlns:rdf="http://www.w3.org/1999/02/22-rdf-syntax-ns#" xmlns:bqmodel="http://biomodels.net/model-qualifiers/" xmlns:bqbiol="http://biomodels.net/biology-qualifiers/">
            <rdf:Description rdf:about="#metaid_0000049">
              <bqbiol:isVersionOf>
	<rdf:Bag>
	<rdf:li rdf:resource="http://identifiers.org/obo.go/GO:0004412"/>
	</rdf:Bag>
	</bqbiol:isVersionOf>
	
	<bqbiol:is>
	<rdf:Bag>
	<rdf:li rdf:resource="http://identifiers.org/ec-code/1.1.1.3"/>
	<rdf:li rdf:resource="http://identifiers.org/kegg.reaction/R01775"/>
	</rdf:Bag>
	</bqbiol:is>
	</rdf:Description>
	
      </rdf:RDF>
    </annotation>
              <listOfReactants>
          <speciesReference metaid="_694254" species="ASA"/>
        </listOfReactants>
        <listOfProducts>
          <speciesReference metaid="_694266" species="Hser"/>
        </listOfProducts>
        <listOfModifiers>
          <modifierSpeciesReference metaid="_694278" species="AKHSDHI"/>
          <modifierSpeciesReference metaid="_694290" species="Thr"/>
        </listOfModifiers>
        <kineticLaw metaid="_694302">
          <math xmlns="http://www.w3.org/1998/Math/MathML">          
            <apply>
              <times/>
              <ci> c1 </ci>
              <ci> HSDHI_kforward_app_exp </ci>
              <ci> AKHSDHI </ci>
              <ci> ASA </ci>
              <apply>
                <plus/>
                <ci> HSDHI_Thr_relative_residual_activity_app_exp </ci>
                <apply>
                  <divide/>
                  <ci> HSDHI_Thr_relative_inhibition_app_exp </ci>
                  <apply>
                    <plus/>
                    <cn> 1 </cn>
                    <apply>
                      <divide/>
                      <ci> Thr </ci>
                      <ci> HSDHI_Thr_Ki_app_exp </ci>
                    </apply>
                  </apply>
                </apply>
              </apply>
            </apply>
          </math>
                  <listOfParameters>
            <parameter id="HSDHI_kforward_app_exp" metaid="_638805" units="litre_per_umole_per_time" value="0.84"/>
            <parameter id="HSDHI_Thr_relative_residual_activity_app_exp" metaid="_638808" units="dimensionless" value="0.14"/>
            <parameter id="HSDHI_Thr_relative_inhibition_app_exp" metaid="_638811" units="dimensionless" value="0.86"/>
            <parameter id="HSDHI_Thr_Ki_app_exp" metaid="_638814" units="umole_per_litre" value="400"/>
          </listOfParameters>
        </kineticLaw>
      </reaction>
      <reaction id="Vhsdh2" metaid="metaid_0000050" name="homoserine dehydrogenase react. (AKII-HSDHII)" sboTerm="SBO:0000200">
        <annotation>
      <rdf:RDF xmlns:rdf="http://www.w3.org/1999/02/22-rdf-syntax-ns#" xmlns:bqmodel="http://biomodels.net/model-qualifiers/" xmlns:bqbiol="http://biomodels.net/biology-qualifiers/">
            <rdf:Description rdf:about="#metaid_0000050">
              <bqbiol:isVersionOf>
	<rdf:Bag>
	<rdf:li rdf:resource="http://identifiers.org/obo.go/GO:0004412"/>
	</rdf:Bag>
	</bqbiol:isVersionOf>
	
	<bqbiol:is>
	<rdf:Bag>
	<rdf:li rdf:resource="http://identifiers.org/ec-code/1.1.1.3"/>
	<rdf:li rdf:resource="http://identifiers.org/kegg.reaction/R01775"/>
	</rdf:Bag>
	</bqbiol:is>
	</rdf:Description>
	
      </rdf:RDF>
    </annotation>
              <listOfReactants>
          <speciesReference metaid="_694314" species="ASA"/>
        </listOfReactants>
        <listOfProducts>
          <speciesReference metaid="_694326" species="Hser"/>
        </listOfProducts>
        <listOfModifiers>
          <modifierSpeciesReference metaid="_694338" species="AKHSDHII"/>
          <modifierSpeciesReference metaid="_694350" species="Thr"/>
        </listOfModifiers>
        <kineticLaw metaid="_694363">
          <math xmlns="http://www.w3.org/1998/Math/MathML">          
            <apply>
              <times/>
              <ci> c1 </ci>
              <ci> HSDHII_kforward_app_exp </ci>
              <ci> AKHSDHII </ci>
              <ci> ASA </ci>
              <apply>
                <plus/>
                <ci> HSDHII_Thr_relative_residual_activity_app_exp </ci>
                <apply>
                  <divide/>
                  <ci> HSDHII_Thr_relative_inhibition_app_exp </ci>
                  <apply>
                    <plus/>
                    <cn> 1 </cn>
                    <apply>
                      <divide/>
                      <ci> Thr </ci>
                      <ci> HSDHII_Thr_Ki_app_exp </ci>
                    </apply>
                  </apply>
                </apply>
              </apply>
            </apply>
          </math>
                  <listOfParameters>
            <parameter id="HSDHII_kforward_app_exp" metaid="_638815" units="litre_per_umole_per_time" value="0.64"/>
            <parameter id="HSDHII_Thr_relative_residual_activity_app_exp" metaid="_638816" units="dimensionless" value="0.25"/>
            <parameter id="HSDHII_Thr_relative_inhibition_app_exp" metaid="_638817" units="dimensionless" value="0.75"/>
            <parameter id="HSDHII_Thr_Ki_app_exp" metaid="_638820" units="umole_per_litre" value="8500"/>
          </listOfParameters>
        </kineticLaw>
      </reaction>
      <reaction id="Vhsk" metaid="metaid_0000051" name="homoserine kinase react." reversible="false" sboTerm="SBO:0000402">
        <annotation>
      <rdf:RDF xmlns:rdf="http://www.w3.org/1999/02/22-rdf-syntax-ns#" xmlns:bqmodel="http://biomodels.net/model-qualifiers/" xmlns:bqbiol="http://biomodels.net/biology-qualifiers/">
            <rdf:Description rdf:about="#metaid_0000051">
              <bqbiol:isVersionOf>
	<rdf:Bag>
	<rdf:li rdf:resource="http://identifiers.org/obo.go/GO:0004413"/>
	</rdf:Bag>
	</bqbiol:isVersionOf>
	
	<bqbiol:is>
	<rdf:Bag>
	<rdf:li rdf:resource="http://identifiers.org/ec-code/2.7.1.39"/>
	<rdf:li rdf:resource="http://identifiers.org/kegg.reaction/R01771"/>
	</rdf:Bag>
	</bqbiol:is>
	</rdf:Description>
	
      </rdf:RDF>
    </annotation>
              <listOfReactants>
          <speciesReference metaid="_694375" species="Hser"/>
        </listOfReactants>
        <listOfProducts>
          <speciesReference metaid="_694387" species="PHser"/>
        </listOfProducts>
        <listOfModifiers>
          <modifierSpeciesReference metaid="_694399" species="HSK"/>
        </listOfModifiers>
        <kineticLaw metaid="_694411">
          <math xmlns="http://www.w3.org/1998/Math/MathML">          
            <apply>
              <divide/>
              <apply>
                <times/>
                <ci> c1 </ci>
                <ci> HSK_kcat_app_exp </ci>
                <ci> HSK </ci>
                <ci> Hser </ci>
              </apply>
              <apply>
                <plus/>
                <ci> HSK_Hser_app_exp </ci>
                <ci> Hser </ci>
              </apply>
            </apply>
          </math>
                  <listOfParameters>
            <parameter id="HSK_kcat_app_exp" metaid="_638821" units="per_time" value="2.8"/>
            <parameter id="HSK_Hser_app_exp" metaid="_638822" units="umole_per_litre" value="14"/>
          </listOfParameters>
        </kineticLaw>
      </reaction>
      <reaction id="Vts1" metaid="metaid_0000052" name="Threonine synthase react. (TS1)" reversible="false" sboTerm="SBO:0000376">
        <annotation>
      <rdf:RDF xmlns:rdf="http://www.w3.org/1999/02/22-rdf-syntax-ns#" xmlns:bqmodel="http://biomodels.net/model-qualifiers/" xmlns:bqbiol="http://biomodels.net/biology-qualifiers/">
            <rdf:Description rdf:about="#metaid_0000052">
              <bqbiol:isVersionOf>
	<rdf:Bag>
	<rdf:li rdf:resource="http://identifiers.org/obo.go/GO:0004795"/>
	</rdf:Bag>
	</bqbiol:isVersionOf>
	
	<bqbiol:is>
	<rdf:Bag>
	<rdf:li rdf:resource="http://identifiers.org/ec-code/4.2.3.1"/>
	<rdf:li rdf:resource="http://identifiers.org/kegg.reaction/R01466"/>
	</rdf:Bag>
	</bqbiol:is>
	</rdf:Description>
	
      </rdf:RDF>
    </annotation>
              <listOfReactants>
          <speciesReference metaid="_694423" species="PHser"/>
        </listOfReactants>
        <listOfProducts>
          <speciesReference metaid="_694435" species="Thr"/>
        </listOfProducts>
        <listOfModifiers>
          <modifierSpeciesReference metaid="_694447" species="TS1"/>
          <modifierSpeciesReference metaid="_694459" species="Phosphate"/>
          <modifierSpeciesReference metaid="_694471" species="AdoMet"/>
        </listOfModifiers>
        <kineticLaw metaid="_694483">
          <math xmlns="http://www.w3.org/1998/Math/MathML">          
            <apply>
              <times/>
              <ci> c1 </ci>
              <ci> TS1 </ci>
              <ci> PHser </ci>
              <apply>
                <divide/>
                <apply>
                  <divide/>
                  <apply>
                    <plus/>
                    <ci> TS1_kcatmin_exp </ci>
                    <apply>
                      <times/>
                      <ci> TS1_AdoMet_kcatmax_exp </ci>
                      <apply>
                        <divide/>
                        <apply>
                          <power/>
                          <ci> AdoMet </ci>
                          <ci> TS1_nH_exp </ci>
                        </apply>
                        <ci> TS1_AdoMet_Ka1_exp </ci>
                      </apply>
                    </apply>
                  </apply>
                  <apply>
                    <plus/>
                    <cn> 1 </cn>
                    <apply>
                      <divide/>
                      <apply>
                        <power/>
                        <ci> AdoMet </ci>
                        <ci> TS1_nH_exp </ci>
                      </apply>
                      <ci> TS1_AdoMet_Ka1_exp </ci>
                    </apply>
                  </apply>
                </apply>
                <apply>
                  <plus/>
                  <apply>
                    <times/>
                    <ci> TS1_AdoMEt_Km_no_AdoMet_exp </ci>
                    <apply>
                      <divide/>
                      <apply>
                        <divide/>
                        <apply>
                          <plus/>
                          <cn> 1 </cn>
                          <apply>
                            <divide/>
                            <ci> AdoMet </ci>
                            <ci> TS1_AdoMet_Ka2_exp </ci>
                          </apply>
                        </apply>
                        <apply>
                          <plus/>
                          <cn> 1 </cn>
                          <apply>
                            <divide/>
                            <ci> AdoMet </ci>
                            <ci> TS1_AdoMet_Ka3_exp </ci>
                          </apply>
                        </apply>
                      </apply>
                      <apply>
                        <plus/>
                        <cn> 1 </cn>
                        <apply>
                          <divide/>
                          <apply>
                            <power/>
                            <ci> AdoMet </ci>
                            <ci> TS1_nH_exp </ci>
                          </apply>
                          <ci> TS1_AdoMet_Ka4_exp </ci>
                        </apply>
                      </apply>
                    </apply>
                    <apply>
                      <plus/>
                      <cn> 1 </cn>
                      <apply>
                        <divide/>
                        <ci> Phosphate </ci>
                        <ci> TS1_Phosphate_Ki_exp </ci>
                      </apply>
                    </apply>
                  </apply>
                  <ci> PHser </ci>
                </apply>
              </apply>
            </apply>
          </math>
                  <listOfParameters>
            <parameter id="TS1_kcatmin_exp" metaid="_638823" units="dimensionless" value="0.42"/>
            <parameter id="TS1_AdoMet_kcatmax_exp" metaid="_638824" units="dimensionless" value="3.5"/>
            <parameter id="TS1_AdoMet_Ka1_exp" metaid="_638825" units="umole2_per_litre2" value="73"/>
            <parameter id="TS1_nH_exp" metaid="_638826" units="dimensionless" value="2"/>
            <parameter id="TS1_Phosphate_Ki_exp" metaid="_638827" units="umole_per_litre" value="1000"/>
            <parameter id="TS1_AdoMEt_Km_no_AdoMet_exp" metaid="_638830" units="dimensionless" value="250"/>
            <parameter id="TS1_AdoMet_Ka2_exp" metaid="_638833" units="dimensionless" value="0.5"/>
            <parameter id="TS1_AdoMet_Ka3_exp" metaid="_638836" units="dimensionless" value="1.09"/>
            <parameter id="TS1_AdoMet_Ka4_exp" metaid="_638839" units="umole2_per_litre2" value="140"/>
          </listOfParameters>
        </kineticLaw>
      </reaction>
      <reaction id="Vcgs" metaid="metaid_0000053" name="Cystathionine gamma synthase react." reversible="false" sboTerm="SBO:0000402">
        <annotation>
      <rdf:RDF xmlns:rdf="http://www.w3.org/1999/02/22-rdf-syntax-ns#" xmlns:bqmodel="http://biomodels.net/model-qualifiers/" xmlns:bqbiol="http://biomodels.net/biology-qualifiers/">
            <rdf:Description rdf:about="#metaid_0000053">
	<bqbiol:isVersionOf>
	<rdf:Bag>
	<rdf:li rdf:resource="http://identifiers.org/ec-code/2.5.1.48"/>
	<rdf:li rdf:resource="http://identifiers.org/kegg.reaction/R03260"/>
	</rdf:Bag>
	</bqbiol:isVersionOf>
	</rdf:Description>
	
      </rdf:RDF>
    </annotation>
              <listOfReactants>
          <speciesReference metaid="_694495" species="PHser"/>
        </listOfReactants>
        <listOfProducts>
          <speciesReference metaid="_694507" species="Cysta"/>
        </listOfProducts>
        <listOfModifiers>
          <modifierSpeciesReference metaid="_694519" species="CGS"/>
          <modifierSpeciesReference metaid="_694531" species="Cys"/>
          <modifierSpeciesReference metaid="_694543" species="Phosphate"/>
        </listOfModifiers>
        <kineticLaw metaid="_694555">
          <math xmlns="http://www.w3.org/1998/Math/MathML">          
            <apply>
              <times/>
              <ci> c1 </ci>
              <ci> CGS </ci>
              <ci> PHser </ci>
              <apply>
                <divide/>
                <apply>
                  <divide/>
                  <ci> CGS_kcat_exp </ci>
                  <apply>
                    <plus/>
                    <cn> 1 </cn>
                    <apply>
                      <divide/>
                      <ci> CGS_Cys_Km_exp </ci>
                      <ci> Cys </ci>
                    </apply>
                  </apply>
                </apply>
                <apply>
                  <plus/>
                  <apply>
                    <times/>
                    <apply>
                      <divide/>
                      <ci> CGS_Phser_Km_exp </ci>
                      <apply>
                        <plus/>
                        <cn> 1 </cn>
                        <apply>
                          <divide/>
                          <ci> CGS_Cys_Km_exp </ci>
                          <ci> Cys </ci>
                        </apply>
                      </apply>
                    </apply>
                    <apply>
                      <plus/>
                      <cn> 1 </cn>
                      <apply>
                        <divide/>
                        <ci> Phosphate </ci>
                        <ci> CGS_Phosphate_Ki_exp </ci>
                      </apply>
                    </apply>
                  </apply>
                  <ci> PHser </ci>
                </apply>
              </apply>
            </apply>
          </math>
                  <listOfParameters>
            <parameter id="CGS_kcat_exp" metaid="_638840" units="dimensionless" value="30"/>
            <parameter id="CGS_Cys_Km_exp" metaid="_638841" units="dimensionless" value="460"/>
            <parameter id="CGS_Phser_Km_exp" metaid="_638842" units="dimensionless" value="2500"/>
            <parameter id="CGS_Phosphate_Ki_exp" metaid="_638845" units="dimensionless" value="2000"/>
          </listOfParameters>
        </kineticLaw>
      </reaction>
      <reaction id="Vtd" metaid="metaid_0000054" name="Threonine deaminase react." reversible="false" sboTerm="SBO:0000205">
        <annotation>
      <rdf:RDF xmlns:rdf="http://www.w3.org/1999/02/22-rdf-syntax-ns#" xmlns:bqmodel="http://biomodels.net/model-qualifiers/" xmlns:bqbiol="http://biomodels.net/biology-qualifiers/">
            <rdf:Description rdf:about="#metaid_0000054">
              <bqbiol:hasVersion>
	<rdf:Bag>
	<rdf:li rdf:resource="http://identifiers.org/ec-code/2.6.1.42"/>
	<rdf:li rdf:resource="http://identifiers.org/ec-code/4.2.1.9"/>
	<rdf:li rdf:resource="http://identifiers.org/ec-code/4.3.1.19"/>
	<rdf:li rdf:resource="http://identifiers.org/ec-code/1.1.1.86"/>
	<rdf:li rdf:resource="http://identifiers.org/ec-code/2.2.1.6"/>
	</rdf:Bag>
	</bqbiol:hasVersion>
	
	<bqbiol:isVersionOf>
	<rdf:Bag>
	<rdf:li rdf:resource="http://identifiers.org/obo.go/GO:0009097"/>
	</rdf:Bag>
	</bqbiol:isVersionOf>
	</rdf:Description>
	
      </rdf:RDF>
    </annotation>
              <listOfReactants>
          <speciesReference metaid="_694567" species="Thr"/>
        </listOfReactants>
        <listOfProducts>
          <speciesReference metaid="_694579" species="Ile"/>
        </listOfProducts>
        <listOfModifiers>
          <modifierSpeciesReference metaid="_694591" species="TD"/>
          <modifierSpeciesReference metaid="_694603" species="Val"/>
          <modifierSpeciesReference metaid="_694615" species="Ile"/>
        </listOfModifiers>
        <kineticLaw metaid="_694627">
          <math xmlns="http://www.w3.org/1998/Math/MathML">          
            <apply>
              <times/>
              <ci> c1 </ci>
              <ci> TD </ci>
              <ci> Thr </ci>
              <apply>
                <divide/>
                <ci> TD_k_app_exp </ci>
                <apply>
                  <plus/>
                  <cn> 1 </cn>
                  <apply>
                    <power/>
                    <apply>
                      <divide/>
                      <ci> Ile </ci>
                      <apply>
                        <plus/>
                        <ci> TD_Ile_Ki_no_Val_app_exp </ci>
                        <apply>
                          <divide/>
                          <apply>
                            <times/>
                            <ci> TD_Val_Ka1_app_exp </ci>
                            <ci> Val </ci>
                          </apply>
                          <apply>
                            <plus/>
                            <ci> TD_Val_Ka2_app_exp </ci>
                            <ci> Val </ci>
                          </apply>
                        </apply>
                      </apply>
                    </apply>
                    <ci> TD_nH_app_exp </ci>
                  </apply>
                </apply>
              </apply>
            </apply>
          </math>
                  <listOfParameters>
            <parameter id="TD_k_app_exp" metaid="_638846" units="dimensionless" value="0.0124"/>
            <parameter id="TD_Ile_Ki_no_Val_app_exp" metaid="_638847" units="dimensionless" value="30"/>
            <parameter id="TD_Val_Ka1_app_exp" metaid="_638848" units="dimensionless" value="73"/>
            <parameter id="TD_Val_Ka2_app_exp" metaid="_638849" units="umole_per_litre" value="615"/>
            <parameter id="TD_nH_app_exp" metaid="_638852" units="dimensionless" value="3"/>
          </listOfParameters>
        </kineticLaw>
      </reaction>
      <reaction id="VlysTRNA" metaid="metaid_0000055" name="Lys aminoacyl tRNA synthetase react." reversible="false" sboTerm="SBO:0000176">
        <annotation>
      <rdf:RDF xmlns:rdf="http://www.w3.org/1999/02/22-rdf-syntax-ns#" xmlns:bqmodel="http://biomodels.net/model-qualifiers/" xmlns:bqbiol="http://biomodels.net/biology-qualifiers/">
            <rdf:Description rdf:about="#metaid_0000055">
              <bqbiol:isVersionOf>
	<rdf:Bag>
	<rdf:li rdf:resource="http://identifiers.org/obo.go/GO:0004824"/>
	<rdf:li rdf:resource="http://identifiers.org/obo.go/GO:0006430"/>
	</rdf:Bag>
	</bqbiol:isVersionOf>
	
	<bqbiol:is>
	<rdf:Bag>
	<rdf:li rdf:resource="http://identifiers.org/ec-code/6.1.1.6"/>
	<rdf:li rdf:resource="http://identifiers.org/kegg.reaction/R03658"/>
	</rdf:Bag>
	</bqbiol:is>
	</rdf:Description>
	
      </rdf:RDF>
    </annotation>
              <listOfReactants>
          <speciesReference metaid="_694639" species="Lys"/>
        </listOfReactants>
        <listOfProducts>
          <speciesReference metaid="_694651" species="LysTRNA"/>
        </listOfProducts>
        <kineticLaw metaid="_694663">
          <math xmlns="http://www.w3.org/1998/Math/MathML">          
            <apply>
              <divide/>
              <apply>
                <times/>
                <ci> c1 </ci>
                <ci> V_Lys_RS </ci>
                <ci> Lys </ci>
              </apply>
              <apply>
                <plus/>
                <ci> Lys_tRNAS_Lys_Km </ci>
                <ci> Lys </ci>
              </apply>
            </apply>
          </math>
                  <listOfParameters>
            <parameter id="Lys_tRNAS_Lys_Km" metaid="_638854" units="umole_per_litre" value="25"/>
          </listOfParameters>
        </kineticLaw>
      </reaction>
      <reaction id="VthrTRNA" metaid="metaid_0000056" name="Thr aminoacyl tRNA synthetase react." reversible="false" sboTerm="SBO:0000176">
        <annotation>
      <rdf:RDF xmlns:rdf="http://www.w3.org/1999/02/22-rdf-syntax-ns#" xmlns:bqmodel="http://biomodels.net/model-qualifiers/" xmlns:bqbiol="http://biomodels.net/biology-qualifiers/">
            <rdf:Description rdf:about="#metaid_0000056">
              <bqbiol:is>
	<rdf:Bag>
	<rdf:li rdf:resource="http://identifiers.org/ec-code/6.1.1.3"/>
	<rdf:li rdf:resource="http://identifiers.org/kegg.reaction/R03663"/>
	</rdf:Bag>
	</bqbiol:is>
	
	<bqbiol:isVersionOf>
	<rdf:Bag>
	<rdf:li rdf:resource="http://identifiers.org/obo.go/GO:0006435"/>
	<rdf:li rdf:resource="http://identifiers.org/obo.go/GO:0004812"/>
	</rdf:Bag>
	</bqbiol:isVersionOf>
	</rdf:Description>
	
      </rdf:RDF>
    </annotation>
              <listOfReactants>
          <speciesReference metaid="_694675" species="Thr"/>
        </listOfReactants>
        <listOfProducts>
          <speciesReference metaid="_694687" species="ThrTRNA"/>
        </listOfProducts>
        <kineticLaw metaid="_694699">
          <math xmlns="http://www.w3.org/1998/Math/MathML">          
            <apply>
              <divide/>
              <apply>
                <times/>
                <ci> c1 </ci>
                <ci> V_Thr_RS </ci>
                <ci> Thr </ci>
              </apply>
              <apply>
                <plus/>
                <ci> Thr_tRNAS_Thr_Km </ci>
                <ci> Thr </ci>
              </apply>
            </apply>
          </math>
                  <listOfParameters>
            <parameter id="Thr_tRNAS_Thr_Km" metaid="_638856" units="umole_per_litre" value="100"/>
          </listOfParameters>
        </kineticLaw>
      </reaction>
      <reaction id="VileTRNA" metaid="metaid_0000057" name="Ile aminoacyl tRNA synthetase react." reversible="false" sboTerm="SBO:0000176">
        <annotation>
      <rdf:RDF xmlns:rdf="http://www.w3.org/1999/02/22-rdf-syntax-ns#" xmlns:bqmodel="http://biomodels.net/model-qualifiers/" xmlns:bqbiol="http://biomodels.net/biology-qualifiers/">
            <rdf:Description rdf:about="#metaid_0000057">
              <bqbiol:is>
	<rdf:Bag>
	<rdf:li rdf:resource="http://identifiers.org/ec-code/6.1.1.5"/>
	<rdf:li rdf:resource="http://identifiers.org/kegg.reaction/R03656"/>
	</rdf:Bag>
	</bqbiol:is>
	
	<bqbiol:isVersionOf>
	<rdf:Bag>
	<rdf:li rdf:resource="http://identifiers.org/obo.go/GO:0006428"/>
	</rdf:Bag>
	</bqbiol:isVersionOf>
	</rdf:Description>
	
      </rdf:RDF>
    </annotation>
              <listOfReactants>
          <speciesReference metaid="_694711" species="Ile"/>
        </listOfReactants>
        <listOfProducts>
          <speciesReference metaid="_694724" species="IleTRNA"/>
        </listOfProducts>
        <kineticLaw metaid="_694736">
          <math xmlns="http://www.w3.org/1998/Math/MathML">          
            <apply>
              <divide/>
              <apply>
                <times/>
                <ci> c1 </ci>
                <ci> V_Ile_RS </ci>
                <ci> Ile </ci>
              </apply>
              <apply>
                <plus/>
                <ci> Ile_tRNAS_Ile_Km </ci>
                <ci> Ile </ci>
              </apply>
            </apply>
          </math>
                  <listOfParameters>
            <parameter id="Ile_tRNAS_Ile_Km" metaid="_638859" units="umole_per_litre" value="20"/>
          </listOfParameters>
        </kineticLaw>
      </reaction>
      <reaction id="VlysKR" metaid="metaid_0000058" name="Lys ketoglutarate reductase react." reversible="false" sboTerm="SBO:0000176">
        <annotation>
      <rdf:RDF xmlns:rdf="http://www.w3.org/1999/02/22-rdf-syntax-ns#" xmlns:bqmodel="http://biomodels.net/model-qualifiers/" xmlns:bqbiol="http://biomodels.net/biology-qualifiers/">
            <rdf:Description rdf:about="#metaid_0000058">
              <bqbiol:is>
	<rdf:Bag>
	<rdf:li rdf:resource="http://identifiers.org/ec-code/1.5.1.8"/>
	<rdf:li rdf:resource="http://identifiers.org/kegg.reaction/R00716"/>
	</rdf:Bag>
	</bqbiol:is>
	
	<bqbiol:isVersionOf>
	<rdf:Bag>
	<rdf:li rdf:resource="http://identifiers.org/obo.go/GO:0047130"/>
	</rdf:Bag>
	</bqbiol:isVersionOf>
	</rdf:Description>
	
      </rdf:RDF>
    </annotation>
              <listOfReactants>
          <speciesReference metaid="_694748" species="Lys"/>
        </listOfReactants>
        <listOfProducts>
          <speciesReference metaid="_694760" species="Sacc"/>
        </listOfProducts>
        <listOfModifiers>
          <modifierSpeciesReference metaid="_694772" species="LKR"/>
        </listOfModifiers>
        <kineticLaw metaid="_694784">
          <math xmlns="http://www.w3.org/1998/Math/MathML">          
            <apply>
              <divide/>
              <apply>
                <times/>
                <ci> c1 </ci>
                <ci> LKR_kcat_exp </ci>
                <ci> LKR </ci>
                <ci> Lys </ci>
              </apply>
              <apply>
                <plus/>
                <ci> LKR_Lys_Km_exp </ci>
                <ci> Lys </ci>
              </apply>
            </apply>
          </math>
                  <listOfParameters>
            <parameter id="LKR_kcat_exp" metaid="_638860" units="per_time" value="3.1"/>
            <parameter id="LKR_Lys_Km_exp" metaid="_638861" units="umole_per_litre" value="13000"/>
          </listOfParameters>
        </kineticLaw>
      </reaction>
      <reaction id="Vtha" metaid="metaid_0000059" name="Thr aldolase react." reversible="false" sboTerm="SBO:0000178">
        <annotation>
      <rdf:RDF xmlns:rdf="http://www.w3.org/1999/02/22-rdf-syntax-ns#" xmlns:bqmodel="http://biomodels.net/model-qualifiers/" xmlns:bqbiol="http://biomodels.net/biology-qualifiers/">
            <rdf:Description rdf:about="#metaid_0000059">
              <bqbiol:is>
	<rdf:Bag>
	<rdf:li rdf:resource="http://identifiers.org/ec-code/4.1.2.5"/>
	<rdf:li rdf:resource="http://identifiers.org/kegg.reaction/R00751"/>
	</rdf:Bag>
	</bqbiol:is>
	
	<bqbiol:isVersionOf>
	<rdf:Bag>
	<rdf:li rdf:resource="http://identifiers.org/obo.go/GO:0004793"/>
	</rdf:Bag>
	</bqbiol:isVersionOf>
	</rdf:Description>
	
      </rdf:RDF>
    </annotation>
              <listOfReactants>
          <speciesReference metaid="_694796" species="Thr"/>
        </listOfReactants>
        <listOfProducts>
          <speciesReference metaid="_694808" species="Gly"/>
        </listOfProducts>
        <listOfModifiers>
          <modifierSpeciesReference metaid="_694820" species="THA"/>
        </listOfModifiers>
        <kineticLaw metaid="_694832">
          <math xmlns="http://www.w3.org/1998/Math/MathML">          
            <apply>
              <divide/>
              <apply>
                <times/>
                <ci> c1 </ci>
                <ci> THA_kcat_exp </ci>
                <ci> THA </ci>
                <ci> Thr </ci>
              </apply>
              <apply>
                <plus/>
                <ci> THA_Thr_Km_exp </ci>
                <ci> Thr </ci>
              </apply>
            </apply>
          </math>
                  <listOfParameters>
            <parameter id="THA_kcat_exp" metaid="_638862" units="per_time" value="1.7"/>
            <parameter id="THA_Thr_Km_exp" metaid="_638863" units="umole_per_litre" value="7100"/>
          </listOfParameters>
        </kineticLaw>
      </reaction>
    </listOfReactions>
  </model>
</sbml>