<?xml version='1.0' encoding='UTF-8' standalone='no'?>
<sbml xmlns="http://www.sbml.org/sbml/level2/version4" level="2" metaid="metaid_0000001" version="4">
  <model id="Model_1" metaid="COPASI1" name="Arnold2011_Farquhar1980_RuBisCO-CalvinCycle">
    <notes>
      <body xmlns="http://www.w3.org/1999/xhtml">
        <p>This model is from the article:      <br/>
                <strong>A quantitative comparison of Calvin–Benson cycle models</strong>
                <br/>
          Anne Arnold, Zoran Nikoloski      <em>Trends in Plant Science</em>
          2011 Oct 14.      <a href="http://www.ncbi.nlm.nih.gov/pubmed/22001849">22001849</a>
          ,      <br/>
                <strong>Abstract:</strong>
                <br/>
          The Calvin-Benson cycle (CBC) provides the precursors for biomass synthesis necessary for plant growth. The dynamic behavior and yield of the CBC depend on the environmental conditions and regulation of the cellular state. Accurate quantitative models hold the promise of identifying the key determinants of the tightly regulated CBC function and their effects on the responses in future climates. We provide an integrative analysis of the largest compendium of existing models for photosynthetic processes. Based on the proposed ranking, our framework facilitates the discovery of best-performing models with regard to metabolomics data and of candidates for metabolic engineering.      </p>
            <p>      <b>Note:</b>
          Model of the Calvin cycle with focus on the RuBisCO reaction by Farquhar et al. (1980,      <a href="http://dx.doi.org/10.1007/BF00386231">DOI:10.1007/BF00386231</a>
          ).      </p>
        The initial metabolite values are chosen from the data set of Zhu et al. (2007,    <a href="http://dx.doi.org/10.1104/pp.107.103713">DOI:10.1104/pp.107.103713</a>
        ). A detailed description of all modifications is given in the model described by Arnold and Nikoloski (2011,    <a href="http://www.ncbi.nlm.nih.gov/pubmed/22001849">PMID:22001849</a>
        .    </body>
      
    </notes>
    <annotation>
      <rdf:RDF xmlns:rdf="http://www.w3.org/1999/02/22-rdf-syntax-ns#" xmlns:bqmodel="http://biomodels.net/model-qualifiers/" xmlns:vCard="http://www.w3.org/2001/vcard-rdf/3.0#" xmlns:dc="http://purl.org/dc/elements/1.1/" xmlns:dcterms="http://purl.org/dc/terms/" xmlns:bqbiol="http://biomodels.net/biology-qualifiers/">
        <rdf:Description rdf:about="#COPASI1">
	<dc:creator>
	<rdf:Bag>
	<rdf:li rdf:parseType="Resource">
	<vCard:N rdf:parseType="Resource">
	<vCard:Family>Chelliah</vCard:Family>
	<vCard:Given>Vijayalakshmi</vCard:Given>
	</vCard:N>
	<vCard:EMAIL>viji@ebi.ac.uk</vCard:EMAIL>
	<vCard:ORG rdf:parseType="Resource">
	<vCard:Orgname>EMBL-EBI</vCard:Orgname>
	</vCard:ORG>
	</rdf:li>
	
	<rdf:li rdf:parseType="Resource">
	<vCard:N rdf:parseType="Resource">
	<vCard:Family>Nikoloski</vCard:Family>
	<vCard:Given>Zoran</vCard:Given>
	</vCard:N>
	<vCard:EMAIL>nikoloski@mpimp-golm.mpg.de</vCard:EMAIL>
	<vCard:ORG rdf:parseType="Resource">
	<vCard:Orgname>Institute  of Biochemistry and Biology, University of Potsdam, 14476 Potsdam, Germany</vCard:Orgname>
	</vCard:ORG>
	</rdf:li>
	<rdf:li rdf:parseType="Resource">
	<vCard:N rdf:parseType="Resource">
	<vCard:Family>Arnold</vCard:Family>
	<vCard:Given>Anne</vCard:Given>
	</vCard:N>
	<vCard:EMAIL>arnold@mpimp-golm.mpg.de</vCard:EMAIL>
	<vCard:ORG rdf:parseType="Resource">
	<vCard:Orgname>Max-Planck-Institute of Molecular Plant Physiology</vCard:Orgname>
	</vCard:ORG>
	</rdf:li>
	</rdf:Bag>
	</dc:creator>
	<dcterms:created rdf:parseType="Resource">
	<dcterms:W3CDTF>2011-10-19T14:49:55Z</dcterms:W3CDTF>
	</dcterms:created>
	<dcterms:modified rdf:parseType="Resource">
	<dcterms:W3CDTF>2012-04-20T19:53:17Z</dcterms:W3CDTF>
	</dcterms:modified>
	<bqmodel:is>
	<rdf:Bag>
	<rdf:li rdf:resource="http://identifiers.org/biomodels.db/MODEL1109210000"/>
	</rdf:Bag>
	</bqmodel:is>
	<bqmodel:is>
	<rdf:Bag>
	<rdf:li rdf:resource="http://identifiers.org/biomodels.db/BIOMD0000000383"/>
	</rdf:Bag>
	</bqmodel:is>
	<bqmodel:isDescribedBy>
	<rdf:Bag>
	<rdf:li rdf:resource="http://identifiers.org/pubmed/22001849"/>
	</rdf:Bag>
	</bqmodel:isDescribedBy>
	<bqbiol:encodes>
	<rdf:Bag>
	<rdf:li rdf:resource="http://identifiers.org/obo.go/GO:0019253"/>
	</rdf:Bag>
	</bqbiol:encodes>
	<bqbiol:hasTaxon>
	<rdf:Bag>
	<rdf:li rdf:resource="http://identifiers.org/taxonomy/33090"/>
	</rdf:Bag>
	</bqbiol:hasTaxon>
	</rdf:Description>
	
      </rdf:RDF>
    </annotation>
      <listOfFunctionDefinitions>
      <functionDefinition id="carboxylation" metaid="metaid_0000003" name="Carboxylation">
        <math xmlns="http://www.w3.org/1998/Math/MathML">        
          <lambda>
            <bvar>
              <ci> kc </ci>
            </bvar>
            <bvar>
              <ci> S2 </ci>
            </bvar>
            <bvar>
              <ci> K </ci>
            </bvar>
            <bvar>
              <ci> R </ci>
            </bvar>
            <bvar>
              <ci> KI </ci>
            </bvar>
            <bvar>
              <ci> E </ci>
            </bvar>
            <bvar>
              <ci> S1 </ci>
            </bvar>
            <apply>
              <divide/>
              <apply>
                <minus/>
                <apply>
                  <plus/>
                  <apply>
                    <times/>
                    <apply>
                      <divide/>
                      <apply>
                        <times/>
                        <ci> kc </ci>
                        <ci> S2 </ci>
                      </apply>
                      <apply>
                        <plus/>
                        <ci> S2 </ci>
                        <apply>
                          <times/>
                          <ci> K </ci>
                          <apply>
                            <plus/>
                            <cn> 1 </cn>
                            <apply>
                              <divide/>
                              <ci> R </ci>
                              <ci> KI </ci>
                            </apply>
                          </apply>
                        </apply>
                      </apply>
                    </apply>
                    <ci> E </ci>
                  </apply>
                  <apply>
                    <times/>
                    <apply>
                      <divide/>
                      <apply>
                        <times/>
                        <ci> kc </ci>
                        <ci> S2 </ci>
                      </apply>
                      <apply>
                        <plus/>
                        <ci> S2 </ci>
                        <apply>
                          <times/>
                          <ci> K </ci>
                          <apply>
                            <plus/>
                            <cn> 1 </cn>
                            <apply>
                              <divide/>
                              <ci> R </ci>
                              <ci> KI </ci>
                            </apply>
                          </apply>
                        </apply>
                      </apply>
                    </apply>
                    <ci> S1 </ci>
                  </apply>
                </apply>
                <apply>
                  <abs/>
                  <apply>
                    <minus/>
                    <apply>
                      <times/>
                      <apply>
                        <divide/>
                        <apply>
                          <times/>
                          <ci> kc </ci>
                          <ci> S2 </ci>
                        </apply>
                        <apply>
                          <plus/>
                          <ci> S2 </ci>
                          <apply>
                            <times/>
                            <ci> K </ci>
                            <apply>
                              <plus/>
                              <cn> 1 </cn>
                              <apply>
                                <divide/>
                                <ci> R </ci>
                                <ci> KI </ci>
                              </apply>
                            </apply>
                          </apply>
                        </apply>
                      </apply>
                      <ci> E </ci>
                    </apply>
                    <apply>
                      <times/>
                      <apply>
                        <divide/>
                        <apply>
                          <times/>
                          <ci> kc </ci>
                          <ci> S2 </ci>
                        </apply>
                        <apply>
                          <plus/>
                          <ci> S2 </ci>
                          <apply>
                            <times/>
                            <ci> K </ci>
                            <apply>
                              <plus/>
                              <cn> 1 </cn>
                              <apply>
                                <divide/>
                                <ci> R </ci>
                                <ci> KI </ci>
                              </apply>
                            </apply>
                          </apply>
                        </apply>
                      </apply>
                      <ci> S1 </ci>
                    </apply>
                  </apply>
                </apply>
              </apply>
              <cn> 2 </cn>
            </apply>
          </lambda>
        </math>
            </functionDefinition>
      <functionDefinition id="PGA_consumption" metaid="metaid_0000004" name="PGA consumption - Farquhar">
        <math xmlns="http://www.w3.org/1998/Math/MathML">        
          <lambda>
            <bvar>
              <ci> S1 </ci>
            </bvar>
            <bvar>
              <ci> Rp </ci>
            </bvar>
            <bvar>
              <ci> Nt </ci>
            </bvar>
            <bvar>
              <ci> kc </ci>
            </bvar>
            <bvar>
              <ci> E </ci>
            </bvar>
            <bvar>
              <ci> R </ci>
            </bvar>
            <apply>
              <times/>
              <apply>
                <divide/>
                <ci> S1 </ci>
                <ci> Rp </ci>
              </apply>
              <apply>
                <divide/>
                <ci> R </ci>
                <ci> Nt </ci>
              </apply>
              <ci> kc </ci>
              <ci> E </ci>
            </apply>
          </lambda>
        </math>
            </functionDefinition>
      <functionDefinition id="NADPH_production" metaid="metaid_0000005" name="NADPH production">
        <math xmlns="http://www.w3.org/1998/Math/MathML">        
          <lambda>
            <bvar>
              <ci> j </ci>
            </bvar>
            <bvar>
              <ci> S1 </ci>
            </bvar>
            <bvar>
              <ci> Nt </ci>
            </bvar>
            <apply>
              <times/>
              <apply>
                <divide/>
                <ci> j </ci>
                <cn> 2 </cn>
              </apply>
              <apply>
                <divide/>
                <ci> S1 </ci>
                <ci> Nt </ci>
              </apply>
            </apply>
          </lambda>
        </math>
            </functionDefinition>
      <functionDefinition id="oxygenation" metaid="metaid_0000006" name="Oxygenation">
        <math xmlns="http://www.w3.org/1998/Math/MathML">        
          <lambda>
            <bvar>
              <ci> phi </ci>
            </bvar>
            <bvar>
              <ci> kc </ci>
            </bvar>
            <bvar>
              <ci> S2 </ci>
            </bvar>
            <bvar>
              <ci> K </ci>
            </bvar>
            <bvar>
              <ci> R </ci>
            </bvar>
            <bvar>
              <ci> KI </ci>
            </bvar>
            <bvar>
              <ci> E </ci>
            </bvar>
            <bvar>
              <ci> S1 </ci>
            </bvar>
            <apply>
              <divide/>
              <apply>
                <times/>
                <ci> phi </ci>
                <apply>
                  <minus/>
                  <apply>
                    <plus/>
                    <apply>
                      <times/>
                      <apply>
                        <divide/>
                        <apply>
                          <times/>
                          <ci> kc </ci>
                          <ci> S2 </ci>
                        </apply>
                        <apply>
                          <plus/>
                          <ci> S2 </ci>
                          <apply>
                            <times/>
                            <ci> K </ci>
                            <apply>
                              <plus/>
                              <cn> 1 </cn>
                              <apply>
                                <divide/>
                                <ci> R </ci>
                                <ci> KI </ci>
                              </apply>
                            </apply>
                          </apply>
                        </apply>
                      </apply>
                      <ci> E </ci>
                    </apply>
                    <apply>
                      <times/>
                      <apply>
                        <divide/>
                        <apply>
                          <times/>
                          <ci> kc </ci>
                          <ci> S2 </ci>
                        </apply>
                        <apply>
                          <plus/>
                          <ci> S2 </ci>
                          <apply>
                            <times/>
                            <ci> K </ci>
                            <apply>
                              <plus/>
                              <cn> 1 </cn>
                              <apply>
                                <divide/>
                                <ci> R </ci>
                                <ci> KI </ci>
                              </apply>
                            </apply>
                          </apply>
                        </apply>
                      </apply>
                      <ci> S1 </ci>
                    </apply>
                  </apply>
                  <apply>
                    <abs/>
                    <apply>
                      <minus/>
                      <apply>
                        <times/>
                        <apply>
                          <divide/>
                          <apply>
                            <times/>
                            <ci> kc </ci>
                            <ci> S2 </ci>
                          </apply>
                          <apply>
                            <plus/>
                            <ci> S2 </ci>
                            <apply>
                              <times/>
                              <ci> K </ci>
                              <apply>
                                <plus/>
                                <cn> 1 </cn>
                                <apply>
                                  <divide/>
                                  <ci> R </ci>
                                  <ci> KI </ci>
                                </apply>
                              </apply>
                            </apply>
                          </apply>
                        </apply>
                        <ci> E </ci>
                      </apply>
                      <apply>
                        <times/>
                        <apply>
                          <divide/>
                          <apply>
                            <times/>
                            <ci> kc </ci>
                            <ci> S2 </ci>
                          </apply>
                          <apply>
                            <plus/>
                            <ci> S2 </ci>
                            <apply>
                              <times/>
                              <ci> K </ci>
                              <apply>
                                <plus/>
                                <cn> 1 </cn>
                                <apply>
                                  <divide/>
                                  <ci> R </ci>
                                  <ci> KI </ci>
                                </apply>
                              </apply>
                            </apply>
                          </apply>
                        </apply>
                        <ci> S1 </ci>
                      </apply>
                    </apply>
                  </apply>
                </apply>
              </apply>
              <cn> 2 </cn>
            </apply>
          </lambda>
        </math>
            </functionDefinition>
    </listOfFunctionDefinitions>
    <listOfUnitDefinitions>
      <unitDefinition id="substance" metaid="metaid_0000007">
        <listOfUnits>
          <unit kind="mole" metaid="_983479" scale="-3"/>
        </listOfUnits>
      </unitDefinition>
    </listOfUnitDefinitions>
    <listOfCompartments>
      <compartment id="chloroplast" metaid="metaid_0000019" name="chloroplast" size="1"/>
    </listOfCompartments>
    <listOfSpecies>
      <species boundaryCondition="true" compartment="chloroplast" constant="true" id="RuBP" initialConcentration="2" metaid="metaid_0000020" name="RuBP">
        <annotation>
          <rdf:RDF xmlns:rdf="http://www.w3.org/1999/02/22-rdf-syntax-ns#" xmlns:bqmodel="http://biomodels.net/model-qualifiers/" xmlns:bqbiol="http://biomodels.net/biology-qualifiers/">
            <rdf:Description rdf:about="#metaid_0000020">
	<bqbiol:isVersionOf>
	<rdf:Bag>
	<rdf:li rdf:resource="http://identifiers.org/obo.chebi/CHEBI:16710"/>
	</rdf:Bag>
	</bqbiol:isVersionOf>
	</rdf:Description>
	
          </rdf:RDF>
        </annotation>
            </species>
      <species compartment="chloroplast" id="PGA" initialConcentration="2.4" metaid="metaid_0000021" name="PGA">
        <annotation>
          <rdf:RDF xmlns:rdf="http://www.w3.org/1999/02/22-rdf-syntax-ns#" xmlns:bqmodel="http://biomodels.net/model-qualifiers/" xmlns:bqbiol="http://biomodels.net/biology-qualifiers/">
            <rdf:Description rdf:about="#metaid_0000021">
	<bqbiol:isVersionOf>
	<rdf:Bag>
	<rdf:li rdf:resource="http://identifiers.org/obo.chebi/CHEBI:17050"/>
	</rdf:Bag>
	</bqbiol:isVersionOf>
	</rdf:Description>
	
          </rdf:RDF>
        </annotation>
            </species>
      <species compartment="chloroplast" id="NADPH" initialConcentration="0.21" metaid="metaid_0000022" name="NADPH">
        <annotation>
          <rdf:RDF xmlns:rdf="http://www.w3.org/1999/02/22-rdf-syntax-ns#" xmlns:bqmodel="http://biomodels.net/model-qualifiers/" xmlns:bqbiol="http://biomodels.net/biology-qualifiers/">
            <rdf:Description rdf:about="#metaid_0000022">
	<bqbiol:isVersionOf>
	<rdf:Bag>
	<rdf:li rdf:resource="http://identifiers.org/obo.chebi/CHEBI:16474"/>
	</rdf:Bag>
	</bqbiol:isVersionOf>
	</rdf:Description>
	
          </rdf:RDF>
        </annotation>
            </species>
      <species boundaryCondition="true" compartment="chloroplast" constant="true" id="CO2" initialConcentration="230" metaid="metaid_0000023" name="CO2">
        <notes>
          <body xmlns="http://www.w3.org/1999/xhtml">
                <p>[µbar]</p>
                    </body>
          
        </notes>
        <annotation>
          <rdf:RDF xmlns:rdf="http://www.w3.org/1999/02/22-rdf-syntax-ns#" xmlns:bqmodel="http://biomodels.net/model-qualifiers/" xmlns:bqbiol="http://biomodels.net/biology-qualifiers/">
            <rdf:Description rdf:about="#metaid_0000023">
	<bqbiol:isVersionOf>
	<rdf:Bag>
	<rdf:li rdf:resource="http://identifiers.org/obo.chebi/CHEBI:16526"/>
	</rdf:Bag>
	</bqbiol:isVersionOf>
	</rdf:Description>
	
          </rdf:RDF>
        </annotation>
            </species>
      <species boundaryCondition="true" compartment="chloroplast" constant="true" id="O2" initialConcentration="210" metaid="metaid_0000024" name="O2">
        <notes>
          <body xmlns="http://www.w3.org/1999/xhtml">
                <p>[mbar]</p>
                    </body>
          
        </notes>
        <annotation>
          <rdf:RDF xmlns:rdf="http://www.w3.org/1999/02/22-rdf-syntax-ns#" xmlns:bqmodel="http://biomodels.net/model-qualifiers/" xmlns:bqbiol="http://biomodels.net/biology-qualifiers/">
            <rdf:Description rdf:about="#metaid_0000024">
	<bqbiol:isVersionOf>
	<rdf:Bag>
	<rdf:li rdf:resource="http://identifiers.org/obo.chebi/CHEBI:15379"/>
	</rdf:Bag>
	</bqbiol:isVersionOf>
	</rdf:Description>
	
          </rdf:RDF>
        </annotation>
            </species>
      <species boundaryCondition="true" compartment="chloroplast" id="NADP" initialConcentration="0.29" metaid="metaid_0000025" name="NADP">
        <annotation>
          <rdf:RDF xmlns:rdf="http://www.w3.org/1999/02/22-rdf-syntax-ns#" xmlns:bqmodel="http://biomodels.net/model-qualifiers/" xmlns:bqbiol="http://biomodels.net/biology-qualifiers/">
            <rdf:Description rdf:about="#metaid_0000025">
	<bqbiol:isVersionOf>
	<rdf:Bag>
	<rdf:li rdf:resource="http://identifiers.org/obo.chebi/CHEBI:25523"/>
	</rdf:Bag>
	</bqbiol:isVersionOf>
	</rdf:Description>
	
          </rdf:RDF>
        </annotation>
            </species>
    </listOfSpecies>
    <listOfParameters>
      <parameter id="E" metaid="metaid_0000008" name="E" sboTerm="SBO:0000009" value="1.33846153846154">
        <notes>
          <body xmlns="http://www.w3.org/1999/xhtml">
                <p>converted into [mM] using Winter et al. (1994) subcellular stroma volume</p>
                    </body>
          
        </notes>
      </parameter>
      <parameter id="Rp" metaid="metaid_0000009" name="Rp" sboTerm="SBO:0000009" value="3.2">
        <notes>
          <body xmlns="http://www.w3.org/1999/xhtml">
                <p>Equation (19)</p>
                    </body>
          
        </notes>
      </parameter>
      <parameter id="Nt" metaid="metaid_0000010" name="Nt" sboTerm="SBO:0000009" value="0.5"/>
      <parameter id="f" metaid="metaid_0000011" name="f" sboTerm="SBO:0000009" value="0.23"/>
      <parameter id="I" metaid="metaid_0000012" name="I" sboTerm="SBO:0000009" value="1000"/>
      <parameter constant="false" id="jp" metaid="metaid_0000013" name="jp" sboTerm="SBO:0000009" value="385"/>
      <parameter constant="false" id="j" metaid="metaid_0000014" name="j" sboTerm="SBO:0000009" value="5.92307692307692">
        <notes>
          <body xmlns="http://www.w3.org/1999/xhtml">
                <p>converted into [mM] using Winter et al. (1994) subcellular stroma volume</p>
                    </body>
          
        </notes>
      </parameter>
      <parameter constant="false" id="phi" metaid="metaid_0000015" name="phi" sboTerm="SBO:0000009" value="0.267272727272727">
        <notes>
          <body xmlns="http://www.w3.org/1999/xhtml">
                <p>Equation (17)</p>
                    </body>
          
        </notes>
      </parameter>
      <parameter id="kc" metaid="metaid_0000016" name="kc" sboTerm="SBO:0000009" value="2.5"/>
      <parameter id="Kc" metaid="metaid_0000017" name="Kc" sboTerm="SBO:0000009" value="460"/>
      <parameter id="Ko" metaid="metaid_0000018" name="Ko" sboTerm="SBO:0000009" value="330"/>
    </listOfParameters>
    <listOfRules>
      <assignmentRule metaid="metaid_0000026" variable="jp">
        <math xmlns="http://www.w3.org/1998/Math/MathML">        
          <apply>
            <times/>
            <apply>
              <divide/>
              <cn> 1 </cn>
              <cn> 2 </cn>
            </apply>
            <apply>
              <minus/>
              <cn> 1 </cn>
              <ci> f </ci>
            </apply>
            <ci> I </ci>
          </apply>
        </math>
            </assignmentRule>
      <assignmentRule metaid="metaid_0000027" variable="NADP">
        <math xmlns="http://www.w3.org/1998/Math/MathML">        
          <apply>
            <minus/>
            <ci> Nt </ci>
            <ci> NADPH </ci>
          </apply>
        </math>
            </assignmentRule>
      <assignmentRule metaid="metaid_0000028" variable="phi">
        <math xmlns="http://www.w3.org/1998/Math/MathML">        
          <apply>
            <divide/>
            <apply>
              <times/>
              <cn> 0.21 </cn>
              <apply>
                <divide/>
                <ci> O2 </ci>
                <ci> Ko </ci>
              </apply>
            </apply>
            <apply>
              <divide/>
              <ci> CO2 </ci>
              <ci> Kc </ci>
            </apply>
          </apply>
        </math>
            </assignmentRule>
      <assignmentRule metaid="metaid_0000029" variable="j">
        <math xmlns="http://www.w3.org/1998/Math/MathML">        
          <apply>
            <divide/>
            <apply>
              <divide/>
              <apply>
                <minus/>
                <apply>
                  <abs/>
                  <apply>
                    <plus/>
                    <ci> jp </ci>
                    <cn> 467 </cn>
                  </apply>
                </apply>
                <apply>
                  <abs/>
                  <apply>
                    <minus/>
                    <ci> jp </ci>
                    <cn> 467 </cn>
                  </apply>
                </apply>
              </apply>
              <cn> 2 </cn>
            </apply>
            <cn> 65 </cn>
          </apply>
        </math>
            </assignmentRule>
    </listOfRules>
    <listOfReactions>
      <reaction id="PGA_prod_Vc" metaid="metaid_0000030" name="PGA production - v_c" reversible="false">
        <listOfReactants>
          <speciesReference metaid="_983491" species="RuBP"/>
          <speciesReference metaid="_983503" species="CO2"/>
          <speciesReference metaid="_983515" species="NADPH" stoichiometry="2"/>
        </listOfReactants>
        <listOfProducts>
          <speciesReference metaid="_983527" species="PGA" stoichiometry="2"/>
        </listOfProducts>
        <listOfModifiers>
          <modifierSpeciesReference metaid="_983539" species="O2"/>
        </listOfModifiers>
        <kineticLaw metaid="_983552">
          <math xmlns="http://www.w3.org/1998/Math/MathML">          
            <apply>
              <times/>
              <ci> chloroplast </ci>
              <apply>
                <ci> carboxylation </ci>
                <ci> kc </ci>
                <ci> CO2 </ci>
                <ci> Kc </ci>
                <ci> O2 </ci>
                <ci> Ko </ci>
                <ci> E </ci>
                <ci> RuBP </ci>
              </apply>
            </apply>
          </math>
                </kineticLaw>
      </reaction>
      <reaction id="PGA_prod_Vo" metaid="metaid_0000031" name="PGA production - v_o" reversible="false">
        <listOfReactants>
          <speciesReference metaid="_983564" species="RuBP"/>
          <speciesReference metaid="_983576" species="CO2"/>
          <speciesReference metaid="_983588" species="NADPH" stoichiometry="2"/>
        </listOfReactants>
        <listOfProducts>
          <speciesReference metaid="_983600" species="PGA" stoichiometry="1.5"/>
        </listOfProducts>
        <listOfModifiers>
          <modifierSpeciesReference metaid="_983612" species="O2"/>
        </listOfModifiers>
        <kineticLaw metaid="_983624">
          <math xmlns="http://www.w3.org/1998/Math/MathML">          
            <apply>
              <times/>
              <ci> chloroplast </ci>
              <apply>
                <ci> oxygenation </ci>
                <ci> phi </ci>
                <ci> kc </ci>
                <ci> CO2 </ci>
                <ci> Kc </ci>
                <ci> O2 </ci>
                <ci> Ko </ci>
                <ci> E </ci>
                <ci> RuBP </ci>
              </apply>
            </apply>
          </math>
                </kineticLaw>
      </reaction>
      <reaction id="PGA_cons" metaid="metaid_0000032" name="PGA consumption" reversible="false">
        <listOfReactants>
          <speciesReference metaid="_983636" species="PGA"/>
        </listOfReactants>
        <listOfProducts>
          <speciesReference metaid="_983648" species="RuBP"/>
        </listOfProducts>
        <listOfModifiers>
          <modifierSpeciesReference metaid="_983661" species="NADPH"/>
        </listOfModifiers>
        <kineticLaw metaid="_983673">
          <math xmlns="http://www.w3.org/1998/Math/MathML">          
            <apply>
              <times/>
              <ci> chloroplast </ci>
              <apply>
                <ci> PGA_consumption </ci>
                <ci> PGA </ci>
                <ci> Rp </ci>
                <ci> Nt </ci>
                <ci> kc </ci>
                <ci> E </ci>
                <ci> NADPH </ci>
              </apply>
            </apply>
          </math>
                </kineticLaw>
      </reaction>
      <reaction id="NADPH_prod" metaid="metaid_0000033" name="NADPH production" reversible="false">
        <listOfReactants>
          <speciesReference metaid="_983685" species="NADP"/>
        </listOfReactants>
        <listOfProducts>
          <speciesReference metaid="_983697" species="NADPH"/>
        </listOfProducts>
        <kineticLaw metaid="_983709">
          <math xmlns="http://www.w3.org/1998/Math/MathML">          
            <apply>
              <times/>
              <ci> chloroplast </ci>
              <apply>
                <ci> NADPH_production </ci>
                <ci> j </ci>
                <ci> NADP </ci>
                <ci> Nt </ci>
              </apply>
            </apply>
          </math>
                </kineticLaw>
      </reaction>
    </listOfReactions>
  </model>
</sbml>