<?xml version="1.0" encoding="UTF-8"?>
<sbml xmlns="http://www.sbml.org/sbml/level2/version4" metaid="_000000" level="2" version="4">
  <model metaid="_000001" id="BIOMD0000000006" name="Tyson1991 - Cell Cycle 2 var">
    <notes>
      <body xmlns="http://www.w3.org/1999/xhtml">
        <div class="dc:title">Tyson1991 - Cell Cycle 2 var</div>
        <div class="dc:description">
          <p>Mathematical model of the interactions of cdc2 and cyclin.</p>
        </div>
        <div class="dc:provenance">
          <p>Description taken from the original Cellerator version of the model (        <a href="http://www.cellerator.org/notebooks/Tyson2.html">Tyson (1991, 2 variables)</a>
            at        <a href="http://www.cellerator.org/" title="xCellerator: A Mathematica package for biological modeling">http://www.cellerator.org</a>
            ).        </p>
        </div>
        <div class="dc:bibliographicCitation">
          <p>This model is described in the article:</p>
          <div class="bibo:title">
            <a href="http://identifiers.org/pubmed/1831270" title="Access to this publication">Modeling the cell division cycle: cdc2 and cyclin interactions.</a>
          </div>
          <div class="bibo:authorList">Tyson JJ.</div>
          <div class="bibo:Journal">Proc. Natl. Acad. Sci. U.S.A. 1991; 88(16); 7328-32</div>
          <p>Abstract:</p>
          <div class="bibo:abstract">
            <p>The proteins cdc2 and cyclin form a heterodimer (maturation promoting factor) that controls the major events of the cell cycle. A mathematical model for the interactions of cdc2 and cyclin is constructed. Simulation and analysis of the model show that the control system can operate in three modes: as a steady state with high maturation promoting factor activity, as a spontaneous oscillator, or as an excitable switch. We associate the steady state with metaphase arrest in unfertilized eggs, the spontaneous oscillations with rapid division cycles in early embryos, and the excitable switch with growth-controlled division cycles typical of nonembryonic cells.</p>
          </div>
        </div>
        <div class="bm:modification">
          <p>This is a two variable reduction of the larger 6-variable model published in the same paper. The equations are:</p>
          <p>u&apos;= k4(v-u)(alpha+u^2)-k6*u        <br/>
            v&apos;=kappa-k6*u        <br/>
            z= v-u        <br/>
            with kappa = k1[aa]/[CT]        </p>
          <p>In the present implementation, an additional variable z is introduced with z = v-u is made, so that the different variables be interpreted as follows:</p>
          <p>u=[activeMPF]/[CT]        <br/>
            v=([cyclin]+[preMPF]+[activeMPF])/[CT]        <br/>
            z=([ cyclin]+[preMPF])/[CT]        <br/>
            with [CT]=[CDC2]+{CDC2P]+[preMPF]+[aMPF].        </p>
          <p>The reactions included are only to show the flows between z and u, and do not influence the species, as they all are set to        <em>boundaryCondition=True</em>
            , meaning, that they are only determined by the rate rules (explicit differential equations) and assignment rules.        </p>
          <p>If you set        <em>boundaryCondition=False</em>
            and remove the rate rules for v, u and the the assignment rule for z, you get the more symmetrical, but equivalent, version from the Cellerator repository:        </p>
          <p>u&apos;= k4*z*(alpha+u^2)-k6*u        <br/>
            z&apos;=kappa-z*(alpha+u^2)        </p>
        </div>
        <div class="dc:publisher">
          <p>This model is hosted on        <a href="http://www.ebi.ac.uk/biomodels/">BioModels Database</a>
            and identified by:        <a href="http://identifiers.org/biomodels.db/BIOMD0000000006">BIOMD0000000006</a>
            .        </p>
          <p>To cite BioModels Database, please use:        <a href="http://identifiers.org/pubmed/20587024" title="Latest BioModels Database publication">BioModels Database: An enhanced, curated and annotated resource for published quantitative kinetic models</a>
            .        </p>
        </div>
        <div class="dc:license">
          <p>To the extent possible under law, all copyright and related or neighbouring rights to this encoded model have been dedicated to the public domain worldwide. Please refer to        <a href="http://creativecommons.org/publicdomain/zero/1.0/" title="Access to: CC0 1.0 Universal (CC0 1.0), Public Domain Dedication">CC0 Public Domain Dedication</a>
            for more information.        </p>
        </div>
      </body>
    </notes>
    <annotation>
      <rdf:RDF xmlns:rdf="http://www.w3.org/1999/02/22-rdf-syntax-ns#" xmlns:bqmodel="http://biomodels.net/model-qualifiers/" xmlns:vCard="http://www.w3.org/2001/vcard-rdf/3.0#" xmlns:dc="http://purl.org/dc/elements/1.1/" xmlns:dcterms="http://purl.org/dc/terms/" xmlns:bqbiol="http://biomodels.net/biology-qualifiers/">
        <rdf:Description rdf:about="#_000001">
          <dc:creator>
            <rdf:Bag>
              <rdf:li rdf:parseType="Resource">
                <vCard:N rdf:parseType="Resource">
                  <vCard:Family>Shapiro</vCard:Family>
                  <vCard:Given>Bruce</vCard:Given>
                </vCard:N>
                <vCard:EMAIL>bshapiro@jpl.nasa.gov</vCard:EMAIL>
                <vCard:ORG rdf:parseType="Resource">
                  <vCard:Orgname>NASA Jet Propulsion Laboratory</vCard:Orgname>
                </vCard:ORG>
              </rdf:li>
              <rdf:li rdf:parseType="Resource">
                <vCard:N rdf:parseType="Resource">
                  <vCard:Family>Endler</vCard:Family>
                  <vCard:Given>Lukas</vCard:Given>
                </vCard:N>
                <vCard:EMAIL>lukas@ebi.ac.uk</vCard:EMAIL>
                <vCard:ORG rdf:parseType="Resource">
                  <vCard:Orgname>EMBL-EBI</vCard:Orgname>
                </vCard:ORG>
              </rdf:li>
            </rdf:Bag>
          </dc:creator>
          <dcterms:created rdf:parseType="Resource">
            <dcterms:W3CDTF>2005-02-08T18:36:17Z</dcterms:W3CDTF>
          </dcterms:created>
          <dcterms:modified rdf:parseType="Resource">
            <dcterms:W3CDTF>2013-05-16T14:38:56Z</dcterms:W3CDTF>
          </dcterms:modified>
          <bqmodel:is>
            <rdf:Bag>
              <rdf:li rdf:resource="http://identifiers.org/biomodels.db/MODEL6614715255"/>
            </rdf:Bag>
          </bqmodel:is>
          <bqmodel:is>
            <rdf:Bag>
              <rdf:li rdf:resource="http://identifiers.org/biomodels.db/BIOMD0000000006"/>
            </rdf:Bag>
          </bqmodel:is>
          <bqmodel:isDescribedBy>
            <rdf:Bag>
              <rdf:li rdf:resource="http://identifiers.org/pubmed/1831270"/>
            </rdf:Bag>
          </bqmodel:isDescribedBy>
          <bqbiol:hasTaxon>
            <rdf:Bag>
              <rdf:li rdf:resource="http://identifiers.org/taxonomy/33154"/>
            </rdf:Bag>
          </bqbiol:hasTaxon>
          <bqbiol:is>
            <rdf:Bag>
              <rdf:li rdf:resource="http://identifiers.org/kegg.pathway/sce04111"/>
            </rdf:Bag>
          </bqbiol:is>
          <bqbiol:isVersionOf>
            <rdf:Bag>
              <rdf:li rdf:resource="http://identifiers.org/obo.go/GO:0000278"/>
            </rdf:Bag>
          </bqbiol:isVersionOf>
          <bqbiol:hasVersion>
            <rdf:Bag>
              <rdf:li rdf:resource="http://identifiers.org/reactome/REACT_152"/>
            </rdf:Bag>
          </bqbiol:hasVersion>
        </rdf:Description>
      </rdf:RDF>
    </annotation>
    <listOfCompartments>
      <compartment metaid="_000002" id="cell" size="1">
        <annotation>
          <rdf:RDF xmlns:rdf="http://www.w3.org/1999/02/22-rdf-syntax-ns#" xmlns:bqmodel="http://biomodels.net/model-qualifiers/" xmlns:bqbiol="http://biomodels.net/biology-qualifiers/">
            <rdf:Description rdf:about="#_000002">
              <bqbiol:is>
                <rdf:Bag>
                  <rdf:li rdf:resource="http://identifiers.org/obo.go/GO:0005623"/>
                </rdf:Bag>
              </bqbiol:is>
            </rdf:Description>
          </rdf:RDF>
        </annotation>
      </compartment>
    </listOfCompartments>
    <listOfSpecies>
      <species metaid="_808249" sboTerm="SBO:0000291" id="EmptySet" compartment="cell" initialAmount="1" hasOnlySubstanceUnits="true" boundaryCondition="true"/>
      <species metaid="_808265" sboTerm="SBO:0000297" id="u" compartment="cell" initialAmount="0" hasOnlySubstanceUnits="true" boundaryCondition="true">
        <annotation>
          <rdf:RDF xmlns:rdf="http://www.w3.org/1999/02/22-rdf-syntax-ns#" xmlns:bqmodel="http://biomodels.net/model-qualifiers/" xmlns:bqbiol="http://biomodels.net/biology-qualifiers/">
            <rdf:Description rdf:about="#_808265">
              <bqbiol:hasProperty>
                <rdf:Bag>
                  <rdf:li rdf:resource="http://identifiers.org/obo.go/GO:0004693"/>
                </rdf:Bag>
              </bqbiol:hasProperty>
              <bqbiol:isVersionOf>
                <rdf:Bag>
                  <rdf:li rdf:resource="http://identifiers.org/obo.go/GO:0031387"/>
                </rdf:Bag>
              </bqbiol:isVersionOf>
            </rdf:Description>
          </rdf:RDF>
        </annotation>
      </species>
      <species metaid="_808285" sboTerm="SBO:0000297" id="z" compartment="cell" initialAmount="0" hasOnlySubstanceUnits="true" boundaryCondition="true">
        <annotation>
          <rdf:RDF xmlns:rdf="http://www.w3.org/1999/02/22-rdf-syntax-ns#" xmlns:bqmodel="http://biomodels.net/model-qualifiers/" xmlns:bqbiol="http://biomodels.net/biology-qualifiers/">
            <rdf:Description rdf:about="#_808285">
              <bqbiol:hasVersion>
                <rdf:Bag>
                  <rdf:li rdf:resource="http://identifiers.org/uniprot/P04551"/>
                </rdf:Bag>
              </bqbiol:hasVersion>
            </rdf:Description>
          </rdf:RDF>
        </annotation>
      </species>
      <species metaid="_175119" sboTerm="SBO:0000297" id="v" compartment="cell" initialAmount="0" hasOnlySubstanceUnits="true" boundaryCondition="true">
        <annotation>
          <rdf:RDF xmlns:rdf="http://www.w3.org/1999/02/22-rdf-syntax-ns#" xmlns:bqmodel="http://biomodels.net/model-qualifiers/" xmlns:bqbiol="http://biomodels.net/biology-qualifiers/">
            <rdf:Description rdf:about="#_175119">
              <bqbiol:hasVersion>
                <rdf:Bag>
                  <rdf:li rdf:resource="http://identifiers.org/uniprot/P04551"/>
                </rdf:Bag>
              </bqbiol:hasVersion>
              <bqbiol:hasVersion>
                <rdf:Bag>
                  <rdf:li rdf:resource="http://identifiers.org/obo.go/GO:0031387"/>
                </rdf:Bag>
              </bqbiol:hasVersion>
              <bqbiol:hasProperty>
                <rdf:Bag>
                  <rdf:li rdf:resource="http://identifiers.org/obo.go/GO:0004693"/>
                </rdf:Bag>
              </bqbiol:hasProperty>
            </rdf:Description>
          </rdf:RDF>
        </annotation>
      </species>
    </listOfSpecies>
    <listOfParameters>
      <parameter metaid="_175134" id="kappa" value="0.015"/>
      <parameter metaid="_175135" id="k6" value="1"/>
      <parameter metaid="_175136" id="k4" value="180"/>
      <parameter metaid="_175139" id="k4prime" value="0.018"/>
      <parameter metaid="_175140" id="alpha" constant="false"/>
    </listOfParameters>
    <listOfRules>
      <rateRule metaid="_175128" variable="u">
        <math xmlns="http://www.w3.org/1998/Math/MathML">
          <apply>
            <minus/>
            <apply>
              <times/>
              <ci> k4 </ci>
              <apply>
                <minus/>
                <ci> v </ci>
                <ci> u </ci>
              </apply>
              <apply>
                <plus/>
                <ci> alpha </ci>
                <apply>
                  <power/>
                  <ci> u </ci>
                  <cn type="integer"> 2 </cn>
                </apply>
              </apply>
            </apply>
            <apply>
              <times/>
              <ci> k6 </ci>
              <ci> u </ci>
            </apply>
          </apply>
        </math>
      </rateRule>
      <assignmentRule metaid="_175129" variable="z">
        <math xmlns="http://www.w3.org/1998/Math/MathML">
          <apply>
            <minus/>
            <ci> v </ci>
            <ci> u </ci>
          </apply>
        </math>
      </assignmentRule>
      <rateRule metaid="_175131" variable="v">
        <math xmlns="http://www.w3.org/1998/Math/MathML">
          <apply>
            <minus/>
            <ci> kappa </ci>
            <apply>
              <times/>
              <ci> k6 </ci>
              <ci> u </ci>
            </apply>
          </apply>
        </math>
      </rateRule>
      <assignmentRule metaid="_175132" variable="alpha">
        <math xmlns="http://www.w3.org/1998/Math/MathML">
          <apply>
            <divide/>
            <ci> k4prime </ci>
            <ci> k4 </ci>
          </apply>
        </math>
      </assignmentRule>
    </listOfRules>
    <listOfReactions>
      <reaction metaid="_175121" sboTerm="SBO:0000205" id="Reaction1" reversible="false">
        <listOfReactants>
          <speciesReference metaid="_372744" species="EmptySet"/>
        </listOfReactants>
        <listOfProducts>
          <speciesReference metaid="_372756" species="z"/>
        </listOfProducts>
        <kineticLaw metaid="_372768">
          <math xmlns="http://www.w3.org/1998/Math/MathML">
            <ci> kappa </ci>
          </math>
        </kineticLaw>
      </reaction>
      <reaction metaid="_175122" sboTerm="SBO:0000179" id="Reaction2" reversible="false">
        <listOfReactants>
          <speciesReference metaid="_372780" species="u"/>
        </listOfReactants>
        <listOfProducts>
          <speciesReference metaid="_372792" species="EmptySet"/>
        </listOfProducts>
        <kineticLaw metaid="_372804">
          <math xmlns="http://www.w3.org/1998/Math/MathML">
            <apply>
              <times/>
              <ci> k6 </ci>
              <ci> u </ci>
            </apply>
          </math>
        </kineticLaw>
      </reaction>
      <reaction metaid="_175123" sboTerm="SBO:0000176" id="Reaction3" reversible="false">
        <listOfReactants>
          <speciesReference metaid="_372816" species="z"/>
        </listOfReactants>
        <listOfProducts>
          <speciesReference metaid="_372828" species="u"/>
        </listOfProducts>
        <kineticLaw metaid="_372840">
          <math xmlns="http://www.w3.org/1998/Math/MathML">
            <apply>
              <times/>
              <ci> k4 </ci>
              <ci> z </ci>
              <apply>
                <plus/>
                <apply>
                  <divide/>
                  <ci> k4prime </ci>
                  <ci> k4 </ci>
                </apply>
                <apply>
                  <power/>
                  <ci> u </ci>
                  <cn type="integer"> 2 </cn>
                </apply>
              </apply>
            </apply>
          </math>
        </kineticLaw>
      </reaction>
    </listOfReactions>
  </model>
</sbml>
