<?xml version='1.0' encoding='UTF-8' standalone='no'?>
<sbml xmlns="http://www.sbml.org/sbml/level2/version4" level="2" metaid="_103010" version="4">
  <model id="MODEL1211010000" metaid="COPASI1" name="deBack2012 - Lineage Specification in Pancreas Development">
    <notes>
      <body xmlns="http://www.w3.org/1999/xhtml">
        <div class="dc:title">deBack2012 - Lineage Specification in Pancreas Development</div>
            <div class="dc:description">      <p>This model of two neighbouring pancreas precursor cells, describes the exocrine versus endocrine lineage specification process. To account for the tissue scale patterns, this couplet model has been extended to hundreds of coupled cells.</p>
                </div>
            <div class="dc:bibliographicCitation">      <p>This model is described in the article:</p>
                <div class="bibo:title">        <a href="http://identifiers.org/doi/doi:10.1098/rsif.2012.0766" title="Access to this publication">On the role of lateral stabilization during early patterning in the pancreas</a>
                    </div>
                <div class="bibo:authorList">de Back W., Zhou JX, Brusch L</div>
                <div class="bibo:Journal">J. R. Soc. Interface 6 February 2013 vol. 10 no. 79 20120766</div>
                <p>Abstract:</p>
                <div class="bibo:abstract">        <p>The cell fate decision of multi-potent pancreatic progenitor cells between the exocrine and endocrine lineages is regulated by Notch signalling, mediated by cell–cell interactions. However, canonical models of Notch-mediated lateral inhibition cannot explain the scattered spatial distribution of endocrine cells and the cell-type ratio in the developing pancreas. Based on evidence from acinar-to-islet cell transdifferentiation in vitro, we propose that lateral stabilization, i.e. positive feedback between adjacent progenitor cells, acts in parallel with lateral inhibition to regulate pattern formation in the pancreas. A simple mathematical model of transcriptional regulation and cell–cell interaction reveals the existence of multi-stability of spatial patterns whose simultaneous occurrence causes scattering of endocrine cells in the presence of noise. The scattering pattern allows for control of the endocrine-to-exocrine cell-type ratio by modulation of lateral stabilization strength. These theoretical results suggest a previously unrecognized role for lateral stabilization in lineage specification, spatial patterning and cell-type ratio control in organ development.</p>
                    </div>
                </div>
            <div class="dc:publisher">      <p>This model is hosted on        <a href="http://www.ebi.ac.uk/biomodels">BioModels Database</a>
            and identified by:        <a href="http://identifiers.org/biomodels.db/MODEL1211010000">MODEL1211010000</a>
            .        </p>
                <p>To cite BioModels Database, please use:        <a href="http://identifiers.org/pubmed/20587024" title="Latest BioModels Database publication">BioModels Database: An enhanced, curated and annotated resource for published quantitative kinetic models</a>
            .        </p>
                </div>
            <div class="dc:license">      <p>To the extent possible under law, all copyright and related or neighbouring rights to this encoded model have been dedicated to the public domain worldwide. Please refer to        <a href="http://creativecommons.org/publicdomain/zero/1.0/" title="Access to: CC0 1.0 Universal (CC0 1.0), Public Domain Dedication">CC0 Public Domain Dedication</a>
            for more information.        </p>
                </div>
            </body>
      
    </notes>
    <annotation>
<COPASI xmlns="http://www.copasi.org/static/sbml">
        <rdf:RDF xmlns:dcterms="http://purl.org/dc/terms/" xmlns:rdf="http://www.w3.org/1999/02/22-rdf-syntax-ns#" xmlns:vCard="http://www.w3.org/2001/vcard-rdf/3.0#">
          <rdf:Description rdf:about="#COPASI1">
            <dcterms:created>
              <rdf:Description>
                <dcterms:W3CDTF>2012-10-31T11:55:05Z</dcterms:W3CDTF>
              </rdf:Description>
            </dcterms:created>
            <dcterms:creator>
              <rdf:Description>
                <vCard:EMAIL>walter.deback@tu-dresden.de</vCard:EMAIL>
                <vCard:N>
                  <rdf:Description>
                    <vCard:Family>de Back</vCard:Family>
                    <vCard:Given>Walter</vCard:Given>
                  </rdf:Description>
                </vCard:N>
                <vCard:ORG>
                  <rdf:Description>
                    <vCard:Orgname>TU Dresden, Germany</vCard:Orgname>
                  </rdf:Description>
                </vCard:ORG>
              </rdf:Description>
            </dcterms:creator>
            <dcterms:creator>
              <rdf:Description>
                <vCard:EMAIL>lutz.brusch@tu-dresden.de</vCard:EMAIL>
                <vCard:N>
                  <rdf:Description>
                    <vCard:Family>Brusch</vCard:Family>
                    <vCard:Given>Lutz</vCard:Given>
                  </rdf:Description>
                </vCard:N>
                <vCard:ORG>
                  <rdf:Description>
                    <vCard:Orgname>TU Dresden, Germany</vCard:Orgname>
                  </rdf:Description>
                </vCard:ORG>
              </rdf:Description>
            </dcterms:creator>
          </rdf:Description>
        </rdf:RDF>
      </COPASI>
                                                                  <rdf:RDF xmlns:rdf="http://www.w3.org/1999/02/22-rdf-syntax-ns#" xmlns:bqmodel="http://biomodels.net/model-qualifiers/" xmlns:vCard="http://www.w3.org/2001/vcard-rdf/3.0#" xmlns:dc="http://purl.org/dc/elements/1.1/" xmlns:dcterms="http://purl.org/dc/terms/" xmlns:bqbiol="http://biomodels.net/biology-qualifiers/">
        <rdf:Description rdf:about="#COPASI1">
	<dc:creator>
	<rdf:Bag>
	<rdf:li rdf:parseType="Resource">
	<vCard:N rdf:parseType="Resource">
	<vCard:Family>Chelliah</vCard:Family>
	<vCard:Given>Vijayalakshmi</vCard:Given>
	</vCard:N>
	<vCard:EMAIL>viji@ebi.ac.uk</vCard:EMAIL>
	<vCard:ORG rdf:parseType="Resource">
	<vCard:Orgname>EMBL-EBI</vCard:Orgname>
	</vCard:ORG>
	</rdf:li>
	<rdf:li rdf:parseType="Resource">
	<vCard:N rdf:parseType="Resource">
	<vCard:Family>Brusch</vCard:Family>
	<vCard:Given>Lutz</vCard:Given>
	</vCard:N>
	<vCard:EMAIL>lutz.brusch@tu-dresden.de</vCard:EMAIL>
	<vCard:ORG rdf:parseType="Resource">
	<vCard:Orgname>Dresden University of Technology</vCard:Orgname>
	</vCard:ORG>
	</rdf:li>
	</rdf:Bag>
	</dc:creator>
	<dcterms:created rdf:parseType="Resource">
	<dcterms:W3CDTF>2012-11-28T13:53:36Z</dcterms:W3CDTF>
	</dcterms:created>
	<dcterms:modified rdf:parseType="Resource">
	<dcterms:W3CDTF>2013-02-12T15:33:48Z</dcterms:W3CDTF>
	</dcterms:modified>
	<bqmodel:is>
	<rdf:Bag>
	<rdf:li rdf:resource="http://identifiers.org/biomodels.db/MODEL1211010000"/>
	</rdf:Bag>
	</bqmodel:is>
	<bqmodel:is>
	<rdf:Bag>
	<rdf:li rdf:resource="http://identifiers.org/biomodels.db/BIOMD0000000435"/>
	</rdf:Bag>
	</bqmodel:is>
	<bqmodel:isDescribedBy>
	<rdf:Bag>
	<rdf:li rdf:resource="http://identifiers.org/pubmed/23193107"/>
	</rdf:Bag>
	</bqmodel:isDescribedBy>
	<bqbiol:isPartOf>
	<rdf:Bag>
	<rdf:li rdf:resource="http://identifiers.org/obo.go/GO:0031016"/>
	</rdf:Bag>
	</bqbiol:isPartOf>
	<bqbiol:hasTaxon>
	<rdf:Bag>
	<rdf:li rdf:resource="http://identifiers.org/taxonomy/39107"/>
	</rdf:Bag>
	</bqbiol:hasTaxon>
	<bqbiol:isVersionOf>
	<rdf:Bag>
	<rdf:li rdf:resource="http://identifiers.org/obo.go/GO:0007267"/>
	</rdf:Bag>
	</bqbiol:isVersionOf>
	</rdf:Description>
	
      </rdf:RDF>
    </annotation>
      <listOfFunctionDefinitions>
      <functionDefinition id="function_1" metaid="COPASI11" name="Lateral inhibition [1]">
        <annotation>
<COPASI xmlns="http://www.copasi.org/static/sbml">
            <rdf:RDF xmlns:dcterms="http://purl.org/dc/terms/" xmlns:rdf="http://www.w3.org/1999/02/22-rdf-syntax-ns#">
              <rdf:Description rdf:about="#COPASI11">
                <dcterms:created>
                  <rdf:Description>
                    <dcterms:W3CDTF>2012-10-31T12:08:46Z</dcterms:W3CDTF>
                  </rdf:Description>
                </dcterms:created>
              </rdf:Description>
            </rdf:RDF>
          </COPASI>
                                                                        </annotation>
        <math xmlns="http://www.w3.org/1998/Math/MathML">        
          <lambda>
            <bvar>
              <ci> theta </ci>
            </bvar>
            <bvar>
              <ci> a </ci>
            </bvar>
            <bvar>
              <ci> Xj </ci>
            </bvar>
            <bvar>
              <ci> n </ci>
            </bvar>
            <apply>
              <divide/>
              <ci> theta </ci>
              <apply>
                <plus/>
                <ci> theta </ci>
                <apply>
                  <times/>
                  <ci> a </ci>
                  <apply>
                    <power/>
                    <ci> Xj </ci>
                    <ci> n </ci>
                  </apply>
                </apply>
              </apply>
            </apply>
          </lambda>
        </math>
            </functionDefinition>
      <functionDefinition id="function_2" metaid="COPASI12" name="Lateral stabilisation [1]">
        <annotation>
<COPASI xmlns="http://www.copasi.org/static/sbml">
            <rdf:RDF xmlns:dcterms="http://purl.org/dc/terms/" xmlns:rdf="http://www.w3.org/1999/02/22-rdf-syntax-ns#">
              <rdf:Description rdf:about="#COPASI12">
                <dcterms:created>
                  <rdf:Description>
                    <dcterms:W3CDTF>2012-10-31T12:09:53Z</dcterms:W3CDTF>
                  </rdf:Description>
                </dcterms:created>
              </rdf:Description>
            </rdf:RDF>
          </COPASI>
                                                                        </annotation>
        <math xmlns="http://www.w3.org/1998/Math/MathML">        
          <lambda>
            <bvar>
              <ci> theta </ci>
            </bvar>
            <bvar>
              <ci> b </ci>
            </bvar>
            <bvar>
              <ci> Yi </ci>
            </bvar>
            <bvar>
              <ci> Yj </ci>
            </bvar>
            <bvar>
              <ci> n </ci>
            </bvar>
            <bvar>
              <ci> c </ci>
            </bvar>
            <bvar>
              <ci> Xi </ci>
            </bvar>
            <apply>
              <divide/>
              <apply>
                <plus/>
                <ci> theta </ci>
                <apply>
                  <times/>
                  <ci> b </ci>
                  <apply>
                    <power/>
                    <apply>
                      <times/>
                      <ci> Yi </ci>
                      <ci> Yj </ci>
                    </apply>
                    <ci> n </ci>
                  </apply>
                </apply>
              </apply>
              <apply>
                <plus/>
                <ci> theta </ci>
                <apply>
                  <times/>
                  <ci> c </ci>
                  <apply>
                    <power/>
                    <ci> Xi </ci>
                    <ci> n </ci>
                  </apply>
                </apply>
                <apply>
                  <times/>
                  <ci> b </ci>
                  <apply>
                    <power/>
                    <apply>
                      <times/>
                      <ci> Yi </ci>
                      <ci> Yj </ci>
                    </apply>
                    <ci> n </ci>
                  </apply>
                </apply>
              </apply>
            </apply>
          </lambda>
        </math>
            </functionDefinition>
    </listOfFunctionDefinitions>
    <listOfUnitDefinitions>
      <unitDefinition id="volume" metaid="_103022" name="volume">
        <listOfUnits>
          <unit kind="litre" metaid="_103034" scale="-3"/>
        </listOfUnits>
      </unitDefinition>
      <unitDefinition id="time" metaid="_103046" name="time">
        <listOfUnits>
          <unit kind="second" metaid="_103058" multiplier="60"/>
        </listOfUnits>
      </unitDefinition>
      <unitDefinition id="substance" metaid="_103070" name="substance">
        <listOfUnits>
          <unit kind="mole" metaid="_103082" scale="-3"/>
        </listOfUnits>
      </unitDefinition>
    </listOfUnitDefinitions>
    <listOfCompartments>
      <compartment id="compartment_1" metaid="COPASI2" name="compartment" size="1">
        <annotation>
<COPASI xmlns="http://www.copasi.org/static/sbml">
            <rdf:RDF xmlns:dcterms="http://purl.org/dc/terms/" xmlns:rdf="http://www.w3.org/1999/02/22-rdf-syntax-ns#">
              <rdf:Description rdf:about="#COPASI2">
                <dcterms:created>
                  <rdf:Description>
                    <dcterms:W3CDTF>2012-10-31T12:20:29Z</dcterms:W3CDTF>
                  </rdf:Description>
                </dcterms:created>
              </rdf:Description>
            </rdf:RDF>
          </COPASI>
                                                                                                                          <rdf:RDF xmlns:rdf="http://www.w3.org/1999/02/22-rdf-syntax-ns#" xmlns:bqmodel="http://biomodels.net/model-qualifiers/" xmlns:dcterms="http://purl.org/dc/terms/" xmlns:bqbiol="http://biomodels.net/biology-qualifiers/">
            <rdf:Description rdf:about="#COPASI2">
	<bqbiol:isVersionOf>
	<rdf:Bag>
	<rdf:li rdf:resource="http://identifiers.org/obo.go/GO:0005623"/>
	</rdf:Bag>
	</bqbiol:isVersionOf>
	</rdf:Description>
	
          </rdf:RDF>
        </annotation>
            </compartment>
    </listOfCompartments>
    <listOfSpecies>
      <species compartment="compartment_1" id="species_1" initialConcentration="0" metaid="_103094" name="Xi">
        <annotation>
          <rdf:RDF xmlns:rdf="http://www.w3.org/1999/02/22-rdf-syntax-ns#" xmlns:bqmodel="http://biomodels.net/model-qualifiers/" xmlns:bqbiol="http://biomodels.net/biology-qualifiers/">
            <rdf:Description rdf:about="#_103094">
	<bqbiol:isVersionOf>
	<rdf:Bag>
	<rdf:li rdf:resource="http://identifiers.org/uniprot/P70661"/>
	</rdf:Bag>
	</bqbiol:isVersionOf>
	</rdf:Description>
	
          </rdf:RDF>
        </annotation>
            </species>
      <species compartment="compartment_1" id="species_2" initialConcentration="0" metaid="_103106" name="Yi">
        <annotation>
          <rdf:RDF xmlns:rdf="http://www.w3.org/1999/02/22-rdf-syntax-ns#" xmlns:bqmodel="http://biomodels.net/model-qualifiers/" xmlns:bqbiol="http://biomodels.net/biology-qualifiers/">
            <rdf:Description rdf:about="#_103106">
	<bqbiol:isVersionOf>
	<rdf:Bag>
	<rdf:li rdf:resource="http://identifiers.org/uniprot/Q9QX98"/>
	</rdf:Bag>
	</bqbiol:isVersionOf>
	</rdf:Description>
	
          </rdf:RDF>
        </annotation>
            </species>
      <species compartment="compartment_1" id="species_3" initialConcentration="0" metaid="_103118" name="Xj">
        <annotation>
          <rdf:RDF xmlns:rdf="http://www.w3.org/1999/02/22-rdf-syntax-ns#" xmlns:bqmodel="http://biomodels.net/model-qualifiers/" xmlns:bqbiol="http://biomodels.net/biology-qualifiers/">
            <rdf:Description rdf:about="#_103118">
	<bqbiol:isVersionOf>
	<rdf:Bag>
	<rdf:li rdf:resource="http://identifiers.org/uniprot/P70661"/>
	</rdf:Bag>
	</bqbiol:isVersionOf>
	</rdf:Description>
	
          </rdf:RDF>
        </annotation>
            </species>
      <species compartment="compartment_1" id="species_4" initialConcentration="0" metaid="_103130" name="Yj">
        <annotation>
          <rdf:RDF xmlns:rdf="http://www.w3.org/1999/02/22-rdf-syntax-ns#" xmlns:bqmodel="http://biomodels.net/model-qualifiers/" xmlns:bqbiol="http://biomodels.net/biology-qualifiers/">
            <rdf:Description rdf:about="#_103130">
	<bqbiol:isVersionOf>
	<rdf:Bag>
	<rdf:li rdf:resource="http://identifiers.org/uniprot/Q9QX98"/>
	</rdf:Bag>
	</bqbiol:isVersionOf>
	</rdf:Description>
	
          </rdf:RDF>
        </annotation>
            </species>
    </listOfSpecies>
    <listOfReactions>
      <reaction id="reaction_1" metaid="COPASI3" name="Xi expr" reversible="false">
        <annotation>
<COPASI xmlns="http://www.copasi.org/static/sbml">
            <rdf:RDF xmlns:dcterms="http://purl.org/dc/terms/" xmlns:rdf="http://www.w3.org/1999/02/22-rdf-syntax-ns#">
              <rdf:Description rdf:about="#COPASI3">
                <dcterms:created>
                  <rdf:Description>
                    <dcterms:W3CDTF>2012-10-31T12:12:52Z</dcterms:W3CDTF>
                  </rdf:Description>
                </dcterms:created>
              </rdf:Description>
            </rdf:RDF>
          </COPASI>
                                                                                                                          <rdf:RDF xmlns:rdf="http://www.w3.org/1999/02/22-rdf-syntax-ns#" xmlns:bqmodel="http://biomodels.net/model-qualifiers/" xmlns:dcterms="http://purl.org/dc/terms/" xmlns:bqbiol="http://biomodels.net/biology-qualifiers/">
            <rdf:Description rdf:about="#COPASI3">
	<bqbiol:isVersionOf>
	<rdf:Bag>
	<rdf:li rdf:resource="http://identifiers.org/obo.go/GO:0006412"/>
	</rdf:Bag>
	</bqbiol:isVersionOf>
	</rdf:Description>
	
          </rdf:RDF>
        </annotation>
              <listOfProducts>
          <speciesReference metaid="_103142" species="species_1"/>
        </listOfProducts>
        <listOfModifiers>
          <modifierSpeciesReference metaid="_103154" species="species_3"/>
          <modifierSpeciesReference metaid="_814193" species="species_3"/>
        </listOfModifiers>
        <kineticLaw metaid="_103166">
          <math xmlns="http://www.w3.org/1998/Math/MathML">          
            <apply>
              <times/>
              <ci> compartment_1 </ci>
              <apply>
                <ci> function_1 </ci>
                <ci> theta </ci>
                <ci> a </ci>
                <ci> species_3 </ci>
                <ci> n </ci>
              </apply>
            </apply>
          </math>
                  <listOfParameters>
            <parameter id="theta" metaid="_103178" name="theta" value="0.0001"/>
            <parameter id="a" metaid="_103190" name="a" value="1"/>
            <parameter id="n" metaid="_103202" name="n" value="4"/>
          </listOfParameters>
        </kineticLaw>
      </reaction>
      <reaction id="reaction_2" metaid="COPASI4" name="Xi degr" reversible="false">
        <annotation>
<COPASI xmlns="http://www.copasi.org/static/sbml">
            <rdf:RDF xmlns:dcterms="http://purl.org/dc/terms/" xmlns:rdf="http://www.w3.org/1999/02/22-rdf-syntax-ns#">
              <rdf:Description rdf:about="#COPASI4">
                <dcterms:created>
                  <rdf:Description>
                    <dcterms:W3CDTF>2012-10-31T12:12:32Z</dcterms:W3CDTF>
                  </rdf:Description>
                </dcterms:created>
              </rdf:Description>
            </rdf:RDF>
          </COPASI>
                                                                                                                          <rdf:RDF xmlns:rdf="http://www.w3.org/1999/02/22-rdf-syntax-ns#" xmlns:bqmodel="http://biomodels.net/model-qualifiers/" xmlns:dcterms="http://purl.org/dc/terms/" xmlns:bqbiol="http://biomodels.net/biology-qualifiers/">
            <rdf:Description rdf:about="#COPASI4">
	<bqbiol:isVersionOf>
	<rdf:Bag>
	<rdf:li rdf:resource="http://identifiers.org/obo.go/GO:0030163"/>
	</rdf:Bag>
	</bqbiol:isVersionOf>
	</rdf:Description>
	
          </rdf:RDF>
        </annotation>
              <listOfReactants>
          <speciesReference metaid="_103214" species="species_1"/>
        </listOfReactants>
        <listOfModifiers>
          <modifierSpeciesReference metaid="_814205" species="species_1"/>
        </listOfModifiers>
        <kineticLaw metaid="_103226">
          <math xmlns="http://www.w3.org/1998/Math/MathML">          
            <apply>
              <times/>
              <ci> compartment_1 </ci>
              <ci> k1 </ci>
              <ci> species_1 </ci>
            </apply>
          </math>
                  <listOfParameters>
            <parameter id="k1" metaid="_103238" name="k1" value="1"/>
          </listOfParameters>
        </kineticLaw>
      </reaction>
      <reaction id="reaction_3" metaid="COPASI5" name="Yi expr" reversible="false">
        <annotation>
<COPASI xmlns="http://www.copasi.org/static/sbml">
            <rdf:RDF xmlns:dcterms="http://purl.org/dc/terms/" xmlns:rdf="http://www.w3.org/1999/02/22-rdf-syntax-ns#">
              <rdf:Description rdf:about="#COPASI5">
                <dcterms:created>
                  <rdf:Description>
                    <dcterms:W3CDTF>2012-10-31T12:14:34Z</dcterms:W3CDTF>
                  </rdf:Description>
                </dcterms:created>
              </rdf:Description>
            </rdf:RDF>
          </COPASI>
                                                                                                                          <rdf:RDF xmlns:rdf="http://www.w3.org/1999/02/22-rdf-syntax-ns#" xmlns:bqmodel="http://biomodels.net/model-qualifiers/" xmlns:dcterms="http://purl.org/dc/terms/" xmlns:bqbiol="http://biomodels.net/biology-qualifiers/">
            <rdf:Description rdf:about="#COPASI5">
	<bqbiol:isVersionOf>
	<rdf:Bag>
	<rdf:li rdf:resource="http://identifiers.org/obo.go/GO:0006412"/>
	</rdf:Bag>
	</bqbiol:isVersionOf>
	</rdf:Description>
	
          </rdf:RDF>
        </annotation>
              <listOfProducts>
          <speciesReference metaid="_103250" species="species_2"/>
        </listOfProducts>
        <listOfModifiers>
          <modifierSpeciesReference metaid="_103262" species="species_2"/>
          <modifierSpeciesReference metaid="_103274" species="species_4"/>
          <modifierSpeciesReference metaid="_103286" species="species_1"/>
          <modifierSpeciesReference metaid="_814217" species="species_2"/>
          <modifierSpeciesReference metaid="_814229" species="species_4"/>
          <modifierSpeciesReference metaid="_814241" species="species_1"/>
        </listOfModifiers>
        <kineticLaw metaid="_103298">
          <math xmlns="http://www.w3.org/1998/Math/MathML">          
            <apply>
              <times/>
              <ci> compartment_1 </ci>
              <apply>
                <ci> function_2 </ci>
                <ci> theta </ci>
                <ci> b </ci>
                <ci> species_2 </ci>
                <ci> species_4 </ci>
                <ci> n </ci>
                <ci> c </ci>
                <ci> species_1 </ci>
              </apply>
            </apply>
          </math>
                  <listOfParameters>
            <parameter id="theta" metaid="_103310" name="theta" value="0.0001"/>
            <parameter id="b" metaid="_103322" name="b" value="21"/>
            <parameter id="n" metaid="_103334" name="n" value="4"/>
            <parameter id="c" metaid="_103346" name="c" value="1"/>
          </listOfParameters>
        </kineticLaw>
      </reaction>
      <reaction id="reaction_4" metaid="COPASI6" name="Yi degr" reversible="false">
        <annotation>
<COPASI xmlns="http://www.copasi.org/static/sbml">
            <rdf:RDF xmlns:dcterms="http://purl.org/dc/terms/" xmlns:rdf="http://www.w3.org/1999/02/22-rdf-syntax-ns#">
              <rdf:Description rdf:about="#COPASI6">
                <dcterms:created>
                  <rdf:Description>
                    <dcterms:W3CDTF>2012-10-31T12:14:21Z</dcterms:W3CDTF>
                  </rdf:Description>
                </dcterms:created>
              </rdf:Description>
            </rdf:RDF>
          </COPASI>
                                                                                                                          <rdf:RDF xmlns:rdf="http://www.w3.org/1999/02/22-rdf-syntax-ns#" xmlns:bqmodel="http://biomodels.net/model-qualifiers/" xmlns:dcterms="http://purl.org/dc/terms/" xmlns:bqbiol="http://biomodels.net/biology-qualifiers/">
            <rdf:Description rdf:about="#COPASI6">
	<bqbiol:isVersionOf>
	<rdf:Bag>
	<rdf:li rdf:resource="http://identifiers.org/obo.go/GO:0030163"/>
	</rdf:Bag>
	</bqbiol:isVersionOf>
	</rdf:Description>
	
          </rdf:RDF>
        </annotation>
              <listOfReactants>
          <speciesReference metaid="_103358" species="species_2"/>
        </listOfReactants>
        <listOfModifiers>
          <modifierSpeciesReference metaid="_814253" species="species_2"/>
        </listOfModifiers>
        <kineticLaw metaid="_103370">
          <math xmlns="http://www.w3.org/1998/Math/MathML">          
            <apply>
              <times/>
              <ci> compartment_1 </ci>
              <ci> k1 </ci>
              <ci> species_2 </ci>
            </apply>
          </math>
                  <listOfParameters>
            <parameter id="k1" metaid="_103382" name="k1" value="1"/>
          </listOfParameters>
        </kineticLaw>
      </reaction>
      <reaction id="reaction_5" metaid="COPASI7" name="Xj expr" reversible="false">
        <annotation>
<COPASI xmlns="http://www.copasi.org/static/sbml">
            <rdf:RDF xmlns:dcterms="http://purl.org/dc/terms/" xmlns:rdf="http://www.w3.org/1999/02/22-rdf-syntax-ns#">
              <rdf:Description rdf:about="#COPASI7">
                <dcterms:created>
                  <rdf:Description>
                    <dcterms:W3CDTF>2012-10-31T12:13:42Z</dcterms:W3CDTF>
                  </rdf:Description>
                </dcterms:created>
              </rdf:Description>
            </rdf:RDF>
          </COPASI>
                                                                                                                          <rdf:RDF xmlns:rdf="http://www.w3.org/1999/02/22-rdf-syntax-ns#" xmlns:bqmodel="http://biomodels.net/model-qualifiers/" xmlns:dcterms="http://purl.org/dc/terms/" xmlns:bqbiol="http://biomodels.net/biology-qualifiers/">
            <rdf:Description rdf:about="#COPASI7">
	<bqbiol:isVersionOf>
	<rdf:Bag>
	<rdf:li rdf:resource="http://identifiers.org/obo.go/GO:0006412"/>
	</rdf:Bag>
	</bqbiol:isVersionOf>
	</rdf:Description>
	
          </rdf:RDF>
        </annotation>
              <listOfProducts>
          <speciesReference metaid="_103394" species="species_3"/>
        </listOfProducts>
        <listOfModifiers>
          <modifierSpeciesReference metaid="_103406" species="species_1"/>
          <modifierSpeciesReference metaid="_814265" species="species_1"/>
        </listOfModifiers>
        <kineticLaw metaid="_103418">
          <math xmlns="http://www.w3.org/1998/Math/MathML">          
            <apply>
              <times/>
              <ci> compartment_1 </ci>
              <apply>
                <ci> function_1 </ci>
                <ci> theta </ci>
                <ci> a </ci>
                <ci> species_1 </ci>
                <ci> n </ci>
              </apply>
            </apply>
          </math>
                  <listOfParameters>
            <parameter id="theta" metaid="_103430" name="theta" value="0.0001"/>
            <parameter id="a" metaid="_103442" name="a" value="1"/>
            <parameter id="n" metaid="_103454" name="n" value="4"/>
          </listOfParameters>
        </kineticLaw>
      </reaction>
      <reaction id="reaction_6" metaid="COPASI8" name="Xj degr" reversible="false">
        <annotation>
<COPASI xmlns="http://www.copasi.org/static/sbml">
            <rdf:RDF xmlns:dcterms="http://purl.org/dc/terms/" xmlns:rdf="http://www.w3.org/1999/02/22-rdf-syntax-ns#">
              <rdf:Description rdf:about="#COPASI8">
                <dcterms:created>
                  <rdf:Description>
                    <dcterms:W3CDTF>2012-10-31T12:13:34Z</dcterms:W3CDTF>
                  </rdf:Description>
                </dcterms:created>
              </rdf:Description>
            </rdf:RDF>
          </COPASI>
                                                                                                                          <rdf:RDF xmlns:rdf="http://www.w3.org/1999/02/22-rdf-syntax-ns#" xmlns:bqmodel="http://biomodels.net/model-qualifiers/" xmlns:dcterms="http://purl.org/dc/terms/" xmlns:bqbiol="http://biomodels.net/biology-qualifiers/">
            <rdf:Description rdf:about="#COPASI8">
	<bqbiol:isVersionOf>
	<rdf:Bag>
	<rdf:li rdf:resource="http://identifiers.org/obo.go/GO:0030163"/>
	</rdf:Bag>
	</bqbiol:isVersionOf>
	</rdf:Description>
	
          </rdf:RDF>
        </annotation>
              <listOfReactants>
          <speciesReference metaid="_103466" species="species_3"/>
        </listOfReactants>
        <listOfModifiers>
          <modifierSpeciesReference metaid="_814277" species="species_3"/>
        </listOfModifiers>
        <kineticLaw metaid="_103478">
          <math xmlns="http://www.w3.org/1998/Math/MathML">          
            <apply>
              <times/>
              <ci> compartment_1 </ci>
              <ci> k1 </ci>
              <ci> species_3 </ci>
            </apply>
          </math>
                  <listOfParameters>
            <parameter id="k1" metaid="_103490" name="k1" value="1"/>
          </listOfParameters>
        </kineticLaw>
      </reaction>
      <reaction id="reaction_7" metaid="COPASI9" name="Yj expr" reversible="false">
        <annotation>
<COPASI xmlns="http://www.copasi.org/static/sbml">
            <rdf:RDF xmlns:dcterms="http://purl.org/dc/terms/" xmlns:rdf="http://www.w3.org/1999/02/22-rdf-syntax-ns#">
              <rdf:Description rdf:about="#COPASI9">
                <dcterms:created>
                  <rdf:Description>
                    <dcterms:W3CDTF>2012-10-31T12:15:04Z</dcterms:W3CDTF>
                  </rdf:Description>
                </dcterms:created>
              </rdf:Description>
            </rdf:RDF>
          </COPASI>
                                                                                                                          <rdf:RDF xmlns:rdf="http://www.w3.org/1999/02/22-rdf-syntax-ns#" xmlns:bqmodel="http://biomodels.net/model-qualifiers/" xmlns:dcterms="http://purl.org/dc/terms/" xmlns:bqbiol="http://biomodels.net/biology-qualifiers/">
            <rdf:Description rdf:about="#COPASI9">
	<bqbiol:isVersionOf>
	<rdf:Bag>
	<rdf:li rdf:resource="http://identifiers.org/obo.go/GO:0006412"/>
	</rdf:Bag>
	</bqbiol:isVersionOf>
	</rdf:Description>
	
          </rdf:RDF>
        </annotation>
              <listOfProducts>
          <speciesReference metaid="_103502" species="species_4"/>
        </listOfProducts>
        <listOfModifiers>
          <modifierSpeciesReference metaid="_103514" species="species_2"/>
          <modifierSpeciesReference metaid="_103526" species="species_4"/>
          <modifierSpeciesReference metaid="_103538" species="species_3"/>
          <modifierSpeciesReference metaid="_814289" species="species_2"/>
          <modifierSpeciesReference metaid="_814301" species="species_4"/>
          <modifierSpeciesReference metaid="_814313" species="species_3"/>
        </listOfModifiers>
        <kineticLaw metaid="_103550">
          <math xmlns="http://www.w3.org/1998/Math/MathML">          
            <apply>
              <times/>
              <ci> compartment_1 </ci>
              <apply>
                <ci> function_2 </ci>
                <ci> theta </ci>
                <ci> b </ci>
                <ci> species_2 </ci>
                <ci> species_4 </ci>
                <ci> n </ci>
                <ci> c </ci>
                <ci> species_3 </ci>
              </apply>
            </apply>
          </math>
                  <listOfParameters>
            <parameter id="theta" metaid="_103562" name="theta" value="0.0001"/>
            <parameter id="b" metaid="_103574" name="b" value="21"/>
            <parameter id="n" metaid="_103586" name="n" value="4"/>
            <parameter id="c" metaid="_103598" name="c" value="1"/>
          </listOfParameters>
        </kineticLaw>
      </reaction>
      <reaction id="reaction_8" metaid="COPASI10" name="Yj degr" reversible="false">
        <annotation>
<COPASI xmlns="http://www.copasi.org/static/sbml">
            <rdf:RDF xmlns:dcterms="http://purl.org/dc/terms/" xmlns:rdf="http://www.w3.org/1999/02/22-rdf-syntax-ns#">
              <rdf:Description rdf:about="#COPASI10">
                <dcterms:created>
                  <rdf:Description>
                    <dcterms:W3CDTF>2012-10-31T12:14:30Z</dcterms:W3CDTF>
                  </rdf:Description>
                </dcterms:created>
              </rdf:Description>
            </rdf:RDF>
          </COPASI>
                                                                                                                          <rdf:RDF xmlns:rdf="http://www.w3.org/1999/02/22-rdf-syntax-ns#" xmlns:bqmodel="http://biomodels.net/model-qualifiers/" xmlns:dcterms="http://purl.org/dc/terms/" xmlns:bqbiol="http://biomodels.net/biology-qualifiers/">
            <rdf:Description rdf:about="#COPASI10">
	<bqbiol:isVersionOf>
	<rdf:Bag>
	<rdf:li rdf:resource="http://identifiers.org/obo.go/GO:0030163"/>
	</rdf:Bag>
	</bqbiol:isVersionOf>
	</rdf:Description>
	
          </rdf:RDF>
        </annotation>
              <listOfReactants>
          <speciesReference metaid="_103610" species="species_4"/>
        </listOfReactants>
        <listOfModifiers>
          <modifierSpeciesReference metaid="_814325" species="species_4"/>
        </listOfModifiers>
        <kineticLaw metaid="_103622">
          <math xmlns="http://www.w3.org/1998/Math/MathML">          
            <apply>
              <times/>
              <ci> compartment_1 </ci>
              <ci> k1 </ci>
              <ci> species_4 </ci>
            </apply>
          </math>
                  <listOfParameters>
            <parameter id="k1" metaid="_103634" name="k1" value="1"/>
          </listOfParameters>
        </kineticLaw>
      </reaction>
    </listOfReactions>
  </model>
</sbml>