<?xml version='1.0' encoding='UTF-8' standalone='no'?>
<sbml xmlns="http://www.sbml.org/sbml/level2/version4" level="2" metaid="metaid_0000001" version="4">
  <model metaid="_299753" name="Arnold2011_Sharkey2007_RuBisCO-CalvinCycle">
    <notes>
      <body xmlns="http://www.w3.org/1999/xhtml">
        <p>This model is from the article:      <br/>
                <strong>A quantitative comparison of Calvin–Benson cycle models</strong>
                <br/>
          Anne Arnold, Zoran Nikoloski      <em>Trends in Plant Science</em>
          2011 Oct 14.      <a href="http://www.ncbi.nlm.nih.gov/pubmed/22001849">22001849</a>
          ,      <br/>
                <strong>Abstract:</strong>
                <br/>
          The Calvin-Benson cycle (CBC) provides the precursors for biomass synthesis necessary for plant growth. The dynamic behavior and yield of the CBC depend on the environmental conditions and regulation of the cellular state. Accurate quantitative models hold the promise of identifying the key determinants of the tightly regulated CBC function and their effects on the responses in future climates. We provide an integrative analysis of the largest compendium of existing models for photosynthetic processes. Based on the proposed ranking, our framework facilitates the discovery of best-performing models with regard to metabolomics data and of candidates for metabolic engineering.      </p>
            <p>      <b>Note:</b>
          Model of the Calvin cycle with focus on the RuBisCO reaction by Sharkey et al. (2007,      <a href="http://dx.doi.org/10.1111/j.1365-3040.2007.01710.x">DOI:10.1111/j.1365-3040.2007.01710.x</a>
          ).      </p>
        The parameter values are partly taken from Farquhar et al. (1980,    <a href="http://dx.doi.org/10.1007/BF00386231">DOI:10.1007/BF00386231</a>
        ) and Medlyn et al. (2002,    <a href="http://dx.doi.org/10.1046/j.1365-3040.2002.00891.x">DOI:10.1046/j.1365-3040.2002.00891.x</a>
        ). The initial metabolite values are chosen from the data set of Zhu et al. (2007,    <a href="http://dx.doi.org/10.1104/pp.107.103713">DOI:10.1104/pp.107.103713</a>
        ). A detailed description of all modifications is given in the model described by Arnold and Nikoloski (2011,    <a href="http://www.ncbi.nlm.nih.gov/pubmed/22001849">PMID:22001849</a>
        .    </body>
      
    </notes>
    <annotation>
      <rdf:RDF xmlns:rdf="http://www.w3.org/1999/02/22-rdf-syntax-ns#" xmlns:bqmodel="http://biomodels.net/model-qualifiers/" xmlns:vCard="http://www.w3.org/2001/vcard-rdf/3.0#" xmlns:dc="http://purl.org/dc/elements/1.1/" xmlns:dcterms="http://purl.org/dc/terms/" xmlns:bqbiol="http://biomodels.net/biology-qualifiers/">
        <rdf:Description rdf:about="#_299753">
	<dc:creator>
	<rdf:Bag>
	<rdf:li rdf:parseType="Resource">
	<vCard:N rdf:parseType="Resource">
	<vCard:Family>Chelliah</vCard:Family>
	<vCard:Given>Vijayalakshmi</vCard:Given>
	</vCard:N>
	<vCard:EMAIL>viji@ebi.ac.uk</vCard:EMAIL>
	<vCard:ORG rdf:parseType="Resource">
	<vCard:Orgname>EMBL-EBI</vCard:Orgname>
	</vCard:ORG>
	</rdf:li>
	
	<rdf:li rdf:parseType="Resource">
	<vCard:N rdf:parseType="Resource">
	<vCard:Family>Nikoloski</vCard:Family>
	<vCard:Given>Zoran</vCard:Given>
	</vCard:N>
	<vCard:EMAIL>nikoloski@mpimp-golm.mpg.de</vCard:EMAIL>
	<vCard:ORG rdf:parseType="Resource">
	<vCard:Orgname>Institute  of Biochemistry and Biology, University of Potsdam, 14476 Potsdam, Germany</vCard:Orgname>
	</vCard:ORG>
	</rdf:li>
	<rdf:li rdf:parseType="Resource">
	<vCard:N rdf:parseType="Resource">
	<vCard:Family>Arnold</vCard:Family>
	<vCard:Given>Anne</vCard:Given>
	</vCard:N>
	<vCard:EMAIL>arnold@mpimp-golm.mpg.de</vCard:EMAIL>
	<vCard:ORG rdf:parseType="Resource">
	<vCard:Orgname>Max-Planck-Institute of Molecular Plant Physiology</vCard:Orgname>
	</vCard:ORG>
	</rdf:li>
	</rdf:Bag>
	</dc:creator>
	<dcterms:created rdf:parseType="Resource">
	<dcterms:W3CDTF>2011-10-19T14:51:41Z</dcterms:W3CDTF>
	</dcterms:created>
	<dcterms:modified rdf:parseType="Resource">
	<dcterms:W3CDTF>2012-04-20T19:52:27Z</dcterms:W3CDTF>
	</dcterms:modified>
	<bqmodel:is>
	<rdf:Bag>
	<rdf:li rdf:resource="http://identifiers.org/biomodels.db/MODEL1109270002"/>
	</rdf:Bag>
	</bqmodel:is>
	<bqmodel:is>
	<rdf:Bag>
	<rdf:li rdf:resource="http://identifiers.org/biomodels.db/BIOMD0000000386"/>
	</rdf:Bag>
	</bqmodel:is>
	<bqmodel:isDescribedBy>
	<rdf:Bag>
	<rdf:li rdf:resource="http://identifiers.org/pubmed/22001849"/>
	</rdf:Bag>
	</bqmodel:isDescribedBy>
	<bqmodel:is>
	<rdf:Bag>
	<rdf:li rdf:resource="http://identifiers.org/obo.go/GO:0019253"/>
	</rdf:Bag>
	</bqmodel:is>
	<bqbiol:hasTaxon>
	<rdf:Bag>
	<rdf:li rdf:resource="http://identifiers.org/taxonomy/33090"/>
	</rdf:Bag>
	</bqbiol:hasTaxon>
	</rdf:Description>
	
      </rdf:RDF>
    </annotation>
      <listOfFunctionDefinitions>
      <functionDefinition id="oxygenation" metaid="metaid_0000003" name="Oxygenation">
        <math xmlns="http://www.w3.org/1998/Math/MathML">        
          <lambda>
            <bvar>
              <ci> phi </ci>
            </bvar>
            <bvar>
              <ci> Vc </ci>
            </bvar>
            <bvar>
              <ci> Vj </ci>
            </bvar>
            <bvar>
              <ci> Vp </ci>
            </bvar>
            <apply>
              <divide/>
              <apply>
                <times/>
                <ci> phi </ci>
                <apply>
                  <minus/>
                  <apply>
                    <plus/>
                    <apply>
                      <divide/>
                      <apply>
                        <minus/>
                        <apply>
                          <plus/>
                          <ci> Vc </ci>
                          <ci> Vj </ci>
                        </apply>
                        <apply>
                          <abs/>
                          <apply>
                            <minus/>
                            <ci> Vc </ci>
                            <ci> Vj </ci>
                          </apply>
                        </apply>
                      </apply>
                      <cn> 2 </cn>
                    </apply>
                    <ci> Vp </ci>
                  </apply>
                  <apply>
                    <abs/>
                    <apply>
                      <minus/>
                      <apply>
                        <divide/>
                        <apply>
                          <minus/>
                          <apply>
                            <plus/>
                            <ci> Vc </ci>
                            <ci> Vj </ci>
                          </apply>
                          <apply>
                            <abs/>
                            <apply>
                              <minus/>
                              <ci> Vc </ci>
                              <ci> Vj </ci>
                            </apply>
                          </apply>
                        </apply>
                        <cn> 2 </cn>
                      </apply>
                      <ci> Vp </ci>
                    </apply>
                  </apply>
                </apply>
              </apply>
              <cn> 2 </cn>
            </apply>
          </lambda>
        </math>
            </functionDefinition>
      <functionDefinition id="PGA_consumption" metaid="metaid_0000004" name="PGA consumption">
        <math xmlns="http://www.w3.org/1998/Math/MathML">        
          <lambda>
            <bvar>
              <ci> S1 </ci>
            </bvar>
            <bvar>
              <ci> Rp </ci>
            </bvar>
            <bvar>
              <ci> R </ci>
            </bvar>
            <bvar>
              <ci> Nt </ci>
            </bvar>
            <bvar>
              <ci> Vc </ci>
            </bvar>
            <apply>
              <times/>
              <apply>
                <divide/>
                <ci> S1 </ci>
                <ci> Rp </ci>
              </apply>
              <apply>
                <divide/>
                <ci> R </ci>
                <ci> Nt </ci>
              </apply>
              <ci> Vc </ci>
            </apply>
          </lambda>
        </math>
            </functionDefinition>
      <functionDefinition id="NADPH_production" metaid="metaid_0000005" name="NADPH production">
        <math xmlns="http://www.w3.org/1998/Math/MathML">        
          <lambda>
            <bvar>
              <ci> j </ci>
            </bvar>
            <bvar>
              <ci> S1 </ci>
            </bvar>
            <bvar>
              <ci> Nt </ci>
            </bvar>
            <apply>
              <times/>
              <apply>
                <divide/>
                <ci> j </ci>
                <cn> 2 </cn>
              </apply>
              <apply>
                <divide/>
                <ci> S1 </ci>
                <ci> Nt </ci>
              </apply>
            </apply>
          </lambda>
        </math>
            </functionDefinition>
      <functionDefinition id="carboxylation" metaid="metaid_0000006" name="Carboxylation">
        <math xmlns="http://www.w3.org/1998/Math/MathML">        
          <lambda>
            <bvar>
              <ci> Vc </ci>
            </bvar>
            <bvar>
              <ci> Vj </ci>
            </bvar>
            <bvar>
              <ci> Vp </ci>
            </bvar>
            <apply>
              <divide/>
              <apply>
                <minus/>
                <apply>
                  <plus/>
                  <apply>
                    <divide/>
                    <apply>
                      <minus/>
                      <apply>
                        <plus/>
                        <ci> Vc </ci>
                        <ci> Vj </ci>
                      </apply>
                      <apply>
                        <abs/>
                        <apply>
                          <minus/>
                          <ci> Vc </ci>
                          <ci> Vj </ci>
                        </apply>
                      </apply>
                    </apply>
                    <cn> 2 </cn>
                  </apply>
                  <ci> Vp </ci>
                </apply>
                <apply>
                  <abs/>
                  <apply>
                    <minus/>
                    <apply>
                      <divide/>
                      <apply>
                        <minus/>
                        <apply>
                          <plus/>
                          <ci> Vc </ci>
                          <ci> Vj </ci>
                        </apply>
                        <apply>
                          <abs/>
                          <apply>
                            <minus/>
                            <ci> Vc </ci>
                            <ci> Vj </ci>
                          </apply>
                        </apply>
                      </apply>
                      <cn> 2 </cn>
                    </apply>
                    <ci> Vp </ci>
                  </apply>
                </apply>
              </apply>
              <cn> 2 </cn>
            </apply>
          </lambda>
        </math>
            </functionDefinition>
    </listOfFunctionDefinitions>
    <listOfUnitDefinitions>
      <unitDefinition id="substance" metaid="metaid_0000007">
        <listOfUnits>
          <unit kind="mole" metaid="_022263" scale="-3"/>
        </listOfUnits>
      </unitDefinition>
    </listOfUnitDefinitions>
    <listOfCompartments>
      <compartment id="chloroplast" metaid="metaid_0000023" name="chloroplast" size="1"/>
    </listOfCompartments>
    <listOfSpecies>
      <species boundaryCondition="true" compartment="chloroplast" constant="true" id="RuBP" initialConcentration="2" metaid="metaid_0000024" name="RuBP">
        <annotation>
          <rdf:RDF xmlns:rdf="http://www.w3.org/1999/02/22-rdf-syntax-ns#" xmlns:bqmodel="http://biomodels.net/model-qualifiers/" xmlns:bqbiol="http://biomodels.net/biology-qualifiers/">
            <rdf:Description rdf:about="#metaid_0000024">
	<bqbiol:isVersionOf>
	<rdf:Bag>
	<rdf:li rdf:resource="http://identifiers.org/obo.chebi/CHEBI:16710"/>
	</rdf:Bag>
	</bqbiol:isVersionOf>
	</rdf:Description>
	
          </rdf:RDF>
        </annotation>
            </species>
      <species compartment="chloroplast" id="PGA" initialConcentration="2.4" metaid="metaid_0000025" name="PGA">
        <annotation>
          <rdf:RDF xmlns:rdf="http://www.w3.org/1999/02/22-rdf-syntax-ns#" xmlns:bqmodel="http://biomodels.net/model-qualifiers/" xmlns:bqbiol="http://biomodels.net/biology-qualifiers/">
            <rdf:Description rdf:about="#metaid_0000025">
	<bqbiol:isVersionOf>
	<rdf:Bag>
	<rdf:li rdf:resource="http://identifiers.org/obo.chebi/CHEBI:17050"/>
	</rdf:Bag>
	</bqbiol:isVersionOf>
	</rdf:Description>
	
          </rdf:RDF>
        </annotation>
            </species>
      <species compartment="chloroplast" id="NADPH" initialConcentration="0.21" metaid="metaid_0000026" name="NADPH">
        <annotation>
          <rdf:RDF xmlns:rdf="http://www.w3.org/1999/02/22-rdf-syntax-ns#" xmlns:bqmodel="http://biomodels.net/model-qualifiers/" xmlns:bqbiol="http://biomodels.net/biology-qualifiers/">
            <rdf:Description rdf:about="#metaid_0000026">
	<bqbiol:isVersionOf>
	<rdf:Bag>
	<rdf:li rdf:resource="http://identifiers.org/obo.chebi/CHEBI:16474"/>
	</rdf:Bag>
	</bqbiol:isVersionOf>
	</rdf:Description>
	
          </rdf:RDF>
        </annotation>
            </species>
      <species boundaryCondition="true" compartment="chloroplast" constant="true" id="CO2" initialConcentration="24.5" metaid="metaid_0000027" name="CO2">
        <notes>
          <body xmlns="http://www.w3.org/1999/xhtml">
                <p>[Pa]</p>
                    </body>
          
        </notes>
        <annotation>
          <rdf:RDF xmlns:rdf="http://www.w3.org/1999/02/22-rdf-syntax-ns#" xmlns:bqmodel="http://biomodels.net/model-qualifiers/" xmlns:bqbiol="http://biomodels.net/biology-qualifiers/">
            <rdf:Description rdf:about="#metaid_0000027">
	<bqbiol:isVersionOf>
	<rdf:Bag>
	<rdf:li rdf:resource="http://identifiers.org/obo.chebi/CHEBI:16526"/>
	</rdf:Bag>
	</bqbiol:isVersionOf>
	</rdf:Description>
	
          </rdf:RDF>
        </annotation>
            </species>
      <species boundaryCondition="true" compartment="chloroplast" constant="true" id="O2" initialConcentration="21" metaid="metaid_0000028" name="O2">
        <notes>
          <body xmlns="http://www.w3.org/1999/xhtml">
                <p>[kPa]</p>
                    </body>
          
        </notes>
        <annotation>
          <rdf:RDF xmlns:rdf="http://www.w3.org/1999/02/22-rdf-syntax-ns#" xmlns:bqmodel="http://biomodels.net/model-qualifiers/" xmlns:bqbiol="http://biomodels.net/biology-qualifiers/">
            <rdf:Description rdf:about="#metaid_0000028">
	<bqbiol:isVersionOf>
	<rdf:Bag>
	<rdf:li rdf:resource="http://identifiers.org/obo.chebi/CHEBI:15379"/>
	</rdf:Bag>
	</bqbiol:isVersionOf>
	</rdf:Description>
	
          </rdf:RDF>
        </annotation>
            </species>
      <species boundaryCondition="true" compartment="chloroplast" id="NADP" initialConcentration="0.29" metaid="metaid_0000029" name="NADP">
        <annotation>
          <rdf:RDF xmlns:rdf="http://www.w3.org/1999/02/22-rdf-syntax-ns#" xmlns:bqmodel="http://biomodels.net/model-qualifiers/" xmlns:bqbiol="http://biomodels.net/biology-qualifiers/">
            <rdf:Description rdf:about="#metaid_0000029">
	<bqbiol:isVersionOf>
	<rdf:Bag>
	<rdf:li rdf:resource="http://identifiers.org/obo.chebi/CHEBI:25523"/>
	</rdf:Bag>
	</bqbiol:isVersionOf>
	</rdf:Description>
	
          </rdf:RDF>
        </annotation>
            </species>
    </listOfSpecies>
    <listOfParameters>
      <parameter id="Rp" metaid="metaid_0000008" name="Rp" sboTerm="SBO:0000009" value="3.2"/>
      <parameter id="Nt" metaid="metaid_0000009" name="Nt" sboTerm="SBO:0000009" value="0.5"/>
      <parameter id="Rd" metaid="metaid_0000010" name="Rd" sboTerm="SBO:0000009" value="0.0307674936008629">
        <notes>
          <body xmlns="http://www.w3.org/1999/xhtml">
                <p>converted into [mM] using Winter et al. (1994) subcellular stroma volume, BioNumbers (ID: 105594)</p>
                    </body>
          
        </notes>
      </parameter>
      <parameter id="J" metaid="metaid_0000011" name="J" sboTerm="SBO:0000009" value="0.0307678189755062">
        <notes>
          <body xmlns="http://www.w3.org/1999/xhtml">
                <p>converted into [mM] using Winter et al. (1994) subcellular stroma volume, BioNumbers (ID: 105594)</p>
                    </body>
          
        </notes>
      </parameter>
      <parameter id="gm" metaid="metaid_0000012" name="gm" sboTerm="SBO:0000009" value="0.0307740792044142">
        <notes>
          <body xmlns="http://www.w3.org/1999/xhtml">
                <p>converted into [mM] using Winter et al. (1994) subcellular stroma volume, BioNumbers (ID: 105594)</p>
                    </body>
          
        </notes>
      </parameter>
      <parameter id="Gamma" metaid="metaid_0000013" name="Gamma" sboTerm="SBO:0000009" value="3.74116898182615"/>
      <parameter id="Vcmax" metaid="metaid_0000014" name="Vcmax" sboTerm="SBO:0000009" value="0.0307602623029146">
        <notes>
          <body xmlns="http://www.w3.org/1999/xhtml">
                <p>converted into [mM] using Winter et al. (1994) subcellular stroma volume, BioNumbers (ID: 105594)</p>
                    </body>
          
        </notes>
      </parameter>
      <parameter id="Kc" metaid="metaid_0000015" name="Kc" sboTerm="SBO:0000009" value="27.2372124161502"/>
      <parameter id="Ko" metaid="metaid_0000016" name="Ko" sboTerm="SBO:0000009" value="16.5788431231261"/>
      <parameter constant="false" id="phi" metaid="metaid_0000017" name="phi" sboTerm="SBO:0000009" value="0.286292104000314"/>
      <parameter id="TPU" metaid="metaid_0000018" name="TPU" sboTerm="SBO:0000196" value="0.0307585098788555">
        <notes>
          <body xmlns="http://www.w3.org/1999/xhtml">
                <p>converted into [mM] using Winter et al. (1994) subcellular stroma volume, BioNumbers (ID: 105594)</p>
                    </body>
          
        </notes>
      </parameter>
      <parameter constant="false" id="v_c" metaid="metaid_0000019" name="v_c" sboTerm="SBO:0000009" value="0.00593820961819415"/>
      <parameter constant="false" id="Vj" metaid="metaid_0000020" name="Vj" sboTerm="SBO:0000009" value="0.00593820961819415">
        <notes>
          <body xmlns="http://www.w3.org/1999/xhtml">
                <p>incorporates assimilation rate (A) dependence; solved and replaced (causes a complex assignment)</p>
                    </body>
          
        </notes>
      </parameter>
      <parameter constant="false" id="Vp" metaid="metaid_0000021" name="Vp" sboTerm="SBO:0000009" value="0.110677228404984">
        <notes>
          <body xmlns="http://www.w3.org/1999/xhtml">
                <p>incorporates assimilation rate (A) dependence; solved and replaced (causes a complex assignment)</p>
                    </body>
          
        </notes>
      </parameter>
      <parameter constant="false" id="Vc" metaid="metaid_0000022" name="Vc" sboTerm="SBO:0000009" value="0.00892944491541968">
        <notes>
          <body xmlns="http://www.w3.org/1999/xhtml">
                <p>incorporates assimilation rate (A) dependence; solved and replaced (causes a complex assignment)</p>
                    </body>
          
        </notes>
      </parameter>
    </listOfParameters>
    <listOfRules>
      <assignmentRule metaid="metaid_0000030" variable="Vj">
        <math xmlns="http://www.w3.org/1998/Math/MathML">        
          <apply>
            <divide/>
            <apply>
              <times/>
              <apply>
                <divide/>
                <ci> J </ci>
                <cn> 4 </cn>
              </apply>
              <apply>
                <minus/>
                <ci> CO2 </ci>
                <apply>
                  <times/>
                  <apply>
                    <divide/>
                    <cn> 1 </cn>
                    <cn> 2 </cn>
                  </apply>
                  <apply>
                    <minus/>
                    <apply>
                      <plus/>
                      <ci> CO2 </ci>
                      <apply>
                        <times/>
                        <cn> 2 </cn>
                        <ci> Gamma </ci>
                      </apply>
                      <apply>
                        <divide/>
                        <apply>
                          <minus/>
                          <ci> J </ci>
                          <apply>
                            <times/>
                            <cn> 4 </cn>
                            <ci> Rd </ci>
                          </apply>
                        </apply>
                        <apply>
                          <times/>
                          <cn> 4 </cn>
                          <ci> gm </ci>
                        </apply>
                      </apply>
                    </apply>
                    <apply>
                      <root/>
                      <degree>
                        <cn type="integer"> 2 </cn>
                      </degree>
                      <apply>
                        <plus/>
                        <apply>
                          <power/>
                          <apply>
                            <plus/>
                            <ci> CO2 </ci>
                            <apply>
                              <times/>
                              <cn> 2 </cn>
                              <ci> Gamma </ci>
                            </apply>
                            <apply>
                              <divide/>
                              <apply>
                                <minus/>
                                <ci> J </ci>
                                <apply>
                                  <times/>
                                  <cn> 4 </cn>
                                  <ci> Rd </ci>
                                </apply>
                              </apply>
                              <apply>
                                <times/>
                                <cn> 4 </cn>
                                <ci> gm </ci>
                              </apply>
                            </apply>
                          </apply>
                          <cn> 2 </cn>
                        </apply>
                        <apply>
                          <times/>
                          <apply>
                            <divide/>
                            <cn> 4 </cn>
                            <ci> gm </ci>
                          </apply>
                          <apply>
                            <plus/>
                            <apply>
                              <times/>
                              <ci> Rd </ci>
                              <apply>
                                <plus/>
                                <ci> CO2 </ci>
                                <apply>
                                  <times/>
                                  <cn> 2 </cn>
                                  <ci> Gamma </ci>
                                </apply>
                              </apply>
                            </apply>
                            <apply>
                              <times/>
                              <apply>
                                <divide/>
                                <ci> J </ci>
                                <cn> 4 </cn>
                              </apply>
                              <apply>
                                <minus/>
                                <ci> Gamma </ci>
                                <ci> CO2 </ci>
                              </apply>
                            </apply>
                          </apply>
                        </apply>
                      </apply>
                    </apply>
                  </apply>
                </apply>
              </apply>
            </apply>
            <apply>
              <plus/>
              <apply>
                <minus/>
                <ci> CO2 </ci>
                <apply>
                  <times/>
                  <apply>
                    <divide/>
                    <cn> 1 </cn>
                    <cn> 2 </cn>
                  </apply>
                  <apply>
                    <minus/>
                    <apply>
                      <plus/>
                      <ci> CO2 </ci>
                      <apply>
                        <times/>
                        <cn> 2 </cn>
                        <ci> Gamma </ci>
                      </apply>
                      <apply>
                        <divide/>
                        <apply>
                          <minus/>
                          <ci> J </ci>
                          <apply>
                            <times/>
                            <cn> 4 </cn>
                            <ci> Rd </ci>
                          </apply>
                        </apply>
                        <apply>
                          <times/>
                          <cn> 4 </cn>
                          <ci> gm </ci>
                        </apply>
                      </apply>
                    </apply>
                    <apply>
                      <root/>
                      <degree>
                        <cn type="integer"> 2 </cn>
                      </degree>
                      <apply>
                        <plus/>
                        <apply>
                          <power/>
                          <apply>
                            <plus/>
                            <ci> CO2 </ci>
                            <apply>
                              <times/>
                              <cn> 2 </cn>
                              <ci> Gamma </ci>
                            </apply>
                            <apply>
                              <divide/>
                              <apply>
                                <minus/>
                                <ci> J </ci>
                                <apply>
                                  <times/>
                                  <cn> 4 </cn>
                                  <ci> Rd </ci>
                                </apply>
                              </apply>
                              <apply>
                                <times/>
                                <cn> 4 </cn>
                                <ci> gm </ci>
                              </apply>
                            </apply>
                          </apply>
                          <cn> 2 </cn>
                        </apply>
                        <apply>
                          <times/>
                          <apply>
                            <divide/>
                            <cn> 4 </cn>
                            <ci> gm </ci>
                          </apply>
                          <apply>
                            <plus/>
                            <apply>
                              <times/>
                              <ci> Rd </ci>
                              <apply>
                                <plus/>
                                <ci> CO2 </ci>
                                <apply>
                                  <times/>
                                  <cn> 2 </cn>
                                  <ci> Gamma </ci>
                                </apply>
                              </apply>
                            </apply>
                            <apply>
                              <times/>
                              <apply>
                                <divide/>
                                <ci> J </ci>
                                <cn> 4 </cn>
                              </apply>
                              <apply>
                                <minus/>
                                <ci> Gamma </ci>
                                <ci> CO2 </ci>
                              </apply>
                            </apply>
                          </apply>
                        </apply>
                      </apply>
                    </apply>
                  </apply>
                </apply>
              </apply>
              <apply>
                <times/>
                <cn> 2 </cn>
                <ci> Gamma </ci>
              </apply>
            </apply>
          </apply>
        </math>
            </assignmentRule>
      <assignmentRule metaid="metaid_0000031" variable="NADP">
        <math xmlns="http://www.w3.org/1998/Math/MathML">        
          <apply>
            <minus/>
            <ci> Nt </ci>
            <ci> NADPH </ci>
          </apply>
        </math>
            </assignmentRule>
      <assignmentRule metaid="metaid_0000032" variable="Vp">
        <math xmlns="http://www.w3.org/1998/Math/MathML">        
          <apply>
            <times/>
            <cn> 3 </cn>
            <ci> TPU </ci>
            <apply>
              <divide/>
              <apply>
                <minus/>
                <ci> CO2 </ci>
                <apply>
                  <divide/>
                  <apply>
                    <minus/>
                    <apply>
                      <times/>
                      <cn> 3 </cn>
                      <ci> TPU </ci>
                    </apply>
                    <ci> Rd </ci>
                  </apply>
                  <ci> gm </ci>
                </apply>
              </apply>
              <apply>
                <minus/>
                <apply>
                  <minus/>
                  <ci> CO2 </ci>
                  <apply>
                    <divide/>
                    <apply>
                      <minus/>
                      <apply>
                        <times/>
                        <cn> 3 </cn>
                        <ci> TPU </ci>
                      </apply>
                      <ci> Rd </ci>
                    </apply>
                    <ci> gm </ci>
                  </apply>
                </apply>
                <ci> Gamma </ci>
              </apply>
            </apply>
          </apply>
        </math>
            </assignmentRule>
      <assignmentRule metaid="metaid_0000033" variable="Vc">
        <math xmlns="http://www.w3.org/1998/Math/MathML">        
          <apply>
            <divide/>
            <apply>
              <times/>
              <ci> Vcmax </ci>
              <apply>
                <minus/>
                <ci> CO2 </ci>
                <apply>
                  <times/>
                  <apply>
                    <divide/>
                    <cn> 1 </cn>
                    <cn> 2 </cn>
                  </apply>
                  <apply>
                    <minus/>
                    <apply>
                      <plus/>
                      <ci> CO2 </ci>
                      <apply>
                        <times/>
                        <ci> Kc </ci>
                        <apply>
                          <plus/>
                          <cn> 1 </cn>
                          <apply>
                            <divide/>
                            <ci> O2 </ci>
                            <ci> Ko </ci>
                          </apply>
                        </apply>
                      </apply>
                      <apply>
                        <divide/>
                        <apply>
                          <minus/>
                          <ci> Vcmax </ci>
                          <ci> Rd </ci>
                        </apply>
                        <ci> gm </ci>
                      </apply>
                    </apply>
                    <apply>
                      <root/>
                      <degree>
                        <cn type="integer"> 2 </cn>
                      </degree>
                      <apply>
                        <plus/>
                        <apply>
                          <power/>
                          <apply>
                            <plus/>
                            <ci> CO2 </ci>
                            <apply>
                              <times/>
                              <ci> Kc </ci>
                              <apply>
                                <plus/>
                                <cn> 1 </cn>
                                <apply>
                                  <divide/>
                                  <ci> O2 </ci>
                                  <ci> Ko </ci>
                                </apply>
                              </apply>
                            </apply>
                            <apply>
                              <divide/>
                              <apply>
                                <minus/>
                                <ci> Vcmax </ci>
                                <ci> Rd </ci>
                              </apply>
                              <ci> gm </ci>
                            </apply>
                          </apply>
                          <cn> 2 </cn>
                        </apply>
                        <apply>
                          <times/>
                          <apply>
                            <divide/>
                            <cn> 4 </cn>
                            <ci> gm </ci>
                          </apply>
                          <apply>
                            <plus/>
                            <apply>
                              <times/>
                              <ci> Rd </ci>
                              <apply>
                                <plus/>
                                <ci> CO2 </ci>
                                <apply>
                                  <times/>
                                  <ci> Kc </ci>
                                  <apply>
                                    <plus/>
                                    <cn> 1 </cn>
                                    <apply>
                                      <divide/>
                                      <ci> O2 </ci>
                                      <ci> Ko </ci>
                                    </apply>
                                  </apply>
                                </apply>
                              </apply>
                            </apply>
                            <apply>
                              <times/>
                              <ci> Vcmax </ci>
                              <apply>
                                <minus/>
                                <ci> Gamma </ci>
                                <ci> CO2 </ci>
                              </apply>
                            </apply>
                          </apply>
                        </apply>
                      </apply>
                    </apply>
                  </apply>
                </apply>
              </apply>
            </apply>
            <apply>
              <plus/>
              <apply>
                <minus/>
                <ci> CO2 </ci>
                <apply>
                  <times/>
                  <apply>
                    <divide/>
                    <cn> 1 </cn>
                    <cn> 2 </cn>
                  </apply>
                  <apply>
                    <minus/>
                    <apply>
                      <plus/>
                      <ci> CO2 </ci>
                      <apply>
                        <times/>
                        <ci> Kc </ci>
                        <apply>
                          <plus/>
                          <cn> 1 </cn>
                          <apply>
                            <divide/>
                            <ci> O2 </ci>
                            <ci> Ko </ci>
                          </apply>
                        </apply>
                      </apply>
                      <apply>
                        <divide/>
                        <apply>
                          <minus/>
                          <ci> Vcmax </ci>
                          <ci> Rd </ci>
                        </apply>
                        <ci> gm </ci>
                      </apply>
                    </apply>
                    <apply>
                      <root/>
                      <degree>
                        <cn type="integer"> 2 </cn>
                      </degree>
                      <apply>
                        <plus/>
                        <apply>
                          <power/>
                          <apply>
                            <plus/>
                            <ci> CO2 </ci>
                            <apply>
                              <times/>
                              <ci> Kc </ci>
                              <apply>
                                <plus/>
                                <cn> 1 </cn>
                                <apply>
                                  <divide/>
                                  <ci> O2 </ci>
                                  <ci> Ko </ci>
                                </apply>
                              </apply>
                            </apply>
                            <apply>
                              <divide/>
                              <apply>
                                <minus/>
                                <ci> Vcmax </ci>
                                <ci> Rd </ci>
                              </apply>
                              <ci> gm </ci>
                            </apply>
                          </apply>
                          <cn> 2 </cn>
                        </apply>
                        <apply>
                          <times/>
                          <apply>
                            <divide/>
                            <cn> 4 </cn>
                            <ci> gm </ci>
                          </apply>
                          <apply>
                            <plus/>
                            <apply>
                              <times/>
                              <ci> Rd </ci>
                              <apply>
                                <plus/>
                                <ci> CO2 </ci>
                                <apply>
                                  <times/>
                                  <ci> Kc </ci>
                                  <apply>
                                    <plus/>
                                    <cn> 1 </cn>
                                    <apply>
                                      <divide/>
                                      <ci> O2 </ci>
                                      <ci> Ko </ci>
                                    </apply>
                                  </apply>
                                </apply>
                              </apply>
                            </apply>
                            <apply>
                              <times/>
                              <ci> Vcmax </ci>
                              <apply>
                                <minus/>
                                <ci> Gamma </ci>
                                <ci> CO2 </ci>
                              </apply>
                            </apply>
                          </apply>
                        </apply>
                      </apply>
                    </apply>
                  </apply>
                </apply>
              </apply>
              <apply>
                <times/>
                <ci> Kc </ci>
                <apply>
                  <plus/>
                  <cn> 1 </cn>
                  <apply>
                    <divide/>
                    <ci> O2 </ci>
                    <ci> Ko </ci>
                  </apply>
                </apply>
              </apply>
            </apply>
          </apply>
        </math>
            </assignmentRule>
      <assignmentRule metaid="metaid_0000034" variable="v_c">
        <math xmlns="http://www.w3.org/1998/Math/MathML">        
          <apply>
            <divide/>
            <apply>
              <minus/>
              <apply>
                <abs/>
                <apply>
                  <plus/>
                  <apply>
                    <divide/>
                    <apply>
                      <minus/>
                      <apply>
                        <abs/>
                        <apply>
                          <plus/>
                          <ci> Vc </ci>
                          <ci> Vj </ci>
                        </apply>
                      </apply>
                      <apply>
                        <abs/>
                        <apply>
                          <minus/>
                          <ci> Vc </ci>
                          <ci> Vj </ci>
                        </apply>
                      </apply>
                    </apply>
                    <cn> 2 </cn>
                  </apply>
                  <ci> Vp </ci>
                </apply>
              </apply>
              <apply>
                <abs/>
                <apply>
                  <minus/>
                  <apply>
                    <divide/>
                    <apply>
                      <minus/>
                      <apply>
                        <abs/>
                        <apply>
                          <plus/>
                          <ci> Vc </ci>
                          <ci> Vj </ci>
                        </apply>
                      </apply>
                      <apply>
                        <abs/>
                        <apply>
                          <minus/>
                          <ci> Vc </ci>
                          <ci> Vj </ci>
                        </apply>
                      </apply>
                    </apply>
                    <cn> 2 </cn>
                  </apply>
                  <ci> Vp </ci>
                </apply>
              </apply>
            </apply>
            <cn> 2 </cn>
          </apply>
        </math>
            </assignmentRule>
      <assignmentRule metaid="metaid_0000035" variable="phi">
        <math xmlns="http://www.w3.org/1998/Math/MathML">        
          <apply>
            <divide/>
            <apply>
              <times/>
              <cn> 0.21 </cn>
              <apply>
                <divide/>
                <apply>
                  <times/>
                  <ci> gm </ci>
                  <ci> O2 </ci>
                </apply>
                <ci> Ko </ci>
              </apply>
            </apply>
            <apply>
              <divide/>
              <apply>
                <plus/>
                <apply>
                  <minus/>
                  <apply>
                    <times/>
                    <ci> gm </ci>
                    <ci> CO2 </ci>
                  </apply>
                  <ci> v_c </ci>
                </apply>
                <ci> Rd </ci>
              </apply>
              <ci> Kc </ci>
            </apply>
          </apply>
        </math>
            </assignmentRule>
    </listOfRules>
    <listOfReactions>
      <reaction id="PGA_prod_Vc" metaid="metaid_0000036" name="PGA production - v_c" reversible="false">
        <listOfReactants>
          <speciesReference metaid="_022275" species="RuBP"/>
          <speciesReference metaid="_022287" species="CO2"/>
          <speciesReference metaid="_022299" species="NADPH" stoichiometry="2"/>
        </listOfReactants>
        <listOfProducts>
          <speciesReference metaid="_022311" species="PGA" stoichiometry="2"/>
        </listOfProducts>
        <listOfModifiers>
          <modifierSpeciesReference metaid="_022323" species="O2"/>
        </listOfModifiers>
        <kineticLaw metaid="_022335">
          <math xmlns="http://www.w3.org/1998/Math/MathML">          
            <apply>
              <times/>
              <ci> chloroplast </ci>
              <apply>
                <ci> carboxylation </ci>
                <ci> Vc </ci>
                <ci> Vj </ci>
                <ci> Vp </ci>
              </apply>
            </apply>
          </math>
                </kineticLaw>
      </reaction>
      <reaction id="PGA_prod_Vo" metaid="metaid_0000037" name="PGA production - v_o" reversible="false">
        <listOfReactants>
          <speciesReference metaid="_022347" species="RuBP"/>
          <speciesReference metaid="_022359" species="O2"/>
          <speciesReference metaid="_022371" species="NADPH" stoichiometry="2"/>
        </listOfReactants>
        <listOfProducts>
          <speciesReference metaid="_022383" species="PGA" stoichiometry="1.5"/>
        </listOfProducts>
        <listOfModifiers>
          <modifierSpeciesReference metaid="_022395" species="CO2"/>
        </listOfModifiers>
        <kineticLaw metaid="_022407">
          <math xmlns="http://www.w3.org/1998/Math/MathML">          
            <apply>
              <times/>
              <ci> chloroplast </ci>
              <apply>
                <ci> oxygenation </ci>
                <ci> phi </ci>
                <ci> Vc </ci>
                <ci> Vj </ci>
                <ci> Vp </ci>
              </apply>
            </apply>
          </math>
                </kineticLaw>
      </reaction>
      <reaction id="PGA_cons" metaid="metaid_0000038" name="PGA consumption" reversible="false">
        <listOfReactants>
          <speciesReference metaid="_022419" species="PGA"/>
        </listOfReactants>
        <listOfProducts>
          <speciesReference metaid="_022431" species="RuBP"/>
        </listOfProducts>
        <listOfModifiers>
          <modifierSpeciesReference metaid="_022443" species="NADPH"/>
        </listOfModifiers>
        <kineticLaw metaid="_022455">
          <math xmlns="http://www.w3.org/1998/Math/MathML">          
            <apply>
              <times/>
              <ci> chloroplast </ci>
              <apply>
                <ci> PGA_consumption </ci>
                <ci> PGA </ci>
                <ci> Rp </ci>
                <ci> NADPH </ci>
                <ci> Nt </ci>
                <ci> Vcmax </ci>
              </apply>
            </apply>
          </math>
                </kineticLaw>
      </reaction>
      <reaction id="NADPH_prod" metaid="metaid_0000039" name="NADPH production" reversible="false">
        <listOfReactants>
          <speciesReference metaid="_022467" species="NADP"/>
        </listOfReactants>
        <listOfProducts>
          <speciesReference metaid="_022479" species="NADPH"/>
        </listOfProducts>
        <kineticLaw metaid="_022491">
          <math xmlns="http://www.w3.org/1998/Math/MathML">          
            <apply>
              <times/>
              <ci> chloroplast </ci>
              <apply>
                <ci> NADPH_production </ci>
                <ci> J </ci>
                <ci> NADP </ci>
                <ci> Nt </ci>
              </apply>
            </apply>
          </math>
                </kineticLaw>
      </reaction>
    </listOfReactions>
  </model>
</sbml>