<?xml version='1.0' encoding='UTF-8' standalone='no'?>
<sbml xmlns="http://www.sbml.org/sbml/level2/version3" level="2" metaid="metaid_0000001" version="3">
  <model id="Goldbeter2008_Somite_Segmentation_Clock_Notch_Wnt_FGF" metaid="metaid_0000002" name="Goldbeter2008_Somite_Segmentation_Clock_Notch_Wnt_FGF">
    <notes>
      <body xmlns="http://www.w3.org/1999/xhtml">
        <p>This is a model of the coupled Natch, Wnt and FGF modules as described in:      <br/>
                <b>A. Goldbeter and O. Pourquié</b>
          ,      <em>Modeling the segmentation clock as a network of coupled oscillations in the Notch, Wnt and FGF signaling pathways.</em>
          J Theor Biol. 2008 Jun 7;252(3):574-85, pubmed ID:      <a href="http://www.ncbi.nlm.nih.gov/pubmed/18308339">18308339</a>
                <br/>
          To uncouple the modules remove the reaction      <em>MAx_trans_Xa</em>
          and set      <em>vsFK=vsF</em>
          .      <br/>
          The SBML version of the model was converted from the CellML      <a href="http://www.cellml.org/models/goldbeter_pourquie_2008_version02">version</a>
          by Catherine Lloyd for the      <a href="http://www.cellml.org/models">CellML repository</a>
          .      </p>
            <br/>
            <p>To the extent possible under law, all copyright and related or neighbouring rights to this encoded model have been dedicated to the public domain worldwide. Please refer to      <a href="http://creativecommons.org/publicdomain/zero/1.0/" title="Creative Commons CC0">CC0 Public Domain Dedication</a>
          for more information.      </p>
            <p>In summary, you are entitled to use this encoded model in absolutely any manner you deem suitable, verbatim, or with modification, alone or embedded it in a larger context, redistribute it, commercially or not, in a restricted way or not.</p>
            <br/>
            <p>To cite BioModels Database, please use:      <a href="http://www.ncbi.nlm.nih.gov/pubmed/20587024" class="external">Li C, Donizelli M, Rodriguez N, Dharuri H, Endler L, Chelliah V, Li L, He E, Henry A, Stefan MI, Snoep JL, Hucka M, Le Novère N, Laibe C (2010) BioModels Database: An enhanced, curated and annotated resource for published quantitative kinetic models. BMC Syst Biol., 4:92.</a>
                </p>
            </body>
      
    </notes>
    <annotation>
      <rdf:RDF xmlns:rdf="http://www.w3.org/1999/02/22-rdf-syntax-ns#" xmlns:bqmodel="http://biomodels.net/model-qualifiers/" xmlns:vCard="http://www.w3.org/2001/vcard-rdf/3.0#" xmlns:dc="http://purl.org/dc/elements/1.1/" xmlns:dcterms="http://purl.org/dc/terms/" xmlns:bqbiol="http://biomodels.net/biology-qualifiers/">
        <rdf:Description rdf:about="#metaid_0000002">
	<dc:creator>
	<rdf:Bag>
	<rdf:li rdf:parseType="Resource">
	<vCard:N rdf:parseType="Resource">
	<vCard:Family>Lloyd</vCard:Family>
	<vCard:Given>Catherine</vCard:Given>
	</vCard:N>
	<vCard:EMAIL>c.lloyd@auckland.ac.nz</vCard:EMAIL>
	<vCard:ORG rdf:parseType="Resource">
	<vCard:Orgname>University of Auckland</vCard:Orgname>
	</vCard:ORG>
	</rdf:li>
	<rdf:li rdf:parseType="Resource">
	<vCard:N rdf:parseType="Resource">
	<vCard:Family>Endler</vCard:Family>
	<vCard:Given>Lukas</vCard:Given>
	</vCard:N>
	<vCard:EMAIL>lukas@ebi.ac.uk</vCard:EMAIL>
	<vCard:ORG rdf:parseType="Resource">
	<vCard:Orgname>EMBL-EBI</vCard:Orgname>
	</vCard:ORG>
	</rdf:li>
	</rdf:Bag>
	</dc:creator>
	<dcterms:created rdf:parseType="Resource">
	<dcterms:W3CDTF>2008-11-07T15:03:43Z</dcterms:W3CDTF>
	</dcterms:created>
	<dcterms:modified rdf:parseType="Resource">
	<dcterms:W3CDTF>2013-06-05T17:17:15Z</dcterms:W3CDTF>
	</dcterms:modified>
	<bqmodel:is>
	<rdf:Bag>
	<rdf:li rdf:resource="http://identifiers.org/biomodels.db/MODEL6415057828"/>
	</rdf:Bag>
	</bqmodel:is>
	<bqmodel:is>
	<rdf:Bag>
	<rdf:li rdf:resource="http://identifiers.org/biomodels.db/BIOMD0000000201"/>
	</rdf:Bag>
	</bqmodel:is>
	<bqmodel:isDescribedBy>
	<rdf:Bag>
	<rdf:li rdf:resource="http://identifiers.org/pubmed/18308339"/>
	</rdf:Bag>
	</bqmodel:isDescribedBy>
	<bqbiol:hasVersion>
	<rdf:Bag>
	<rdf:li rdf:resource="http://identifiers.org/obo.go/GO:0007219"/>
	<rdf:li rdf:resource="http://identifiers.org/obo.go/GO:0008543"/>
	<rdf:li rdf:resource="http://identifiers.org/obo.go/GO:0016055"/>
	</rdf:Bag>
	</bqbiol:hasVersion>
	<bqbiol:isPartOf>
	<rdf:Bag>
	<rdf:li rdf:resource="http://identifiers.org/obo.go/GO:0001756"/>
	</rdf:Bag>
	</bqbiol:isPartOf>
	<bqbiol:hasVersion>
	<rdf:Bag>
	<rdf:li rdf:resource="http://identifiers.org/kegg.pathway/ko04010"/>
	<rdf:li rdf:resource="http://identifiers.org/kegg.pathway/ko04330"/>
	<rdf:li rdf:resource="http://identifiers.org/kegg.pathway/ko04310"/>
	</rdf:Bag>
	</bqbiol:hasVersion>
	<bqbiol:hasVersion>
	<rdf:Bag>
	<rdf:li rdf:resource="http://identifiers.org/reactome/REACT_9470.2"/>
	<rdf:li rdf:resource="http://identifiers.org/reactome/REACT_299.2"/>
	<rdf:li rdf:resource="http://identifiers.org/reactome/REACT_11045.1"/>
	</rdf:Bag>
	</bqbiol:hasVersion>
	<bqbiol:hasTaxon>
	<rdf:Bag>
	<rdf:li rdf:resource="http://identifiers.org/taxonomy/32524"/>
	</rdf:Bag>
	</bqbiol:hasTaxon>
	</rdf:Description>
	
      </rdf:RDF>
    </annotation>
      <listOfUnitDefinitions>
      <unitDefinition id="substance" metaid="metaid_0010003" name="nanomole">
        <listOfUnits>
          <unit kind="mole" metaid="_389741" scale="-9"/>
        </listOfUnits>
      </unitDefinition>
      <unitDefinition id="time" metaid="metaid_0000003" name="minute">
        <listOfUnits>
          <unit kind="second" metaid="_389753" multiplier="60"/>
        </listOfUnits>
      </unitDefinition>
      <unitDefinition id="first_order_rate_constant" metaid="metaid_0000004" name="first_order_rate_constant">
        <listOfUnits>
          <unit exponent="-1" kind="second" metaid="_389765" multiplier="60"/>
        </listOfUnits>
      </unitDefinition>
      <unitDefinition id="second_order_rate_constant" metaid="metaid_0000005" name="second_order_rate_constant">
        <listOfUnits>
          <unit exponent="-1" kind="mole" metaid="_389777" scale="-9"/>
          <unit kind="litre" metaid="_389789"/>
          <unit exponent="-1" kind="second" metaid="_389801" multiplier="60"/>
        </listOfUnits>
      </unitDefinition>
      <unitDefinition id="flux" metaid="metaid_0000006" name="flux">
        <listOfUnits>
          <unit kind="mole" metaid="_389813" scale="-9"/>
          <unit exponent="-1" kind="litre" metaid="_389826"/>
          <unit exponent="-1" kind="second" metaid="_389838" multiplier="60"/>
        </listOfUnits>
      </unitDefinition>
      <unitDefinition id="nanomolar" metaid="metaid_0000007" name="nanomolar">
        <listOfUnits>
          <unit kind="mole" metaid="_389850" scale="-9"/>
          <unit exponent="-1" kind="litre" metaid="_389862"/>
        </listOfUnits>
      </unitDefinition>
    </listOfUnitDefinitions>
    <listOfCompartments>
      <compartment id="cytosol" metaid="metaid_0000095" size="1" units="litre">
        <annotation>
          <rdf:RDF xmlns:rdf="http://www.w3.org/1999/02/22-rdf-syntax-ns#" xmlns:bqmodel="http://biomodels.net/model-qualifiers/" xmlns:bqbiol="http://biomodels.net/biology-qualifiers/">
            <rdf:Description rdf:about="#metaid_0000095">
	<bqbiol:is>
	<rdf:Bag>
	<rdf:li rdf:resource="http://identifiers.org/obo.go/GO:0005829"/>
	</rdf:Bag>
	</bqbiol:is>
	</rdf:Description>
	
          </rdf:RDF>
        </annotation>
            </compartment>
    </listOfCompartments>
    <listOfSpecies>
      <species compartment="cytosol" id="N" initialConcentration="0.5" metaid="metaid_0000097" name="Notch protein" sboTerm="SBO:0000252">
        <annotation>
          <rdf:RDF xmlns:rdf="http://www.w3.org/1999/02/22-rdf-syntax-ns#" xmlns:bqmodel="http://biomodels.net/model-qualifiers/" xmlns:bqbiol="http://biomodels.net/biology-qualifiers/">
            <rdf:Description rdf:about="#metaid_0000097">
              <bqbiol:isHomologTo>
	<rdf:Bag>
	<rdf:li rdf:resource="http://identifiers.org/uniprot/P46531"/>
	</rdf:Bag>
	</bqbiol:isHomologTo>
	
	<bqbiol:isVersionOf>
	<rdf:Bag>
	<rdf:li rdf:resource="http://identifiers.org/interpro/IPR008297"/>
	</rdf:Bag>
	</bqbiol:isVersionOf>
	</rdf:Description>
	
          </rdf:RDF>
        </annotation>
            </species>
      <species compartment="cytosol" id="Na" initialConcentration="0.2" metaid="metaid_0000098" name="cytosolic NicD" sboTerm="SBO:0000252">
        <annotation>
          <rdf:RDF xmlns:rdf="http://www.w3.org/1999/02/22-rdf-syntax-ns#" xmlns:bqmodel="http://biomodels.net/model-qualifiers/" xmlns:bqbiol="http://biomodels.net/biology-qualifiers/">
            <rdf:Description rdf:about="#metaid_0000098">
	<bqbiol:isPartOf>
	<rdf:Bag>
	<rdf:li rdf:resource="http://identifiers.org/interpro/IPR008297"/>
	</rdf:Bag>
	</bqbiol:isPartOf>
	</rdf:Description>
	
          </rdf:RDF>
        </annotation>
            </species>
      <species compartment="cytosol" id="Nan" initialConcentration="0" metaid="metaid_0000099" name="nuclear NicD" sboTerm="SBO:0000252">
        <annotation>
          <rdf:RDF xmlns:rdf="http://www.w3.org/1999/02/22-rdf-syntax-ns#" xmlns:bqmodel="http://biomodels.net/model-qualifiers/" xmlns:bqbiol="http://biomodels.net/biology-qualifiers/">
            <rdf:Description rdf:about="#metaid_0000099">
	<bqbiol:isPartOf>
	<rdf:Bag>
	<rdf:li rdf:resource="http://identifiers.org/interpro/IPR008297"/>
	</rdf:Bag>
	</bqbiol:isPartOf>
	</rdf:Description>
	
          </rdf:RDF>
        </annotation>
            </species>
      <species compartment="cytosol" id="MF" initialConcentration="0.1" metaid="metaid_0000100" name="Lunatic fringe mRNA" sboTerm="SBO:0000250">
        <annotation>
          <rdf:RDF xmlns:rdf="http://www.w3.org/1999/02/22-rdf-syntax-ns#" xmlns:bqmodel="http://biomodels.net/model-qualifiers/" xmlns:bqbiol="http://biomodels.net/biology-qualifiers/">
            <rdf:Description rdf:about="#metaid_0000100">
              <bqbiol:isVersionOf>
	<rdf:Bag>
	<rdf:li rdf:resource="http://identifiers.org/chebi/CHEBI:33699"/>
	</rdf:Bag>
	</bqbiol:isVersionOf>
	
	<bqbiol:encodes>
	<rdf:Bag>
	<rdf:li rdf:resource="http://identifiers.org/uniprot/Q8NES3"/>
	<rdf:li rdf:resource="http://identifiers.org/interpro/IPR017374"/>
	</rdf:Bag>
	</bqbiol:encodes>
	</rdf:Description>
	
          </rdf:RDF>
        </annotation>
            </species>
      <species compartment="cytosol" id="F" initialConcentration="0.001" metaid="metaid_0000101" name="Lunatic Fringe protein" sboTerm="SBO:0000252">
        <annotation>
          <rdf:RDF xmlns:rdf="http://www.w3.org/1999/02/22-rdf-syntax-ns#" xmlns:bqmodel="http://biomodels.net/model-qualifiers/" xmlns:bqbiol="http://biomodels.net/biology-qualifiers/">
            <rdf:Description rdf:about="#metaid_0000101">
              <bqbiol:isVersionOf>
	<rdf:Bag>
	<rdf:li rdf:resource="http://identifiers.org/interpro/IPR017374"/>
	</rdf:Bag>
	</bqbiol:isVersionOf>
	
	<bqbiol:isHomologTo>
	<rdf:Bag>
	<rdf:li rdf:resource="http://identifiers.org/uniprot/Q8NES3"/>
	</rdf:Bag>
	</bqbiol:isHomologTo>
	</rdf:Description>
	
          </rdf:RDF>
        </annotation>
            </species>
      <species compartment="cytosol" id="Bp" initialConcentration="0.1" metaid="metaid_0000102" name="phosph. beta-catenin" sboTerm="SBO:0000252">
        <annotation>
          <rdf:RDF xmlns:rdf="http://www.w3.org/1999/02/22-rdf-syntax-ns#" xmlns:bqmodel="http://biomodels.net/model-qualifiers/" xmlns:bqbiol="http://biomodels.net/biology-qualifiers/">
            <rdf:Description rdf:about="#metaid_0000102">
              <bqbiol:isHomologTo>
	<rdf:Bag>
	<rdf:li rdf:resource="http://identifiers.org/uniprot/P35222"/>
	</rdf:Bag>
	</bqbiol:isHomologTo>
	
	<bqbiol:isVersionOf>
	<rdf:Bag>
	<rdf:li rdf:resource="http://identifiers.org/interpro/IPR013284"/>
	<rdf:li rdf:resource="http://identifiers.org/kegg.compound/C00562"/>
	</rdf:Bag>
	</bqbiol:isVersionOf>
	</rdf:Description>
	
          </rdf:RDF>
        </annotation>
            </species>
      <species compartment="cytosol" id="BN" initialConcentration="0.001" metaid="metaid_0000103" name="nuclear beta-catenin" sboTerm="SBO:0000252">
        <annotation>
          <rdf:RDF xmlns:rdf="http://www.w3.org/1999/02/22-rdf-syntax-ns#" xmlns:bqmodel="http://biomodels.net/model-qualifiers/" xmlns:bqbiol="http://biomodels.net/biology-qualifiers/">
            <rdf:Description rdf:about="#metaid_0000103">
              <bqbiol:isHomologTo>
	<rdf:Bag>
	<rdf:li rdf:resource="http://identifiers.org/uniprot/P35222"/>
	</rdf:Bag>
	</bqbiol:isHomologTo>
	
	<bqbiol:isVersionOf>
	<rdf:Bag>
	<rdf:li rdf:resource="http://identifiers.org/interpro/IPR013284"/>
	</rdf:Bag>
	</bqbiol:isVersionOf>
	</rdf:Description>
	
          </rdf:RDF>
        </annotation>
            </species>
      <species compartment="cytosol" id="A" initialConcentration="0.1" metaid="metaid_0000104" name="Axin2 protein" sboTerm="SBO:0000252">
        <annotation>
          <rdf:RDF xmlns:rdf="http://www.w3.org/1999/02/22-rdf-syntax-ns#" xmlns:bqmodel="http://biomodels.net/model-qualifiers/" xmlns:bqbiol="http://biomodels.net/biology-qualifiers/">
            <rdf:Description rdf:about="#metaid_0000104">
	<bqbiol:isHomologTo>
	<rdf:Bag>
	<rdf:li rdf:resource="http://identifiers.org/uniprot/Q9Y2T1"/>
	</rdf:Bag>
	</bqbiol:isHomologTo>
	</rdf:Description>
	
          </rdf:RDF>
        </annotation>
            </species>
      <species compartment="cytosol" id="K" initialConcentration="3" metaid="metaid_0000105" name="Gsk3" sboTerm="SBO:0000252">
        <annotation>
          <rdf:RDF xmlns:rdf="http://www.w3.org/1999/02/22-rdf-syntax-ns#" xmlns:bqmodel="http://biomodels.net/model-qualifiers/" xmlns:bqbiol="http://biomodels.net/biology-qualifiers/">
            <rdf:Description rdf:about="#metaid_0000105">
	<bqbiol:isHomologTo>
	<rdf:Bag>
	<rdf:li rdf:resource="http://identifiers.org/uniprot/P49841"/>
	</rdf:Bag>
	</bqbiol:isHomologTo>
	</rdf:Description>
	
          </rdf:RDF>
        </annotation>
            </species>
      <species compartment="cytosol" id="B" initialConcentration="0.1" metaid="metaid_0000106" name="beta-catenin" sboTerm="SBO:0000252">
        <annotation>
          <rdf:RDF xmlns:rdf="http://www.w3.org/1999/02/22-rdf-syntax-ns#" xmlns:bqmodel="http://biomodels.net/model-qualifiers/" xmlns:bqbiol="http://biomodels.net/biology-qualifiers/">
            <rdf:Description rdf:about="#metaid_0000106">
	<bqbiol:isVersionOf>
	<rdf:Bag>
	<rdf:li rdf:resource="http://identifiers.org/interpro/IPR013284"/>
	</rdf:Bag>
	</bqbiol:isVersionOf>
	</rdf:Description>
	
          </rdf:RDF>
        </annotation>
            </species>
      <species compartment="cytosol" id="MAx" initialConcentration="0.1" metaid="metaid_0000107" name="Axin2 mRNA" sboTerm="SBO:0000250">
        <annotation>
          <rdf:RDF xmlns:rdf="http://www.w3.org/1999/02/22-rdf-syntax-ns#" xmlns:bqmodel="http://biomodels.net/model-qualifiers/" xmlns:bqbiol="http://biomodels.net/biology-qualifiers/">
            <rdf:Description rdf:about="#metaid_0000107">
              <bqbiol:isVersionOf>
	<rdf:Bag>
	<rdf:li rdf:resource="http://identifiers.org/chebi/CHEBI:33699"/>
	</rdf:Bag>
	</bqbiol:isVersionOf>
	<bqbiol:isHomologTo>
	<rdf:Bag>
	<rdf:li rdf:resource="http://identifiers.org/ensembl/ENSG00000168646"/>
	</rdf:Bag>
	</bqbiol:isHomologTo>
	
	<bqbiol:encodes>
	<rdf:Bag>
	<rdf:li rdf:resource="http://identifiers.org/uniprot/Q9Y2T1"/>
	</rdf:Bag>
	</bqbiol:encodes>
	</rdf:Description>
	
          </rdf:RDF>
        </annotation>
            </species>
      <species compartment="cytosol" id="Rasa" initialConcentration="0.5" metaid="metaid_0000108" name="active Ras" sboTerm="SBO:0000252">
        <annotation>
          <rdf:RDF xmlns:rdf="http://www.w3.org/1999/02/22-rdf-syntax-ns#" xmlns:bqmodel="http://biomodels.net/model-qualifiers/" xmlns:bqbiol="http://biomodels.net/biology-qualifiers/">
            <rdf:Description rdf:about="#metaid_0000108">
	<bqbiol:hasVersion>
	<rdf:Bag>
	<rdf:li rdf:resource="http://identifiers.org/chebi/CHEBI:15996"/>
	<rdf:li rdf:resource="http://identifiers.org/interpro/IPR001806"/>
	</rdf:Bag>
	</bqbiol:hasVersion>
	</rdf:Description>
	
          </rdf:RDF>
        </annotation>
            </species>
      <species compartment="cytosol" id="ERKa" initialConcentration="0.2" metaid="metaid_0000109" name="active ERK" sboTerm="SBO:0000252">
        <annotation>
          <rdf:RDF xmlns:rdf="http://www.w3.org/1999/02/22-rdf-syntax-ns#" xmlns:bqmodel="http://biomodels.net/model-qualifiers/" xmlns:bqbiol="http://biomodels.net/biology-qualifiers/">
            <rdf:Description rdf:about="#metaid_0000109">
	<bqbiol:isVersionOf>
	<rdf:Bag>
	<rdf:li rdf:resource="http://identifiers.org/interpro/IPR008349"/>
	</rdf:Bag>
	</bqbiol:isVersionOf>
	</rdf:Description>
	
          </rdf:RDF>
        </annotation>
            </species>
      <species compartment="cytosol" id="Xa" initialConcentration="0.1" metaid="metaid_0000110" name="active TF X" sboTerm="SBO:0000252">
        <annotation>
          <rdf:RDF xmlns:rdf="http://www.w3.org/1999/02/22-rdf-syntax-ns#" xmlns:bqmodel="http://biomodels.net/model-qualifiers/" xmlns:bqbiol="http://biomodels.net/biology-qualifiers/">
            <rdf:Description rdf:about="#metaid_0000110">
	<bqbiol:isVersionOf>
	<rdf:Bag>
	<rdf:li rdf:resource="http://identifiers.org/interpro/IPR006715"/>
	</rdf:Bag>
	</bqbiol:isVersionOf>
	</rdf:Description>
	
          </rdf:RDF>
        </annotation>
            </species>
      <species compartment="cytosol" id="MDusp" initialConcentration="0.1" metaid="metaid_0000111" name="Dusp6 mRNA" sboTerm="SBO:0000250">
        <annotation>
          <rdf:RDF xmlns:rdf="http://www.w3.org/1999/02/22-rdf-syntax-ns#" xmlns:bqmodel="http://biomodels.net/model-qualifiers/" xmlns:bqbiol="http://biomodels.net/biology-qualifiers/">
            <rdf:Description rdf:about="#metaid_0000111">
              <bqbiol:encodes>
	<rdf:Bag>
	<rdf:li rdf:resource="http://identifiers.org/uniprot/Q16828"/>
	</rdf:Bag>
	</bqbiol:encodes>
	
	<bqbiol:isHomologTo>
	<rdf:Bag>
	<rdf:li rdf:resource="http://identifiers.org/ensembl/ENSG00000139318"/>
	</rdf:Bag>
	</bqbiol:isHomologTo>
	</rdf:Description>
	
          </rdf:RDF>
        </annotation>
            </species>
      <species compartment="cytosol" id="Dusp" initialConcentration="0.1" metaid="metaid_0000112" name="Dusp6 protein" sboTerm="SBO:0000252">
        <annotation>
          <rdf:RDF xmlns:rdf="http://www.w3.org/1999/02/22-rdf-syntax-ns#" xmlns:bqmodel="http://biomodels.net/model-qualifiers/" xmlns:bqbiol="http://biomodels.net/biology-qualifiers/">
            <rdf:Description rdf:about="#metaid_0000112">
	<bqbiol:isHomologTo>
	<rdf:Bag>
	<rdf:li rdf:resource="http://identifiers.org/uniprot/Q16828"/>
	</rdf:Bag>
	</bqbiol:isHomologTo>
	</rdf:Description>
	
          </rdf:RDF>
        </annotation>
            </species>
      <species boundaryCondition="true" compartment="cytosol" id="Rasi" metaid="metaid_0000113" name="inactive Ras" sboTerm="SBO:0000252">
        <annotation>
          <rdf:RDF xmlns:rdf="http://www.w3.org/1999/02/22-rdf-syntax-ns#" xmlns:bqmodel="http://biomodels.net/model-qualifiers/" xmlns:bqbiol="http://biomodels.net/biology-qualifiers/">
            <rdf:Description rdf:about="#metaid_0000113">
	<bqbiol:hasVersion>
	<rdf:Bag>
	<rdf:li rdf:resource="http://identifiers.org/chebi/CHEBI:17552"/>
	<rdf:li rdf:resource="http://identifiers.org/interpro/IPR001806"/>
	</rdf:Bag>
	</bqbiol:hasVersion>
	</rdf:Description>
	
          </rdf:RDF>
        </annotation>
            </species>
      <species boundaryCondition="true" compartment="cytosol" id="ERKi" metaid="metaid_0000114" name="inactive ERK" sboTerm="SBO:0000252">
        <annotation>
          <rdf:RDF xmlns:rdf="http://www.w3.org/1999/02/22-rdf-syntax-ns#" xmlns:bqmodel="http://biomodels.net/model-qualifiers/" xmlns:bqbiol="http://biomodels.net/biology-qualifiers/">
            <rdf:Description rdf:about="#metaid_0000114">
	<bqbiol:isVersionOf>
	<rdf:Bag>
	<rdf:li rdf:resource="http://identifiers.org/interpro/IPR008349"/>
	</rdf:Bag>
	</bqbiol:isVersionOf>
	</rdf:Description>
	
          </rdf:RDF>
        </annotation>
            </species>
      <species boundaryCondition="true" compartment="cytosol" id="Xi" metaid="metaid_0000115" name="inactive TF X" sboTerm="SBO:0000252">
        <annotation>
          <rdf:RDF xmlns:rdf="http://www.w3.org/1999/02/22-rdf-syntax-ns#" xmlns:bqmodel="http://biomodels.net/model-qualifiers/" xmlns:bqbiol="http://biomodels.net/biology-qualifiers/">
            <rdf:Description rdf:about="#metaid_0000115">
	<bqbiol:isVersionOf>
	<rdf:Bag>
	<rdf:li rdf:resource="http://identifiers.org/interpro/IPR006715"/>
	</rdf:Bag>
	</bqbiol:isVersionOf>
	</rdf:Description>
	
          </rdf:RDF>
        </annotation>
            </species>
      <species compartment="cytosol" id="Rast" initialConcentration="2" metaid="metaid_0000116" name="Ras total" sboTerm="SBO:0000252">
        <annotation>
          <rdf:RDF xmlns:rdf="http://www.w3.org/1999/02/22-rdf-syntax-ns#" xmlns:bqmodel="http://biomodels.net/model-qualifiers/" xmlns:bqbiol="http://biomodels.net/biology-qualifiers/">
            <rdf:Description rdf:about="#metaid_0000116">
	<bqbiol:isVersionOf>
	<rdf:Bag>
	<rdf:li rdf:resource="http://identifiers.org/interpro/IPR001806"/>
	</rdf:Bag>
	</bqbiol:isVersionOf>
	</rdf:Description>
	
          </rdf:RDF>
        </annotation>
            </species>
      <species compartment="cytosol" id="ERKt" initialConcentration="2" metaid="metaid_0000117" name="ERK total" sboTerm="SBO:0000252">
        <annotation>
          <rdf:RDF xmlns:rdf="http://www.w3.org/1999/02/22-rdf-syntax-ns#" xmlns:bqmodel="http://biomodels.net/model-qualifiers/" xmlns:bqbiol="http://biomodels.net/biology-qualifiers/">
            <rdf:Description rdf:about="#metaid_0000117">
	<bqbiol:isVersionOf>
	<rdf:Bag>
	<rdf:li rdf:resource="http://identifiers.org/interpro/IPR008349"/>
	</rdf:Bag>
	</bqbiol:isVersionOf>
	</rdf:Description>
	
          </rdf:RDF>
        </annotation>
            </species>
      <species compartment="cytosol" id="Xt" initialConcentration="2" metaid="metaid_0000118" name="X total" sboTerm="SBO:0000252">
        <annotation>
          <rdf:RDF xmlns:rdf="http://www.w3.org/1999/02/22-rdf-syntax-ns#" xmlns:bqmodel="http://biomodels.net/model-qualifiers/" xmlns:bqbiol="http://biomodels.net/biology-qualifiers/">
            <rdf:Description rdf:about="#metaid_0000118">
	<bqbiol:isVersionOf>
	<rdf:Bag>
	<rdf:li rdf:resource="http://identifiers.org/interpro/IPR006715"/>
	</rdf:Bag>
	</bqbiol:isVersionOf>
	</rdf:Description>
	
          </rdf:RDF>
        </annotation>
            </species>
      <species compartment="cytosol" id="D" initialConcentration="2" metaid="metaid_0000119" name="Dsh protein" sboTerm="SBO:0000252">
        <annotation>
          <rdf:RDF xmlns:rdf="http://www.w3.org/1999/02/22-rdf-syntax-ns#" xmlns:bqmodel="http://biomodels.net/model-qualifiers/" xmlns:bqbiol="http://biomodels.net/biology-qualifiers/">
            <rdf:Description rdf:about="#metaid_0000119">
              <bqbiol:isVersionOf>
	<rdf:Bag>
	<rdf:li rdf:resource="http://identifiers.org/interpro/IPR003351"/>
	</rdf:Bag>
	</bqbiol:isVersionOf>
	
	<bqbiol:isHomologTo>
	<rdf:Bag>
	<rdf:li rdf:resource="http://identifiers.org/uniprot/O14640"/>
	</rdf:Bag>
	</bqbiol:isHomologTo>
	</rdf:Description>
	
          </rdf:RDF>
        </annotation>
            </species>
      <species boundaryCondition="true" compartment="cytosol" id="AK" metaid="metaid_0000120" name="Axin2/Gsk3 destruction complex" sboTerm="SBO:0000297">
        <annotation>
          <rdf:RDF xmlns:rdf="http://www.w3.org/1999/02/22-rdf-syntax-ns#" xmlns:bqmodel="http://biomodels.net/model-qualifiers/" xmlns:bqbiol="http://biomodels.net/biology-qualifiers/">
            <rdf:Description rdf:about="#metaid_0000120">
	<bqbiol:hasPart>
	<rdf:Bag>
	<rdf:li rdf:resource="http://identifiers.org/uniprot/Q9Y2T1"/>
	<rdf:li rdf:resource="http://identifiers.org/uniprot/P49841"/>
	</rdf:Bag>
	</bqbiol:hasPart>
	</rdf:Description>
	
          </rdf:RDF>
        </annotation>
            </species>
      <species compartment="cytosol" constant="true" id="Kt" initialConcentration="3" metaid="metaid_0000047" name="Kt" sboTerm="SBO:0000252">
        <annotation>
          <rdf:RDF xmlns:rdf="http://www.w3.org/1999/02/22-rdf-syntax-ns#" xmlns:bqmodel="http://biomodels.net/model-qualifiers/" xmlns:bqbiol="http://biomodels.net/biology-qualifiers/">
            <rdf:Description rdf:about="#metaid_0000047">
	<bqbiol:isHomologTo>
	<rdf:Bag>
	<rdf:li rdf:resource="http://identifiers.org/uniprot/P49841"/>
	</rdf:Bag>
	</bqbiol:isHomologTo>
	</rdf:Description>
	
          </rdf:RDF>
        </annotation>
            </species>
      <species compartment="cytosol" constant="true" id="Fgf" initialConcentration="1" metaid="metaid_0000075" name="Fgf" sboTerm="SBO:0000252">
        <annotation>
          <rdf:RDF xmlns:rdf="http://www.w3.org/1999/02/22-rdf-syntax-ns#" xmlns:bqmodel="http://biomodels.net/model-qualifiers/" xmlns:bqbiol="http://biomodels.net/biology-qualifiers/">
            <rdf:Description rdf:about="#metaid_0000075">
	<bqbiol:isVersionOf>
	<rdf:Bag>
	<rdf:li rdf:resource="http://identifiers.org/interpro/IPR017338"/>
	</rdf:Bag>
	</bqbiol:isVersionOf>
	</rdf:Description>
	
          </rdf:RDF>
        </annotation>
            </species>
    </listOfSpecies>
    <listOfParameters>
      <parameter id="KdN" metaid="metaid_0000009" name="KdN" sboTerm="SBO:0000027" units="nanomolar" value="1.4"/>
      <parameter id="vsN" metaid="metaid_0000010" name="vsN" sboTerm="SBO:0000048" units="flux" value="0.23"/>
      <parameter id="vdN" metaid="metaid_0000011" name="vdN" sboTerm="SBO:0000324" units="flux" value="2.82"/>
      <parameter id="KdNa" metaid="metaid_0000013" name="KdNa" sboTerm="SBO:0000027" units="nanomolar" value="0.001"/>
      <parameter id="VdNa" metaid="metaid_0000014" name="VdNa" sboTerm="SBO:0000186" units="flux" value="0.01"/>
      <parameter id="kt1" metaid="metaid_0000015" name="kt1" sboTerm="SBO:0000022" units="first_order_rate_constant" value="0.1"/>
      <parameter id="kt2" metaid="metaid_0000016" name="kt2" sboTerm="SBO:0000032" units="first_order_rate_constant" value="0.1"/>
      <parameter id="KdNan" metaid="metaid_0000017" name="KdNan" sboTerm="SBO:0000027" units="nanomolar" value="0.001"/>
      <parameter id="VdNan" metaid="metaid_0000018" name="VdNan" sboTerm="SBO:0000186" units="flux" value="0.1"/>
      <parameter id="KdMF" metaid="metaid_0000019" name="KdMF" sboTerm="SBO:0000027" units="nanomolar" value="0.768"/>
      <parameter id="KIG1" metaid="metaid_0000020" name="KIG1" units="nanomolar" value="2.5"/>
      <parameter constant="false" id="vsFK" metaid="metaid_0000021" name="vsFK" sboTerm="SBO:0000186" units="flux"/>
      <parameter id="vsF" metaid="metaid_0000022" name="vsF" sboTerm="SBO:0000186" units="flux" value="3"/>
      <parameter id="vmF" metaid="metaid_0000023" name="vmF" sboTerm="SBO:0000186" units="flux" value="1.92"/>
      <parameter id="KA" metaid="metaid_0000024" name="KA" units="nanomolar" value="0.05"/>
      <parameter id="KdF" metaid="metaid_0000025" name="KdF" sboTerm="SBO:0000027" units="nanomolar" value="0.37"/>
      <parameter id="vdF" metaid="metaid_0000026" name="vdF" sboTerm="SBO:0000186" units="flux" value="0.39"/>
      <parameter id="ksF" metaid="metaid_0000027" name="ksF" sboTerm="SBO:0000022" units="first_order_rate_constant" value="0.3"/>
      <parameter id="kd1" metaid="metaid_0000028" name="kd1" sboTerm="SBO:0000022" units="first_order_rate_constant" value="0"/>
      <parameter id="vsB" metaid="metaid_0000029" name="vsB" sboTerm="SBO:0000186" units="flux" value="0.087"/>
      <parameter id="kd2" metaid="metaid_0000030" name="kd2" sboTerm="SBO:0000022" units="first_order_rate_constant" value="7.062"/>
      <parameter id="v0" metaid="metaid_0000031" name="v0" sboTerm="SBO:0000186" units="flux" value="0.06"/>
      <parameter id="vMB" metaid="metaid_0000032" name="vMB" sboTerm="SBO:0000186" units="flux" value="1.64"/>
      <parameter id="vmd" metaid="metaid_0000033" name="vmd" sboTerm="SBO:0000186" units="flux" value="0.8"/>
      <parameter id="KaB" metaid="metaid_0000034" name="KaB" units="nanomolar" value="0.7"/>
      <parameter id="KaXa" metaid="metaid_0000035" name="KaXa" sboTerm="SBO:0000027" units="nanomolar" value="0.05"/>
      <parameter id="Kmd" metaid="metaid_0000036" name="Kmd" units="nanomolar" value="0.48"/>
      <parameter id="n" metaid="metaid_0000037" name="n" sboTerm="SBO:0000190" units="dimensionless" value="2"/>
      <parameter id="m" metaid="metaid_0000038" name="m" sboTerm="SBO:0000190" units="dimensionless" value="2"/>
      <parameter id="vMXa" metaid="metaid_0000039" name="vMXa" sboTerm="SBO:0000186" units="flux" value="0.5"/>
      <parameter id="ksAx" metaid="metaid_0000040" name="ksAx" sboTerm="SBO:0000022" units="first_order_rate_constant" value="0.02"/>
      <parameter id="vdAx" metaid="metaid_0000041" name="vdAx" sboTerm="SBO:0000186" units="flux" value="0.6"/>
      <parameter id="KdAx" metaid="metaid_0000042" name="KdAx" sboTerm="SBO:0000027" units="nanomolar" value="0.63"/>
      <parameter id="d1" metaid="metaid_0000048" name="d1" sboTerm="SBO:0000338" units="first_order_rate_constant" value="0.1"/>
      <parameter id="a1" metaid="metaid_0000049" name="a1" sboTerm="SBO:0000023" units="second_order_rate_constant" value="1.8"/>
      <parameter id="K1" metaid="metaid_0000050" name="K1" sboTerm="SBO:0000027" units="nanomolar" value="0.28"/>
      <parameter id="K2" metaid="metaid_0000051" name="K2" sboTerm="SBO:0000027" units="nanomolar" value="0.03"/>
      <parameter id="kt3" metaid="metaid_0000052" name="kt3" sboTerm="SBO:0000022" units="first_order_rate_constant" value="0.7"/>
      <parameter id="kt4" metaid="metaid_0000053" name="kt4" sboTerm="SBO:0000032" units="first_order_rate_constant" value="1.5"/>
      <parameter id="ksDusp" metaid="metaid_0000056" name="ksDusp" sboTerm="SBO:0000022" units="first_order_rate_constant" value="0.5"/>
      <parameter id="vdDusp" metaid="metaid_0000057" name="vdDusp" sboTerm="SBO:0000186" units="flux" value="2"/>
      <parameter id="KdDusp" metaid="metaid_0000058" name="KdDusp" sboTerm="SBO:0000027" units="nanomolar" value="0.5"/>
      <parameter id="kcDusp" metaid="metaid_0000067" name="kcDusp" sboTerm="SBO:0000022" units="first_order_rate_constant" value="1.35"/>
      <parameter id="KaFgf" metaid="metaid_0000076" name="KaFgf" sboTerm="SBO:0000191" units="nanomolar" value="0.5"/>
      <parameter id="KaRas" metaid="metaid_0000077" name="KaRas" sboTerm="SBO:0000027" units="nanomolar" value="0.103"/>
      <parameter id="KdRas" metaid="metaid_0000078" name="KdRas" sboTerm="SBO:0000027" units="nanomolar" value="0.1"/>
      <parameter id="KdErk" metaid="metaid_0000079" name="KdErk" sboTerm="SBO:0000027" units="nanomolar" value="0.05"/>
      <parameter id="KaErk" metaid="metaid_0000080" name="KaErk" sboTerm="SBO:0000027" units="nanomolar" value="0.05"/>
      <parameter id="KaX" metaid="metaid_0000081" name="KaX" sboTerm="SBO:0000027" units="nanomolar" value="0.05"/>
      <parameter id="KIF" metaid="metaid_0000082" name="KIF" sboTerm="SBO:0000191" units="nanomolar" value="0.5"/>
      <parameter id="KID" metaid="metaid_0000083" name="KID" sboTerm="SBO:0000027" units="nanomolar" value="0.5"/>
      <parameter id="KdX" metaid="metaid_0000084" name="KdX" sboTerm="SBO:0000027" units="nanomolar" value="0.05"/>
      <parameter id="KaMDusp" metaid="metaid_0000085" name="KaMDusp" sboTerm="SBO:0000191" units="nanomolar" value="0.5"/>
      <parameter id="KdMDusp" metaid="metaid_0000086" name="KdMDusp" sboTerm="SBO:0000027" units="nanomolar" value="0.5"/>
      <parameter id="q" metaid="metaid_0000087" name="q" sboTerm="SBO:0000190" units="dimensionless" value="2"/>
      <parameter id="r" metaid="metaid_0000088" name="r" sboTerm="SBO:0000191" units="dimensionless" value="2"/>
      <parameter id="kc" metaid="metaid_0000089" name="kc" sboTerm="SBO:0000022" units="first_order_rate_constant" value="3.45"/>
      <parameter id="j" metaid="metaid_0000090" name="j" sboTerm="SBO:0000191" units="dimensionless" value="2"/>
      <parameter id="p" metaid="metaid_0000091" name="p" sboTerm="SBO:0000191" units="dimensionless" value="2"/>
      <parameter id="epsilon" metaid="metaid_0000092" name="epsilon" sboTerm="SBO:0000381" units="dimensionless" value="0.3"/>
      <parameter id="theta" metaid="metaid_0000093" name="theta" sboTerm="SBO:0000381" units="dimensionless" value="1.5"/>
      <parameter id="eta" metaid="metaid_0000094" name="eta" sboTerm="SBO:0000381" units="dimensionless" value="0.3"/>
      <parameter id="VMsMDusp" metaid="metaid_0000136" name="VMsMDusp" sboTerm="SBO:0000186" units="flux" value="0.9"/>
      <parameter id="VMdMDusp" metaid="metaid_0000137" name="VMdMDusp" sboTerm="SBO:0000186" units="flux" value="0.5"/>
      <parameter id="VMK" metaid="metaid_0000138" name="VMK" sboTerm="SBO:0000186" units="flux" value="5.08"/>
      <parameter id="VMP" metaid="metaid_0000139" name="VMP" sboTerm="SBO:0000186" units="flux" value="1"/>
      <parameter id="VMaRas" metaid="metaid_0000140" name="VMaRas" sboTerm="SBO:0000186" units="flux" value="4.968"/>
      <parameter id="VMdRas" metaid="metaid_0000141" name="VMdRas" sboTerm="SBO:0000186" units="flux" value="0.41"/>
      <parameter id="VMaErk" metaid="metaid_0000142" name="VMaErk" sboTerm="SBO:0000186" units="flux" value="3.3"/>
      <parameter id="VMaX" metaid="metaid_0000143" name="VMaX" sboTerm="SBO:0000186" units="flux" value="1.6"/>
      <parameter id="VMdX" metaid="metaid_0000144" name="VMdX" sboTerm="SBO:0000186" units="flux" value="0.5"/>
    </listOfParameters>
    <listOfRules>
      <assignmentRule metaid="metaid_0000122" variable="vsFK">
        <math xmlns="http://www.w3.org/1998/Math/MathML">        
          <apply>
            <times/>
            <ci> vsF </ci>
            <apply>
              <divide/>
              <ci> KIG1 </ci>
              <apply>
                <plus/>
                <ci> KIG1 </ci>
                <ci> K </ci>
              </apply>
            </apply>
          </apply>
        </math>
            </assignmentRule>
      <assignmentRule metaid="metaid_0000123" variable="AK">
        <math xmlns="http://www.w3.org/1998/Math/MathML">        
          <apply>
            <minus/>
            <ci> Kt </ci>
            <ci> K </ci>
          </apply>
        </math>
            </assignmentRule>
      <assignmentRule metaid="metaid_0000128" variable="Rasi">
        <math xmlns="http://www.w3.org/1998/Math/MathML">        
          <apply>
            <minus/>
            <ci> Rast </ci>
            <ci> Rasa </ci>
          </apply>
        </math>
            </assignmentRule>
      <assignmentRule metaid="metaid_0000131" variable="ERKi">
        <math xmlns="http://www.w3.org/1998/Math/MathML">        
          <apply>
            <minus/>
            <ci> ERKt </ci>
            <ci> ERKa </ci>
          </apply>
        </math>
            </assignmentRule>
      <assignmentRule metaid="metaid_0000134" variable="Xi">
        <math xmlns="http://www.w3.org/1998/Math/MathML">        
          <apply>
            <minus/>
            <ci> Xt </ci>
            <ci> Xa </ci>
          </apply>
        </math>
            </assignmentRule>
    </listOfRules>
    <listOfReactions>
      <reaction id="n_synth" metaid="metaid_0000155" name="Notch_synthesis" reversible="false">
        <annotation>
          <rdf:RDF xmlns:rdf="http://www.w3.org/1999/02/22-rdf-syntax-ns#" xmlns:bqmodel="http://biomodels.net/model-qualifiers/" xmlns:bqbiol="http://biomodels.net/biology-qualifiers/">
            <rdf:Description rdf:about="#metaid_0000155">
	<bqbiol:isVersionOf>
	<rdf:Bag>
	<rdf:li rdf:resource="http://identifiers.org/obo.go/GO:0010467"/>
	</rdf:Bag>
	</bqbiol:isVersionOf>
	</rdf:Description>
	
          </rdf:RDF>
        </annotation>
              <listOfProducts>
          <speciesReference metaid="_389874" species="N"/>
        </listOfProducts>
        <kineticLaw metaid="_389886">
          <math xmlns="http://www.w3.org/1998/Math/MathML">          
            <apply>
              <times/>
              <ci> cytosol </ci>
              <ci> epsilon </ci>
              <ci> vsN </ci>
            </apply>
          </math>
                </kineticLaw>
      </reaction>
      <reaction id="N_degradation" metaid="metaid_0000156" name="N_degradation" reversible="false" sboTerm="SBO:0000179">
        <annotation>
          <rdf:RDF xmlns:rdf="http://www.w3.org/1999/02/22-rdf-syntax-ns#" xmlns:bqmodel="http://biomodels.net/model-qualifiers/" xmlns:bqbiol="http://biomodels.net/biology-qualifiers/">
            <rdf:Description rdf:about="#metaid_0000156">
	<bqbiol:isVersionOf>
	<rdf:Bag>
	<rdf:li rdf:resource="http://identifiers.org/obo.go/GO:0030163"/>
	</rdf:Bag>
	</bqbiol:isVersionOf>
	</rdf:Description>
	
          </rdf:RDF>
        </annotation>
              <listOfReactants>
          <speciesReference metaid="_389898" species="N"/>
        </listOfReactants>
        <kineticLaw metaid="_389910">
          <math xmlns="http://www.w3.org/1998/Math/MathML">          
            <apply>
              <divide/>
              <apply>
                <times/>
                <ci> epsilon </ci>
                <ci> cytosol </ci>
                <ci> vdN </ci>
                <ci> N </ci>
              </apply>
              <apply>
                <plus/>
                <ci> KdN </ci>
                <ci> N </ci>
              </apply>
            </apply>
          </math>
                </kineticLaw>
      </reaction>
      <reaction id="N_activation" metaid="metaid_0000157" name="Notch_activation" reversible="false" sboTerm="SBO:0000178">
        <annotation>
          <rdf:RDF xmlns:rdf="http://www.w3.org/1999/02/22-rdf-syntax-ns#" xmlns:bqmodel="http://biomodels.net/model-qualifiers/" xmlns:bqbiol="http://biomodels.net/biology-qualifiers/">
            <rdf:Description rdf:about="#metaid_0000157">
	<bqbiol:isVersionOf>
	<rdf:Bag>
	<rdf:li rdf:resource="http://identifiers.org/reactome/REACT_691.2"/>
	<rdf:li rdf:resource="http://identifiers.org/obo.go/GO:0007220"/>
	</rdf:Bag>
	</bqbiol:isVersionOf>
	</rdf:Description>
	
          </rdf:RDF>
        </annotation>
              <listOfReactants>
          <speciesReference metaid="_389922" species="N"/>
        </listOfReactants>
        <listOfProducts>
          <speciesReference metaid="_389934" species="Na"/>
        </listOfProducts>
        <listOfModifiers>
          <modifierSpeciesReference metaid="_389946" species="F"/>
        </listOfModifiers>
        <kineticLaw metaid="_389959">
          <math xmlns="http://www.w3.org/1998/Math/MathML">          
            <apply>
              <divide/>
              <apply>
                <times/>
                <ci> epsilon </ci>
                <ci> cytosol </ci>
                <ci> kc </ci>
                <ci> N </ci>
                <apply>
                  <power/>
                  <ci> KIF </ci>
                  <ci> j </ci>
                </apply>
              </apply>
              <apply>
                <plus/>
                <apply>
                  <power/>
                  <ci> KIF </ci>
                  <ci> j </ci>
                </apply>
                <apply>
                  <power/>
                  <ci> F </ci>
                  <ci> j </ci>
                </apply>
              </apply>
            </apply>
          </math>
                </kineticLaw>
      </reaction>
      <reaction id="Na_degradation" metaid="metaid_0000158" name="Na_degradation" reversible="false" sboTerm="SBO:0000179">
        <annotation>
          <rdf:RDF xmlns:rdf="http://www.w3.org/1999/02/22-rdf-syntax-ns#" xmlns:bqmodel="http://biomodels.net/model-qualifiers/" xmlns:bqbiol="http://biomodels.net/biology-qualifiers/">
            <rdf:Description rdf:about="#metaid_0000158">
	<bqbiol:isVersionOf>
	<rdf:Bag>
	<rdf:li rdf:resource="http://identifiers.org/obo.go/GO:0030163"/>
	</rdf:Bag>
	</bqbiol:isVersionOf>
	</rdf:Description>
	
          </rdf:RDF>
        </annotation>
              <listOfReactants>
          <speciesReference metaid="_389971" species="Na"/>
        </listOfReactants>
        <kineticLaw metaid="_389983">
          <math xmlns="http://www.w3.org/1998/Math/MathML">          
            <apply>
              <divide/>
              <apply>
                <times/>
                <ci> epsilon </ci>
                <ci> cytosol </ci>
                <ci> VdNa </ci>
                <ci> Na </ci>
              </apply>
              <apply>
                <plus/>
                <ci> KdNa </ci>
                <ci> Na </ci>
              </apply>
            </apply>
          </math>
                </kineticLaw>
      </reaction>
      <reaction id="Na_transport" metaid="metaid_0000159" sboTerm="SBO:0000185">
        <annotation>
          <rdf:RDF xmlns:rdf="http://www.w3.org/1999/02/22-rdf-syntax-ns#" xmlns:bqmodel="http://biomodels.net/model-qualifiers/" xmlns:bqbiol="http://biomodels.net/biology-qualifiers/">
            <rdf:Description rdf:about="#metaid_0000159">
	<bqbiol:isVersionOf>
	<rdf:Bag>
	<rdf:li rdf:resource="http://identifiers.org/reactome/REACT_2155.3"/>
	<rdf:li rdf:resource="http://identifiers.org/obo.go/GO:0006913"/>
	</rdf:Bag>
	</bqbiol:isVersionOf>
	</rdf:Description>
	
          </rdf:RDF>
        </annotation>
              <listOfReactants>
          <speciesReference metaid="_389995" species="Na"/>
        </listOfReactants>
        <listOfProducts>
          <speciesReference metaid="_390007" species="Nan"/>
        </listOfProducts>
        <kineticLaw metaid="_390019">
          <math xmlns="http://www.w3.org/1998/Math/MathML">          
            <apply>
              <times/>
              <ci> epsilon </ci>
              <ci> cytosol </ci>
              <apply>
                <minus/>
                <apply>
                  <times/>
                  <ci> kt1 </ci>
                  <ci> Na </ci>
                </apply>
                <apply>
                  <times/>
                  <ci> kt2 </ci>
                  <ci> Nan </ci>
                </apply>
              </apply>
            </apply>
          </math>
                </kineticLaw>
      </reaction>
      <reaction id="Nan_degradation" metaid="metaid_0000160" reversible="false" sboTerm="SBO:0000179">
        <annotation>
          <rdf:RDF xmlns:rdf="http://www.w3.org/1999/02/22-rdf-syntax-ns#" xmlns:bqmodel="http://biomodels.net/model-qualifiers/" xmlns:bqbiol="http://biomodels.net/biology-qualifiers/">
            <rdf:Description rdf:about="#metaid_0000160">
	<bqbiol:isVersionOf>
	<rdf:Bag>
	<rdf:li rdf:resource="http://identifiers.org/obo.go/GO:0030163"/>
	</rdf:Bag>
	</bqbiol:isVersionOf>
	</rdf:Description>
	
          </rdf:RDF>
        </annotation>
              <listOfReactants>
          <speciesReference metaid="_390031" species="Nan"/>
        </listOfReactants>
        <kineticLaw metaid="_390043">
          <math xmlns="http://www.w3.org/1998/Math/MathML">          
            <apply>
              <divide/>
              <apply>
                <times/>
                <ci> epsilon </ci>
                <ci> cytosol </ci>
                <ci> VdNan </ci>
                <ci> Nan </ci>
              </apply>
              <apply>
                <plus/>
                <ci> KdNan </ci>
                <ci> Nan </ci>
              </apply>
            </apply>
          </math>
                </kineticLaw>
      </reaction>
      <reaction id="MF_transkription" metaid="metaid_0000161" reversible="false" sboTerm="SBO:0000183">
        <annotation>
          <rdf:RDF xmlns:rdf="http://www.w3.org/1999/02/22-rdf-syntax-ns#" xmlns:bqmodel="http://biomodels.net/model-qualifiers/" xmlns:bqbiol="http://biomodels.net/biology-qualifiers/">
            <rdf:Description rdf:about="#metaid_0000161">
	<bqbiol:isVersionOf>
	<rdf:Bag>
	<rdf:li rdf:resource="http://identifiers.org/obo.go/GO:0009299"/>
	</rdf:Bag>
	</bqbiol:isVersionOf>
	</rdf:Description>
	
          </rdf:RDF>
        </annotation>
              <listOfProducts>
          <speciesReference metaid="_390055" species="MF"/>
        </listOfProducts>
        <listOfModifiers>
          <modifierSpeciesReference metaid="_390068" species="Nan"/>
        </listOfModifiers>
        <kineticLaw metaid="_390080">
          <math xmlns="http://www.w3.org/1998/Math/MathML">          
            <apply>
              <divide/>
              <apply>
                <times/>
                <ci> epsilon </ci>
                <ci> cytosol </ci>
                <ci> vsFK </ci>
                <apply>
                  <power/>
                  <ci> Nan </ci>
                  <ci> p </ci>
                </apply>
              </apply>
              <apply>
                <plus/>
                <apply>
                  <power/>
                  <ci> KA </ci>
                  <ci> p </ci>
                </apply>
                <apply>
                  <power/>
                  <ci> Nan </ci>
                  <ci> p </ci>
                </apply>
              </apply>
            </apply>
          </math>
                </kineticLaw>
      </reaction>
      <reaction id="MF_degradation" metaid="metaid_0000162" reversible="false" sboTerm="SBO:0000179">
        <annotation>
          <rdf:RDF xmlns:rdf="http://www.w3.org/1999/02/22-rdf-syntax-ns#" xmlns:bqmodel="http://biomodels.net/model-qualifiers/" xmlns:bqbiol="http://biomodels.net/biology-qualifiers/">
            <rdf:Description rdf:about="#metaid_0000162">
	<bqbiol:isVersionOf>
	<rdf:Bag>
	<rdf:li rdf:resource="http://identifiers.org/obo.go/GO:0006402"/>
	</rdf:Bag>
	</bqbiol:isVersionOf>
	</rdf:Description>
	
          </rdf:RDF>
        </annotation>
              <listOfReactants>
          <speciesReference metaid="_390092" species="MF"/>
        </listOfReactants>
        <kineticLaw metaid="_390104">
          <math xmlns="http://www.w3.org/1998/Math/MathML">          
            <apply>
              <divide/>
              <apply>
                <times/>
                <ci> epsilon </ci>
                <ci> cytosol </ci>
                <ci> vmF </ci>
                <ci> MF </ci>
              </apply>
              <apply>
                <plus/>
                <ci> KdMF </ci>
                <ci> MF </ci>
              </apply>
            </apply>
          </math>
                </kineticLaw>
      </reaction>
      <reaction id="F_translation" metaid="metaid_0000163" reversible="false" sboTerm="SBO:0000184">
        <annotation>
          <rdf:RDF xmlns:rdf="http://www.w3.org/1999/02/22-rdf-syntax-ns#" xmlns:bqmodel="http://biomodels.net/model-qualifiers/" xmlns:bqbiol="http://biomodels.net/biology-qualifiers/">
            <rdf:Description rdf:about="#metaid_0000163">
	<bqbiol:isVersionOf>
	<rdf:Bag>
	<rdf:li rdf:resource="http://identifiers.org/obo.go/GO:0006412"/>
	</rdf:Bag>
	</bqbiol:isVersionOf>
	</rdf:Description>
	
          </rdf:RDF>
        </annotation>
              <listOfProducts>
          <speciesReference metaid="_390116" species="F"/>
        </listOfProducts>
        <listOfModifiers>
          <modifierSpeciesReference metaid="_390128" species="MF"/>
        </listOfModifiers>
        <kineticLaw metaid="_390140">
          <math xmlns="http://www.w3.org/1998/Math/MathML">          
            <apply>
              <times/>
              <ci> epsilon </ci>
              <ci> cytosol </ci>
              <ci> ksF </ci>
              <ci> MF </ci>
            </apply>
          </math>
                </kineticLaw>
      </reaction>
      <reaction id="F_degradation" metaid="metaid_0000164" reversible="false" sboTerm="SBO:0000179">
        <annotation>
          <rdf:RDF xmlns:rdf="http://www.w3.org/1999/02/22-rdf-syntax-ns#" xmlns:bqmodel="http://biomodels.net/model-qualifiers/" xmlns:bqbiol="http://biomodels.net/biology-qualifiers/">
            <rdf:Description rdf:about="#metaid_0000164">
	<bqbiol:isVersionOf>
	<rdf:Bag>
	<rdf:li rdf:resource="http://identifiers.org/obo.go/GO:0030163"/>
	</rdf:Bag>
	</bqbiol:isVersionOf>
	</rdf:Description>
	
          </rdf:RDF>
        </annotation>
              <listOfReactants>
          <speciesReference metaid="_390152" species="F"/>
        </listOfReactants>
        <kineticLaw metaid="_390164">
          <math xmlns="http://www.w3.org/1998/Math/MathML">          
            <apply>
              <divide/>
              <apply>
                <times/>
                <ci> epsilon </ci>
                <ci> cytosol </ci>
                <ci> vdF </ci>
                <ci> F </ci>
              </apply>
              <apply>
                <plus/>
                <ci> KdF </ci>
                <ci> F </ci>
              </apply>
            </apply>
          </math>
                </kineticLaw>
      </reaction>
      <reaction id="AK_dissoc" metaid="metaid_0000165" sboTerm="SBO:0000180">
        <annotation>
          <rdf:RDF xmlns:rdf="http://www.w3.org/1999/02/22-rdf-syntax-ns#" xmlns:bqmodel="http://biomodels.net/model-qualifiers/" xmlns:bqbiol="http://biomodels.net/biology-qualifiers/">
            <rdf:Description rdf:about="#metaid_0000165">
	<bqbiol:isVersionOf>
	<rdf:Bag>
	<rdf:li rdf:resource="http://identifiers.org/obo.go/GO:0043241"/>
	</rdf:Bag>
	</bqbiol:isVersionOf>
	</rdf:Description>
	
          </rdf:RDF>
        </annotation>
              <listOfReactants>
          <speciesReference metaid="_390176" species="AK"/>
        </listOfReactants>
        <listOfProducts>
          <speciesReference metaid="_390188" species="A"/>
          <speciesReference metaid="_390200" species="K"/>
        </listOfProducts>
        <kineticLaw metaid="_390212">
          <math xmlns="http://www.w3.org/1998/Math/MathML">          
            <apply>
              <times/>
              <ci> theta </ci>
              <ci> cytosol </ci>
              <apply>
                <minus/>
                <apply>
                  <times/>
                  <ci> d1 </ci>
                  <ci> AK </ci>
                </apply>
                <apply>
                  <times/>
                  <ci> a1 </ci>
                  <ci> A </ci>
                  <ci> K </ci>
                </apply>
              </apply>
            </apply>
          </math>
                </kineticLaw>
      </reaction>
      <reaction id="B_synth" metaid="metaid_0000166" reversible="false">
        <annotation>
          <rdf:RDF xmlns:rdf="http://www.w3.org/1999/02/22-rdf-syntax-ns#" xmlns:bqmodel="http://biomodels.net/model-qualifiers/" xmlns:bqbiol="http://biomodels.net/biology-qualifiers/">
            <rdf:Description rdf:about="#metaid_0000166">
	<bqbiol:isVersionOf>
	<rdf:Bag>
	<rdf:li rdf:resource="http://identifiers.org/obo.go/GO:0010467"/>
	</rdf:Bag>
	</bqbiol:isVersionOf>
	</rdf:Description>
	
          </rdf:RDF>
        </annotation>
              <listOfProducts>
          <speciesReference metaid="_390224" species="B"/>
        </listOfProducts>
        <kineticLaw metaid="_390236">
          <math xmlns="http://www.w3.org/1998/Math/MathML">          
            <apply>
              <times/>
              <ci> theta </ci>
              <ci> cytosol </ci>
              <ci> vsB </ci>
            </apply>
          </math>
                </kineticLaw>
      </reaction>
      <reaction id="B_degradation" metaid="metaid_0000167" reversible="false" sboTerm="SBO:0000179">
        <annotation>
          <rdf:RDF xmlns:rdf="http://www.w3.org/1999/02/22-rdf-syntax-ns#" xmlns:bqmodel="http://biomodels.net/model-qualifiers/" xmlns:bqbiol="http://biomodels.net/biology-qualifiers/">
            <rdf:Description rdf:about="#metaid_0000167">
	<bqbiol:isVersionOf>
	<rdf:Bag>
	<rdf:li rdf:resource="http://identifiers.org/obo.go/GO:0030163"/>
	</rdf:Bag>
	</bqbiol:isVersionOf>
	</rdf:Description>
	
          </rdf:RDF>
        </annotation>
              <listOfReactants>
          <speciesReference metaid="_390248" species="B"/>
        </listOfReactants>
        <kineticLaw metaid="_390260">
          <math xmlns="http://www.w3.org/1998/Math/MathML">          
            <apply>
              <times/>
              <ci> theta </ci>
              <ci> cytosol </ci>
              <ci> kd1 </ci>
              <ci> B </ci>
            </apply>
          </math>
                </kineticLaw>
      </reaction>
      <reaction id="B_phosphorylation" metaid="metaid_0000168" reversible="false" sboTerm="SBO:0000216">
        <annotation>
          <rdf:RDF xmlns:rdf="http://www.w3.org/1999/02/22-rdf-syntax-ns#" xmlns:bqmodel="http://biomodels.net/model-qualifiers/" xmlns:bqbiol="http://biomodels.net/biology-qualifiers/">
            <rdf:Description rdf:about="#metaid_0000168">
	<bqbiol:isVersionOf>
	<rdf:Bag>
	<rdf:li rdf:resource="http://identifiers.org/reactome/REACT_11065.1"/>
	<rdf:li rdf:resource="http://identifiers.org/obo.go/GO:0006468"/>
	</rdf:Bag>
	</bqbiol:isVersionOf>
	</rdf:Description>
	
          </rdf:RDF>
        </annotation>
              <listOfReactants>
          <speciesReference metaid="_390272" species="B"/>
        </listOfReactants>
        <listOfProducts>
          <speciesReference metaid="_390284" species="Bp"/>
        </listOfProducts>
        <listOfModifiers>
          <modifierSpeciesReference metaid="_390296" species="AK"/>
          <modifierSpeciesReference metaid="_390308" species="D"/>
          <modifierSpeciesReference metaid="_390320" species="Kt"/>
        </listOfModifiers>
        <kineticLaw metaid="_390332">
          <math xmlns="http://www.w3.org/1998/Math/MathML">          
            <apply>
              <divide/>
              <apply>
                <times/>
                <apply>
                  <divide/>
                  <apply>
                    <times/>
                    <apply>
                      <divide/>
                      <apply>
                        <times/>
                        <ci> theta </ci>
                        <ci> cytosol </ci>
                        <ci> VMK </ci>
                        <ci> KID </ci>
                      </apply>
                      <apply>
                        <plus/>
                        <ci> KID </ci>
                        <ci> D </ci>
                      </apply>
                    </apply>
                    <ci> B </ci>
                  </apply>
                  <apply>
                    <plus/>
                    <ci> K1 </ci>
                    <ci> B </ci>
                  </apply>
                </apply>
                <ci> AK </ci>
              </apply>
              <ci> Kt </ci>
            </apply>
          </math>
                </kineticLaw>
      </reaction>
      <reaction id="BP_dephosphorylation" metaid="metaid_0000169" reversible="false" sboTerm="SBO:0000330">
        <annotation>
          <rdf:RDF xmlns:rdf="http://www.w3.org/1999/02/22-rdf-syntax-ns#" xmlns:bqmodel="http://biomodels.net/model-qualifiers/" xmlns:bqbiol="http://biomodels.net/biology-qualifiers/">
            <rdf:Description rdf:about="#metaid_0000169">
	<bqbiol:isVersionOf>
	<rdf:Bag>
	<rdf:li rdf:resource="http://identifiers.org/obo.go/GO:0006470"/>
	</rdf:Bag>
	</bqbiol:isVersionOf>
	</rdf:Description>
	
          </rdf:RDF>
        </annotation>
              <listOfReactants>
          <speciesReference metaid="_390344" species="Bp"/>
        </listOfReactants>
        <listOfProducts>
          <speciesReference metaid="_390356" species="B"/>
        </listOfProducts>
        <kineticLaw metaid="_390368">
          <math xmlns="http://www.w3.org/1998/Math/MathML">          
            <apply>
              <divide/>
              <apply>
                <times/>
                <ci> theta </ci>
                <ci> cytosol </ci>
                <ci> VMP </ci>
                <ci> Bp </ci>
              </apply>
              <apply>
                <plus/>
                <ci> K2 </ci>
                <ci> Bp </ci>
              </apply>
            </apply>
          </math>
                </kineticLaw>
      </reaction>
      <reaction id="B_shuttling" metaid="metaid_0000170" sboTerm="SBO:0000185">
        <annotation>
          <rdf:RDF xmlns:rdf="http://www.w3.org/1999/02/22-rdf-syntax-ns#" xmlns:bqmodel="http://biomodels.net/model-qualifiers/" xmlns:bqbiol="http://biomodels.net/biology-qualifiers/">
            <rdf:Description rdf:about="#metaid_0000170">
	<bqbiol:isVersionOf>
	<rdf:Bag>
	<rdf:li rdf:resource="http://identifiers.org/obo.go/GO:0006913"/>
	</rdf:Bag>
	</bqbiol:isVersionOf>
	</rdf:Description>
	
          </rdf:RDF>
        </annotation>
              <listOfReactants>
          <speciesReference metaid="_390380" species="BN"/>
        </listOfReactants>
        <listOfProducts>
          <speciesReference metaid="_390392" species="B"/>
        </listOfProducts>
        <kineticLaw metaid="_390404">
          <math xmlns="http://www.w3.org/1998/Math/MathML">          
            <apply>
              <times/>
              <ci> theta </ci>
              <ci> cytosol </ci>
              <apply>
                <minus/>
                <apply>
                  <times/>
                  <ci> kt4 </ci>
                  <ci> BN </ci>
                </apply>
                <apply>
                  <times/>
                  <ci> kt3 </ci>
                  <ci> B </ci>
                </apply>
              </apply>
            </apply>
          </math>
                </kineticLaw>
      </reaction>
      <reaction id="Bp_degradation" metaid="metaid_0000171" reversible="false" sboTerm="SBO:0000179">
        <annotation>
          <rdf:RDF xmlns:rdf="http://www.w3.org/1999/02/22-rdf-syntax-ns#" xmlns:bqmodel="http://biomodels.net/model-qualifiers/" xmlns:bqbiol="http://biomodels.net/biology-qualifiers/">
            <rdf:Description rdf:about="#metaid_0000171">
	<bqbiol:isVersionOf>
	<rdf:Bag>
	<rdf:li rdf:resource="http://identifiers.org/reactome/REACT_11063.1"/>
	<rdf:li rdf:resource="http://identifiers.org/obo.go/GO:0030163"/>
	</rdf:Bag>
	</bqbiol:isVersionOf>
	</rdf:Description>
	
          </rdf:RDF>
        </annotation>
              <listOfReactants>
          <speciesReference metaid="_390416" species="Bp"/>
        </listOfReactants>
        <kineticLaw metaid="_390428">
          <math xmlns="http://www.w3.org/1998/Math/MathML">          
            <apply>
              <times/>
              <ci> theta </ci>
              <ci> cytosol </ci>
              <ci> kd2 </ci>
              <ci> Bp </ci>
            </apply>
          </math>
                </kineticLaw>
      </reaction>
      <reaction id="MAx_trans_basal" metaid="metaid_0000172" reversible="false" sboTerm="SBO:0000183">
        <annotation>
          <rdf:RDF xmlns:rdf="http://www.w3.org/1999/02/22-rdf-syntax-ns#" xmlns:bqmodel="http://biomodels.net/model-qualifiers/" xmlns:bqbiol="http://biomodels.net/biology-qualifiers/">
            <rdf:Description rdf:about="#metaid_0000172">
	<bqbiol:isVersionOf>
	<rdf:Bag>
	<rdf:li rdf:resource="http://identifiers.org/obo.go/GO:0009299"/>
	</rdf:Bag>
	</bqbiol:isVersionOf>
	</rdf:Description>
	
          </rdf:RDF>
        </annotation>
              <listOfProducts>
          <speciesReference metaid="_390440" species="MAx"/>
        </listOfProducts>
        <listOfModifiers>
          <modifierSpeciesReference metaid="_390452" species="BN"/>
        </listOfModifiers>
        <kineticLaw metaid="_390464">
          <math xmlns="http://www.w3.org/1998/Math/MathML">          
            <apply>
              <times/>
              <ci> theta </ci>
              <ci> cytosol </ci>
              <ci> v0 </ci>
            </apply>
          </math>
                </kineticLaw>
      </reaction>
      <reaction id="MAx_trans_BN" metaid="metaid_0110172" reversible="false" sboTerm="SBO:0000183">
        <annotation>
          <rdf:RDF xmlns:rdf="http://www.w3.org/1999/02/22-rdf-syntax-ns#" xmlns:bqmodel="http://biomodels.net/model-qualifiers/" xmlns:bqbiol="http://biomodels.net/biology-qualifiers/">
            <rdf:Description rdf:about="#metaid_0110172">
	<bqbiol:isVersionOf>
	<rdf:Bag>
	<rdf:li rdf:resource="http://identifiers.org/obo.go/GO:0009299"/>
	</rdf:Bag>
	</bqbiol:isVersionOf>
	</rdf:Description>
	
          </rdf:RDF>
        </annotation>
              <listOfProducts>
          <speciesReference metaid="_390476" species="MAx"/>
        </listOfProducts>
        <listOfModifiers>
          <modifierSpeciesReference metaid="_390488" species="BN"/>
        </listOfModifiers>
        <kineticLaw metaid="_390500">
          <math xmlns="http://www.w3.org/1998/Math/MathML">          
            <apply>
              <times/>
              <ci> theta </ci>
              <ci> cytosol </ci>
              <apply>
                <divide/>
                <apply>
                  <times/>
                  <ci> vMB </ci>
                  <apply>
                    <power/>
                    <ci> BN </ci>
                    <ci> n </ci>
                  </apply>
                </apply>
                <apply>
                  <plus/>
                  <apply>
                    <power/>
                    <ci> KaB </ci>
                    <ci> n </ci>
                  </apply>
                  <apply>
                    <power/>
                    <ci> BN </ci>
                    <ci> n </ci>
                  </apply>
                </apply>
              </apply>
            </apply>
          </math>
                </kineticLaw>
      </reaction>
      <reaction id="MAx_trans_Xa" metaid="metaid_0100172" reversible="false" sboTerm="SBO:0000183">
        <annotation>
          <rdf:RDF xmlns:rdf="http://www.w3.org/1999/02/22-rdf-syntax-ns#" xmlns:bqmodel="http://biomodels.net/model-qualifiers/" xmlns:bqbiol="http://biomodels.net/biology-qualifiers/">
            <rdf:Description rdf:about="#metaid_0100172">
	<bqbiol:isVersionOf>
	<rdf:Bag>
	<rdf:li rdf:resource="http://identifiers.org/obo.go/GO:0009299"/>
	</rdf:Bag>
	</bqbiol:isVersionOf>
	</rdf:Description>
	
          </rdf:RDF>
        </annotation>
              <listOfProducts>
          <speciesReference metaid="_390512" species="MAx"/>
        </listOfProducts>
        <listOfModifiers>
          <modifierSpeciesReference metaid="_390524" species="Xa"/>
        </listOfModifiers>
        <kineticLaw metaid="_390536">
          <math xmlns="http://www.w3.org/1998/Math/MathML">          
            <apply>
              <times/>
              <ci> theta </ci>
              <ci> cytosol </ci>
              <apply>
                <divide/>
                <apply>
                  <times/>
                  <ci> vMXa </ci>
                  <apply>
                    <power/>
                    <ci> Xa </ci>
                    <ci> m </ci>
                  </apply>
                </apply>
                <apply>
                  <plus/>
                  <apply>
                    <power/>
                    <ci> KaXa </ci>
                    <ci> m </ci>
                  </apply>
                  <apply>
                    <power/>
                    <ci> Xa </ci>
                    <ci> m </ci>
                  </apply>
                </apply>
              </apply>
            </apply>
          </math>
                </kineticLaw>
      </reaction>
      <reaction id="MAx_degradation" metaid="metaid_0000173" reversible="false" sboTerm="SBO:0000179">
        <annotation>
          <rdf:RDF xmlns:rdf="http://www.w3.org/1999/02/22-rdf-syntax-ns#" xmlns:bqmodel="http://biomodels.net/model-qualifiers/" xmlns:bqbiol="http://biomodels.net/biology-qualifiers/">
            <rdf:Description rdf:about="#metaid_0000173">
	<bqbiol:isVersionOf>
	<rdf:Bag>
	<rdf:li rdf:resource="http://identifiers.org/obo.go/GO:0006402"/>
	</rdf:Bag>
	</bqbiol:isVersionOf>
	</rdf:Description>
	
          </rdf:RDF>
        </annotation>
              <listOfReactants>
          <speciesReference metaid="_390548" species="MAx"/>
        </listOfReactants>
        <kineticLaw metaid="_390560">
          <math xmlns="http://www.w3.org/1998/Math/MathML">          
            <apply>
              <divide/>
              <apply>
                <times/>
                <ci> theta </ci>
                <ci> cytosol </ci>
                <ci> vmd </ci>
                <ci> MAx </ci>
              </apply>
              <apply>
                <plus/>
                <ci> Kmd </ci>
                <ci> MAx </ci>
              </apply>
            </apply>
          </math>
                </kineticLaw>
      </reaction>
      <reaction id="A_translation" metaid="metaid_0000174" reversible="false" sboTerm="SBO:0000184">
        <annotation>
          <rdf:RDF xmlns:rdf="http://www.w3.org/1999/02/22-rdf-syntax-ns#" xmlns:bqmodel="http://biomodels.net/model-qualifiers/" xmlns:bqbiol="http://biomodels.net/biology-qualifiers/">
            <rdf:Description rdf:about="#metaid_0000174">
	<bqbiol:isVersionOf>
	<rdf:Bag>
	<rdf:li rdf:resource="http://identifiers.org/obo.go/GO:0006412"/>
	</rdf:Bag>
	</bqbiol:isVersionOf>
	</rdf:Description>
	
          </rdf:RDF>
        </annotation>
              <listOfProducts>
          <speciesReference metaid="_390572" species="A"/>
        </listOfProducts>
        <listOfModifiers>
          <modifierSpeciesReference metaid="_390584" species="MAx"/>
        </listOfModifiers>
        <kineticLaw metaid="_390597">
          <math xmlns="http://www.w3.org/1998/Math/MathML">          
            <apply>
              <times/>
              <ci> theta </ci>
              <ci> cytosol </ci>
              <ci> ksAx </ci>
              <ci> MAx </ci>
            </apply>
          </math>
                </kineticLaw>
      </reaction>
      <reaction id="A_degradation" metaid="metaid_0000175" reversible="false" sboTerm="SBO:0000179">
        <annotation>
          <rdf:RDF xmlns:rdf="http://www.w3.org/1999/02/22-rdf-syntax-ns#" xmlns:bqmodel="http://biomodels.net/model-qualifiers/" xmlns:bqbiol="http://biomodels.net/biology-qualifiers/">
            <rdf:Description rdf:about="#metaid_0000175">
	<bqbiol:isVersionOf>
	<rdf:Bag>
	<rdf:li rdf:resource="http://identifiers.org/obo.go/GO:0030163"/>
	</rdf:Bag>
	</bqbiol:isVersionOf>
	</rdf:Description>
	
          </rdf:RDF>
        </annotation>
              <listOfReactants>
          <speciesReference metaid="_390609" species="A"/>
        </listOfReactants>
        <kineticLaw metaid="_390621">
          <math xmlns="http://www.w3.org/1998/Math/MathML">          
            <apply>
              <divide/>
              <apply>
                <times/>
                <ci> theta </ci>
                <ci> cytosol </ci>
                <ci> vdAx </ci>
                <ci> A </ci>
              </apply>
              <apply>
                <plus/>
                <ci> KdAx </ci>
                <ci> A </ci>
              </apply>
            </apply>
          </math>
                </kineticLaw>
      </reaction>
      <reaction id="Ras_activation" metaid="metaid_0000176" reversible="false">
        <annotation>
          <rdf:RDF xmlns:rdf="http://www.w3.org/1999/02/22-rdf-syntax-ns#" xmlns:bqmodel="http://biomodels.net/model-qualifiers/" xmlns:bqbiol="http://biomodels.net/biology-qualifiers/">
            <rdf:Description rdf:about="#metaid_0000176">
	<bqbiol:isVersionOf>
	<rdf:Bag>
	<rdf:li rdf:resource="http://identifiers.org/reactome/REACT_2010.5"/>
	<rdf:li rdf:resource="http://identifiers.org/obo.go/GO:0032856"/>
	</rdf:Bag>
	</bqbiol:isVersionOf>
	</rdf:Description>
	
          </rdf:RDF>
        </annotation>
              <listOfProducts>
          <speciesReference metaid="_390633" species="Rasa"/>
        </listOfProducts>
        <listOfModifiers>
          <modifierSpeciesReference metaid="_390646" species="Rasi"/>
          <modifierSpeciesReference metaid="_390658" species="Fgf"/>
        </listOfModifiers>
        <kineticLaw metaid="_390670">
          <math xmlns="http://www.w3.org/1998/Math/MathML">          
            <apply>
              <divide/>
              <apply>
                <times/>
                <apply>
                  <divide/>
                  <apply>
                    <times/>
                    <ci> eta </ci>
                    <ci> cytosol </ci>
                    <ci> VMaRas </ci>
                    <apply>
                      <power/>
                      <ci> Fgf </ci>
                      <ci> r </ci>
                    </apply>
                  </apply>
                  <apply>
                    <plus/>
                    <apply>
                      <power/>
                      <ci> KaFgf </ci>
                      <ci> r </ci>
                    </apply>
                    <apply>
                      <power/>
                      <ci> Fgf </ci>
                      <ci> r </ci>
                    </apply>
                  </apply>
                </apply>
                <ci> Rasi </ci>
              </apply>
              <apply>
                <plus/>
                <ci> KaRas </ci>
                <ci> Rasi </ci>
              </apply>
            </apply>
          </math>
                </kineticLaw>
      </reaction>
      <reaction id="Ras_inactivation" metaid="metaid_0000177" reversible="false">
        <annotation>
          <rdf:RDF xmlns:rdf="http://www.w3.org/1999/02/22-rdf-syntax-ns#" xmlns:bqmodel="http://biomodels.net/model-qualifiers/" xmlns:bqbiol="http://biomodels.net/biology-qualifiers/">
            <rdf:Description rdf:about="#metaid_0000177">
	<bqbiol:isVersionOf>
	<rdf:Bag>
	<rdf:li rdf:resource="http://identifiers.org/obo.go/GO:0034261"/>
	</rdf:Bag>
	</bqbiol:isVersionOf>
	</rdf:Description>
	
          </rdf:RDF>
        </annotation>
              <listOfReactants>
          <speciesReference metaid="_390682" species="Rasa"/>
        </listOfReactants>
        <kineticLaw metaid="_390694">
          <math xmlns="http://www.w3.org/1998/Math/MathML">          
            <apply>
              <divide/>
              <apply>
                <times/>
                <ci> eta </ci>
                <ci> cytosol </ci>
                <ci> VMdRas </ci>
                <ci> Rasa </ci>
              </apply>
              <apply>
                <plus/>
                <ci> KdRas </ci>
                <ci> Rasa </ci>
              </apply>
            </apply>
          </math>
                </kineticLaw>
      </reaction>
      <reaction id="Erk_activation" metaid="metaid_0000178" reversible="false">
        <annotation>
          <rdf:RDF xmlns:rdf="http://www.w3.org/1999/02/22-rdf-syntax-ns#" xmlns:bqmodel="http://biomodels.net/model-qualifiers/" xmlns:bqbiol="http://biomodels.net/biology-qualifiers/">
            <rdf:Description rdf:about="#metaid_0000178">
	<bqbiol:isVersionOf>
	<rdf:Bag>
	<rdf:li rdf:resource="http://identifiers.org/reactome/REACT_1482.4"/>
	</rdf:Bag>
	</bqbiol:isVersionOf>
	</rdf:Description>
	
          </rdf:RDF>
        </annotation>
              <listOfProducts>
          <speciesReference metaid="_390707" species="ERKa"/>
        </listOfProducts>
        <listOfModifiers>
          <modifierSpeciesReference metaid="_390719" species="ERKi"/>
          <modifierSpeciesReference metaid="_390731" species="Rasa"/>
          <modifierSpeciesReference metaid="_390744" species="Rast"/>
        </listOfModifiers>
        <kineticLaw metaid="_390756">
          <math xmlns="http://www.w3.org/1998/Math/MathML">          
            <apply>
              <divide/>
              <apply>
                <times/>
                <apply>
                  <divide/>
                  <apply>
                    <times/>
                    <ci> eta </ci>
                    <ci> cytosol </ci>
                    <ci> VMaErk </ci>
                    <ci> Rasa </ci>
                  </apply>
                  <ci> Rast </ci>
                </apply>
                <ci> ERKi </ci>
              </apply>
              <apply>
                <plus/>
                <ci> KaErk </ci>
                <ci> ERKi </ci>
              </apply>
            </apply>
          </math>
                </kineticLaw>
      </reaction>
      <reaction id="Erk_inactivation" metaid="metaid_0000179" reversible="false">
        <annotation>
          <rdf:RDF xmlns:rdf="http://www.w3.org/1999/02/22-rdf-syntax-ns#" xmlns:bqmodel="http://biomodels.net/model-qualifiers/" xmlns:bqbiol="http://biomodels.net/biology-qualifiers/">
            <rdf:Description rdf:about="#metaid_0000179">
	<bqbiol:isVersionOf>
	<rdf:Bag>
	<rdf:li rdf:resource="http://identifiers.org/reactome/REACT_12436.1"/>
	</rdf:Bag>
	</bqbiol:isVersionOf>
	</rdf:Description>
	
          </rdf:RDF>
        </annotation>
              <listOfReactants>
          <speciesReference metaid="_390768" species="ERKa"/>
        </listOfReactants>
        <listOfModifiers>
          <modifierSpeciesReference metaid="_390780" species="Dusp"/>
        </listOfModifiers>
        <kineticLaw metaid="_390792">
          <math xmlns="http://www.w3.org/1998/Math/MathML">          
            <apply>
              <divide/>
              <apply>
                <times/>
                <ci> eta </ci>
                <ci> cytosol </ci>
                <ci> kcDusp </ci>
                <ci> Dusp </ci>
                <ci> ERKa </ci>
              </apply>
              <apply>
                <plus/>
                <ci> KdErk </ci>
                <ci> ERKa </ci>
              </apply>
            </apply>
          </math>
                </kineticLaw>
      </reaction>
      <reaction id="X_activation" metaid="metaid_0000180" reversible="false">
        <annotation>
          <rdf:RDF xmlns:rdf="http://www.w3.org/1999/02/22-rdf-syntax-ns#" xmlns:bqmodel="http://biomodels.net/model-qualifiers/" xmlns:bqbiol="http://biomodels.net/biology-qualifiers/">
            <rdf:Description rdf:about="#metaid_0000180">
	<bqbiol:isVersionOf>
	<rdf:Bag>
	<rdf:li rdf:resource="http://identifiers.org/obo.go/GO:0051091"/>
	</rdf:Bag>
	</bqbiol:isVersionOf>
	</rdf:Description>
	
          </rdf:RDF>
        </annotation>
              <listOfProducts>
          <speciesReference metaid="_390804" species="Xa"/>
        </listOfProducts>
        <listOfModifiers>
          <modifierSpeciesReference metaid="_390816" species="ERKa"/>
          <modifierSpeciesReference metaid="_390828" species="ERKt"/>
          <modifierSpeciesReference metaid="_390840" species="Xi"/>
        </listOfModifiers>
        <kineticLaw metaid="_390852">
          <math xmlns="http://www.w3.org/1998/Math/MathML">          
            <apply>
              <divide/>
              <apply>
                <times/>
                <apply>
                  <divide/>
                  <apply>
                    <times/>
                    <ci> eta </ci>
                    <ci> cytosol </ci>
                    <ci> VMaX </ci>
                    <ci> ERKa </ci>
                  </apply>
                  <ci> ERKt </ci>
                </apply>
                <ci> Xi </ci>
              </apply>
              <apply>
                <plus/>
                <ci> KaX </ci>
                <ci> Xi </ci>
              </apply>
            </apply>
          </math>
                </kineticLaw>
      </reaction>
      <reaction id="X_inactivation" metaid="metaid_0000181" reversible="false">
        <annotation>
          <rdf:RDF xmlns:rdf="http://www.w3.org/1999/02/22-rdf-syntax-ns#" xmlns:bqmodel="http://biomodels.net/model-qualifiers/" xmlns:bqbiol="http://biomodels.net/biology-qualifiers/">
            <rdf:Description rdf:about="#metaid_0000181">
	<bqbiol:isVersionOf>
	<rdf:Bag>
	<rdf:li rdf:resource="http://identifiers.org/obo.go/GO:0043433"/>
	</rdf:Bag>
	</bqbiol:isVersionOf>
	</rdf:Description>
	
          </rdf:RDF>
        </annotation>
              <listOfReactants>
          <speciesReference metaid="_390865" species="Xa"/>
        </listOfReactants>
        <kineticLaw metaid="_390877">
          <math xmlns="http://www.w3.org/1998/Math/MathML">          
            <apply>
              <divide/>
              <apply>
                <times/>
                <ci> eta </ci>
                <ci> cytosol </ci>
                <ci> VMdX </ci>
                <ci> Xa </ci>
              </apply>
              <apply>
                <plus/>
                <ci> KdX </ci>
                <ci> Xa </ci>
              </apply>
            </apply>
          </math>
                </kineticLaw>
      </reaction>
      <reaction id="MDusp_transkription" metaid="metaid_0000182" reversible="false" sboTerm="SBO:0000183">
        <annotation>
          <rdf:RDF xmlns:rdf="http://www.w3.org/1999/02/22-rdf-syntax-ns#" xmlns:bqmodel="http://biomodels.net/model-qualifiers/" xmlns:bqbiol="http://biomodels.net/biology-qualifiers/">
            <rdf:Description rdf:about="#metaid_0000182">
	<bqbiol:isVersionOf>
	<rdf:Bag>
	<rdf:li rdf:resource="http://identifiers.org/obo.go/GO:0009299"/>
	</rdf:Bag>
	</bqbiol:isVersionOf>
	</rdf:Description>
	
          </rdf:RDF>
        </annotation>
              <listOfProducts>
          <speciesReference metaid="_390889" species="MDusp"/>
        </listOfProducts>
        <listOfModifiers>
          <modifierSpeciesReference metaid="_390901" species="Xa"/>
        </listOfModifiers>
        <kineticLaw metaid="_390913">
          <math xmlns="http://www.w3.org/1998/Math/MathML">          
            <apply>
              <divide/>
              <apply>
                <times/>
                <ci> eta </ci>
                <ci> cytosol </ci>
                <ci> VMsMDusp </ci>
                <apply>
                  <power/>
                  <ci> Xa </ci>
                  <ci> q </ci>
                </apply>
              </apply>
              <apply>
                <plus/>
                <apply>
                  <power/>
                  <ci> KaMDusp </ci>
                  <ci> q </ci>
                </apply>
                <apply>
                  <power/>
                  <ci> Xa </ci>
                  <ci> q </ci>
                </apply>
              </apply>
            </apply>
          </math>
                </kineticLaw>
      </reaction>
      <reaction id="MDusp_degradation" metaid="metaid_0000183" reversible="false" sboTerm="SBO:0000179">
        <annotation>
          <rdf:RDF xmlns:rdf="http://www.w3.org/1999/02/22-rdf-syntax-ns#" xmlns:bqmodel="http://biomodels.net/model-qualifiers/" xmlns:bqbiol="http://biomodels.net/biology-qualifiers/">
            <rdf:Description rdf:about="#metaid_0000183">
	<bqbiol:isVersionOf>
	<rdf:Bag>
	<rdf:li rdf:resource="http://identifiers.org/obo.go/GO:0006402"/>
	</rdf:Bag>
	</bqbiol:isVersionOf>
	</rdf:Description>
	
          </rdf:RDF>
        </annotation>
              <listOfReactants>
          <speciesReference metaid="_390925" species="MDusp"/>
        </listOfReactants>
        <kineticLaw metaid="_390937">
          <math xmlns="http://www.w3.org/1998/Math/MathML">          
            <apply>
              <divide/>
              <apply>
                <times/>
                <ci> eta </ci>
                <ci> cytosol </ci>
                <ci> VMdMDusp </ci>
                <ci> MDusp </ci>
              </apply>
              <apply>
                <plus/>
                <ci> KdMDusp </ci>
                <ci> MDusp </ci>
              </apply>
            </apply>
          </math>
                </kineticLaw>
      </reaction>
      <reaction id="Dusp_translation" metaid="metaid_0000184" reversible="false" sboTerm="SBO:0000184">
        <annotation>
          <rdf:RDF xmlns:rdf="http://www.w3.org/1999/02/22-rdf-syntax-ns#" xmlns:bqmodel="http://biomodels.net/model-qualifiers/" xmlns:bqbiol="http://biomodels.net/biology-qualifiers/">
            <rdf:Description rdf:about="#metaid_0000184">
	<bqbiol:isVersionOf>
	<rdf:Bag>
	<rdf:li rdf:resource="http://identifiers.org/obo.go/GO:0006412"/>
	</rdf:Bag>
	</bqbiol:isVersionOf>
	</rdf:Description>
	
          </rdf:RDF>
        </annotation>
              <listOfProducts>
          <speciesReference metaid="_390949" species="Dusp"/>
        </listOfProducts>
        <listOfModifiers>
          <modifierSpeciesReference metaid="_390961" species="MDusp"/>
        </listOfModifiers>
        <kineticLaw metaid="_390973">
          <math xmlns="http://www.w3.org/1998/Math/MathML">          
            <apply>
              <times/>
              <ci> eta </ci>
              <ci> cytosol </ci>
              <ci> ksDusp </ci>
              <ci> MDusp </ci>
            </apply>
          </math>
                </kineticLaw>
      </reaction>
      <reaction id="Dusp_degradation" metaid="metaid_0000185" reversible="false" sboTerm="SBO:0000179">
        <annotation>
          <rdf:RDF xmlns:rdf="http://www.w3.org/1999/02/22-rdf-syntax-ns#" xmlns:bqmodel="http://biomodels.net/model-qualifiers/" xmlns:bqbiol="http://biomodels.net/biology-qualifiers/">
            <rdf:Description rdf:about="#metaid_0000185">
	<bqbiol:isVersionOf>
	<rdf:Bag>
	<rdf:li rdf:resource="http://identifiers.org/obo.go/GO:0030163"/>
	</rdf:Bag>
	</bqbiol:isVersionOf>
	</rdf:Description>
	
          </rdf:RDF>
        </annotation>
              <listOfReactants>
          <speciesReference metaid="_390985" species="Dusp"/>
        </listOfReactants>
        <kineticLaw metaid="_390997">
          <math xmlns="http://www.w3.org/1998/Math/MathML">          
            <apply>
              <divide/>
              <apply>
                <times/>
                <ci> eta </ci>
                <ci> cytosol </ci>
                <ci> vdDusp </ci>
                <ci> Dusp </ci>
              </apply>
              <apply>
                <plus/>
                <ci> KdDusp </ci>
                <ci> Dusp </ci>
              </apply>
            </apply>
          </math>
                </kineticLaw>
      </reaction>
    </listOfReactions>
  </model>
</sbml>