<?xml version='1.0' encoding='UTF-8' standalone='no'?>
<sbml xmlns="http://www.sbml.org/sbml/level2" level="2" metaid="metaid_0000001" version="1">
  <model id="Zi2007_TGFbeta_signaling" metaid="metaid_0000002" name="Zi2007_TGFbeta_signaling">
    <notes>
      <body xmlns="http://www.w3.org/1999/xhtml">
        <p>The model reproduces the time profiles of Total Smad2 in the nucleus as well as the cytoplasm as depicted in 2D and also the other time profiles as depicted in Fig 2.  Two parameters that are not present in the paper are introduced here for illustration purposes and they are Total Smad2n and Total Smad2c. The term kr_EE*LRC_EE has not been included in the ODE's for T1R_surf, T2R_surf and TGFbeta in the paper but is included in this model. MathSBML was used to reproduce the simulation result.</p>
            <br/>
            <p>To the extent possible under law, all copyright and related or neighbouring rights to this encoded model have been dedicated to the public domain worldwide. Please refer to      <a href="http://creativecommons.org/publicdomain/zero/1.0/" title="Creative Commons CC0">CC0 Public Domain Dedication</a>
          for more information.      </p>
            <p>In summary, you are entitled to use this encoded model in absolutely any manner you deem suitable, verbatim, or with modification, alone or embedded it in a larger context, redistribute it, commercially or not, in a restricted way or not.</p>
            <br/>
            <p>To cite BioModels Database, please use:      <a href="http://www.ncbi.nlm.nih.gov/pubmed/20587024" target="_blank">Li C, Donizelli M, Rodriguez N, Dharuri H, Endler L, Chelliah V, Li L, He E, Henry A, Stefan MI, Snoep JL, Hucka M, Le Novère N, Laibe C (2010) BioModels Database: An enhanced, curated and annotated resource for published quantitative kinetic models. BMC Syst Biol., 4:92.</a>
                </p>
            </body>
      
    </notes>
    <annotation>
      <rdf:RDF xmlns:rdf="http://www.w3.org/1999/02/22-rdf-syntax-ns#" xmlns:bqmodel="http://biomodels.net/model-qualifiers/" xmlns:vCard="http://www.w3.org/2001/vcard-rdf/3.0#" xmlns:dc="http://purl.org/dc/elements/1.1/" xmlns:dcterms="http://purl.org/dc/terms/" xmlns:bqbiol="http://biomodels.net/biology-qualifiers/">
        <rdf:Description rdf:about="#metaid_0000002">
	<dc:creator>
	<rdf:Bag>
	<rdf:li rdf:parseType="Resource">
	<vCard:N rdf:parseType="Resource">
	<vCard:Family>Dharuri</vCard:Family>
	<vCard:Given>Harish</vCard:Given>
	</vCard:N>
	<vCard:EMAIL>hdharuri@cds.caltech.edu</vCard:EMAIL>
	<vCard:ORG rdf:parseType="Resource">
	<vCard:Orgname>California Institute of Technology</vCard:Orgname>
	</vCard:ORG>
	</rdf:li>
	
	<rdf:li rdf:parseType="Resource">
	<vCard:N rdf:parseType="Resource">
	<vCard:Family>Yang</vCard:Family>
	<vCard:Given>Kun</vCard:Given>
	</vCard:N>
	<vCard:ORG rdf:parseType="Resource">
	<vCard:Orgname>Beijing National Laboratory for Molecular Sciences</vCard:Orgname>
	</vCard:ORG>
	</rdf:li>
	<rdf:li rdf:parseType="Resource">
	<vCard:N rdf:parseType="Resource">
	<vCard:Family>Klipp</vCard:Family>
	<vCard:Given>Edda</vCard:Given>
	</vCard:N>
	<vCard:EMAIL>klipp@molgen.mpg.de</vCard:EMAIL>
	<vCard:ORG rdf:parseType="Resource">
	<vCard:Orgname>Max Planck Institute for molecular genetics</vCard:Orgname>
	</vCard:ORG>
	</rdf:li>
	</rdf:Bag>
	</dc:creator>
	<dcterms:created rdf:parseType="Resource">
	<dcterms:W3CDTF>2008-02-14T09:21:13Z</dcterms:W3CDTF>
	</dcterms:created>
	<dcterms:modified rdf:parseType="Resource">
	<dcterms:W3CDTF>2012-07-05T16:45:46Z</dcterms:W3CDTF>
	</dcterms:modified>
	<bqmodel:is>
	<rdf:Bag>
	<rdf:li rdf:resource="http://identifiers.org/biomodels.db/MODEL3388742457"/>
	</rdf:Bag>
	</bqmodel:is>
	<bqmodel:is>
	<rdf:Bag>
	<rdf:li rdf:resource="http://identifiers.org/biomodels.db/BIOMD0000000163"/>
	</rdf:Bag>
	</bqmodel:is>
	<bqmodel:isDescribedBy>
	<rdf:Bag>
	<rdf:li rdf:resource="http://identifiers.org/pubmed/17895977"/>
	</rdf:Bag>
	</bqmodel:isDescribedBy>
	<bqbiol:hasTaxon>
	<rdf:Bag>
	<rdf:li rdf:resource="http://identifiers.org/taxonomy/131567"/>
	</rdf:Bag>
	</bqbiol:hasTaxon>
	<bqbiol:isVersionOf>
	<rdf:Bag>
	<rdf:li rdf:resource="http://identifiers.org/obo.go/GO:0017015"/>
	</rdf:Bag>
	</bqbiol:isVersionOf>
	<bqbiol:isPartOf>
	<rdf:Bag>
	<rdf:li rdf:resource="http://identifiers.org/kegg.pathway/hsa04350"/>
	</rdf:Bag>
	</bqbiol:isPartOf>
	</rdf:Description>
	
      </rdf:RDF>
    </annotation>
      <listOfUnitDefinitions>
      <unitDefinition id="time" metaid="metaid_0000072" name="minute">
        <listOfUnits>
          <unit kind="second" metaid="_134063" multiplier="60"/>
        </listOfUnits>
      </unitDefinition>
      <unitDefinition id="substance" metaid="metaid_0000073" name="nano mole">
        <listOfUnits>
          <unit kind="mole" metaid="_134075" scale="-9"/>
        </listOfUnits>
      </unitDefinition>
    </listOfUnitDefinitions>
    <listOfCompartments>
      <compartment id="V_medium" metaid="metaid_0000022" name="Medium" size="1">
        <annotation>
          <rdf:RDF xmlns:rdf="http://www.w3.org/1999/02/22-rdf-syntax-ns#" xmlns:bqmodel="http://biomodels.net/model-qualifiers/" xmlns:bqbiol="http://biomodels.net/biology-qualifiers/">
            <rdf:Description rdf:about="#metaid_0000022">
	<bqbiol:is>
	<rdf:Bag>
	<rdf:li rdf:resource="http://identifiers.org/obo.go/GO:0005576"/>
	</rdf:Bag>
	</bqbiol:is>
	</rdf:Description>
	
          </rdf:RDF>
        </annotation>
            </compartment>
      <compartment id="V_nuc" metaid="metaid_0000023" name="Nucleus" outside="V_cyt" size="0.00035">
        <annotation>
          <rdf:RDF xmlns:rdf="http://www.w3.org/1999/02/22-rdf-syntax-ns#" xmlns:bqmodel="http://biomodels.net/model-qualifiers/" xmlns:bqbiol="http://biomodels.net/biology-qualifiers/">
            <rdf:Description rdf:about="#metaid_0000023">
	<bqbiol:is>
	<rdf:Bag>
	<rdf:li rdf:resource="http://identifiers.org/obo.go/GO:0005634"/>
	</rdf:Bag>
	</bqbiol:is>
	</rdf:Description>
	
          </rdf:RDF>
        </annotation>
            </compartment>
      <compartment id="V_cyt" metaid="metaid_0000024" name="Cytoplasm" outside="V_medium" size="0.00105">
        <annotation>
          <rdf:RDF xmlns:rdf="http://www.w3.org/1999/02/22-rdf-syntax-ns#" xmlns:bqmodel="http://biomodels.net/model-qualifiers/" xmlns:bqbiol="http://biomodels.net/biology-qualifiers/">
            <rdf:Description rdf:about="#metaid_0000024">
	<bqbiol:is>
	<rdf:Bag>
	<rdf:li rdf:resource="http://identifiers.org/obo.go/GO:0005737"/>
	</rdf:Bag>
	</bqbiol:is>
	</rdf:Description>
	
          </rdf:RDF>
        </annotation>
            </compartment>
    </listOfCompartments>
    <listOfSpecies>
      <species charge="0" compartment="V_cyt" id="Smad2c" initialConcentration="492.61" metaid="metaid_0000025" name="Smad2c">
        <annotation>
          <rdf:RDF xmlns:rdf="http://www.w3.org/1999/02/22-rdf-syntax-ns#" xmlns:bqmodel="http://biomodels.net/model-qualifiers/" xmlns:bqbiol="http://biomodels.net/biology-qualifiers/">
            <rdf:Description rdf:about="#metaid_0000025">
	<bqbiol:isVersionOf>
	<rdf:Bag>
	<rdf:li rdf:resource="http://identifiers.org/uniprot/Q15796"/>
	</rdf:Bag>
	</bqbiol:isVersionOf>
	</rdf:Description>
	
          </rdf:RDF>
        </annotation>
            </species>
      <species charge="0" compartment="V_nuc" id="Smad2n" initialConcentration="236.45" metaid="metaid_0000026" name="Smad2n">
        <annotation>
          <rdf:RDF xmlns:rdf="http://www.w3.org/1999/02/22-rdf-syntax-ns#" xmlns:bqmodel="http://biomodels.net/model-qualifiers/" xmlns:bqbiol="http://biomodels.net/biology-qualifiers/">
            <rdf:Description rdf:about="#metaid_0000026">
	<bqbiol:isVersionOf>
	<rdf:Bag>
	<rdf:li rdf:resource="http://identifiers.org/uniprot/Q15796"/>
	</rdf:Bag>
	</bqbiol:isVersionOf>
	</rdf:Description>
	
          </rdf:RDF>
        </annotation>
            </species>
      <species charge="0" compartment="V_cyt" id="Smad4c" initialConcentration="1149.4" metaid="metaid_0000027" name="Smad4c">
        <annotation>
          <rdf:RDF xmlns:rdf="http://www.w3.org/1999/02/22-rdf-syntax-ns#" xmlns:bqmodel="http://biomodels.net/model-qualifiers/" xmlns:bqbiol="http://biomodels.net/biology-qualifiers/">
            <rdf:Description rdf:about="#metaid_0000027">
	<bqbiol:isVersionOf>
	<rdf:Bag>
	<rdf:li rdf:resource="http://identifiers.org/uniprot/Q13485"/>
	</rdf:Bag>
	</bqbiol:isVersionOf>
	</rdf:Description>
	
          </rdf:RDF>
        </annotation>
            </species>
      <species charge="0" compartment="V_nuc" id="Smad4n" initialConcentration="551.72" metaid="metaid_0000028" name="Smad4n">
        <annotation>
          <rdf:RDF xmlns:rdf="http://www.w3.org/1999/02/22-rdf-syntax-ns#" xmlns:bqmodel="http://biomodels.net/model-qualifiers/" xmlns:bqbiol="http://biomodels.net/biology-qualifiers/">
            <rdf:Description rdf:about="#metaid_0000028">
	<bqbiol:isVersionOf>
	<rdf:Bag>
	<rdf:li rdf:resource="http://identifiers.org/uniprot/Q13485"/>
	</rdf:Bag>
	</bqbiol:isVersionOf>
	</rdf:Description>
	
          </rdf:RDF>
        </annotation>
            </species>
      <species charge="0" compartment="V_cyt" id="T1R_Surf" initialConcentration="0.237" metaid="metaid_0000029" name="T1R_Surf">
        <annotation>
          <rdf:RDF xmlns:rdf="http://www.w3.org/1999/02/22-rdf-syntax-ns#" xmlns:bqmodel="http://biomodels.net/model-qualifiers/" xmlns:bqbiol="http://biomodels.net/biology-qualifiers/">
            <rdf:Description rdf:about="#metaid_0000029">
	<bqbiol:isVersionOf>
	<rdf:Bag>
	<rdf:li rdf:resource="http://identifiers.org/uniprot/Q8NER5"/>
	</rdf:Bag>
	</bqbiol:isVersionOf>
	</rdf:Description>
	
          </rdf:RDF>
        </annotation>
            </species>
      <species charge="0" compartment="V_cyt" id="T1R_Cave" initialConcentration="2.092" metaid="metaid_0000030" name="T1R_Cave">
        <annotation>
          <rdf:RDF xmlns:rdf="http://www.w3.org/1999/02/22-rdf-syntax-ns#" xmlns:bqmodel="http://biomodels.net/model-qualifiers/" xmlns:bqbiol="http://biomodels.net/biology-qualifiers/">
            <rdf:Description rdf:about="#metaid_0000030">
	<bqbiol:isVersionOf>
	<rdf:Bag>
	<rdf:li rdf:resource="http://identifiers.org/uniprot/Q8NER5"/>
	</rdf:Bag>
	</bqbiol:isVersionOf>
	</rdf:Description>
	
          </rdf:RDF>
        </annotation>
            </species>
      <species charge="0" compartment="V_cyt" id="T1R_EE" initialConcentration="2.06" metaid="metaid_0000031" name="T1R_EE">
        <annotation>
          <rdf:RDF xmlns:rdf="http://www.w3.org/1999/02/22-rdf-syntax-ns#" xmlns:bqmodel="http://biomodels.net/model-qualifiers/" xmlns:bqbiol="http://biomodels.net/biology-qualifiers/">
            <rdf:Description rdf:about="#metaid_0000031">
	<bqbiol:isVersionOf>
	<rdf:Bag>
	<rdf:li rdf:resource="http://identifiers.org/uniprot/Q8NER5"/>
	</rdf:Bag>
	</bqbiol:isVersionOf>
	</rdf:Description>
	
          </rdf:RDF>
        </annotation>
            </species>
      <species charge="0" compartment="V_cyt" id="T2R_Surf" initialConcentration="0.202" metaid="metaid_0000032" name="T2R_Surf">
        <annotation>
          <rdf:RDF xmlns:rdf="http://www.w3.org/1999/02/22-rdf-syntax-ns#" xmlns:bqmodel="http://biomodels.net/model-qualifiers/" xmlns:bqbiol="http://biomodels.net/biology-qualifiers/">
            <rdf:Description rdf:about="#metaid_0000032">
	<bqbiol:isVersionOf>
	<rdf:Bag>
	<rdf:li rdf:resource="http://identifiers.org/uniprot/P37173"/>
	</rdf:Bag>
	</bqbiol:isVersionOf>
	</rdf:Description>
	
          </rdf:RDF>
        </annotation>
            </species>
      <species charge="0" compartment="V_cyt" id="T2R_Cave" initialConcentration="1.778" metaid="metaid_0000033" name="T2R_Cave">
        <annotation>
          <rdf:RDF xmlns:rdf="http://www.w3.org/1999/02/22-rdf-syntax-ns#" xmlns:bqmodel="http://biomodels.net/model-qualifiers/" xmlns:bqbiol="http://biomodels.net/biology-qualifiers/">
            <rdf:Description rdf:about="#metaid_0000033">
	<bqbiol:isVersionOf>
	<rdf:Bag>
	<rdf:li rdf:resource="http://identifiers.org/uniprot/P37173"/>
	</rdf:Bag>
	</bqbiol:isVersionOf>
	</rdf:Description>
	
          </rdf:RDF>
        </annotation>
            </species>
      <species charge="0" compartment="V_cyt" id="T2R_EE" initialConcentration="1.148" metaid="metaid_0000034" name="T2R_EE">
        <annotation>
          <rdf:RDF xmlns:rdf="http://www.w3.org/1999/02/22-rdf-syntax-ns#" xmlns:bqmodel="http://biomodels.net/model-qualifiers/" xmlns:bqbiol="http://biomodels.net/biology-qualifiers/">
            <rdf:Description rdf:about="#metaid_0000034">
	<bqbiol:isVersionOf>
	<rdf:Bag>
	<rdf:li rdf:resource="http://identifiers.org/uniprot/P37173"/>
	</rdf:Bag>
	</bqbiol:isVersionOf>
	</rdf:Description>
	
          </rdf:RDF>
        </annotation>
            </species>
      <species charge="0" compartment="V_cyt" id="LRC_Surf" initialConcentration="0" metaid="metaid_0000035" name="LRC_Surf">
        <annotation>
          <rdf:RDF xmlns:rdf="http://www.w3.org/1999/02/22-rdf-syntax-ns#" xmlns:bqmodel="http://biomodels.net/model-qualifiers/" xmlns:bqbiol="http://biomodels.net/biology-qualifiers/">
            <rdf:Description rdf:about="#metaid_0000035">
	<bqbiol:hasPart>
	<rdf:Bag>
	<rdf:li rdf:resource="http://identifiers.org/uniprot/P37173"/>
	<rdf:li rdf:resource="http://identifiers.org/uniprot/Q8NER5"/>
	<rdf:li rdf:resource="http://identifiers.org/uniprot/P01137"/>
	</rdf:Bag>
	</bqbiol:hasPart>
	</rdf:Description>
	
          </rdf:RDF>
        </annotation>
            </species>
      <species charge="0" compartment="V_cyt" id="LRC_Cave" initialConcentration="0" metaid="metaid_0000036" name="LRC_Cave">
        <annotation>
          <rdf:RDF xmlns:rdf="http://www.w3.org/1999/02/22-rdf-syntax-ns#" xmlns:bqmodel="http://biomodels.net/model-qualifiers/" xmlns:bqbiol="http://biomodels.net/biology-qualifiers/">
            <rdf:Description rdf:about="#metaid_0000036">
	<bqbiol:hasPart>
	<rdf:Bag>
	<rdf:li rdf:resource="http://identifiers.org/uniprot/P37173"/>
	<rdf:li rdf:resource="http://identifiers.org/uniprot/Q8NER5"/>
	<rdf:li rdf:resource="http://identifiers.org/uniprot/P01137"/>
	</rdf:Bag>
	</bqbiol:hasPart>
	</rdf:Description>
	
          </rdf:RDF>
        </annotation>
            </species>
      <species charge="0" compartment="V_cyt" id="LRC_EE" initialConcentration="0" metaid="metaid_0000037" name="LRC_EE">
        <annotation>
          <rdf:RDF xmlns:rdf="http://www.w3.org/1999/02/22-rdf-syntax-ns#" xmlns:bqmodel="http://biomodels.net/model-qualifiers/" xmlns:bqbiol="http://biomodels.net/biology-qualifiers/">
            <rdf:Description rdf:about="#metaid_0000037">
	<bqbiol:hasPart>
	<rdf:Bag>
	<rdf:li rdf:resource="http://identifiers.org/uniprot/P37173"/>
	<rdf:li rdf:resource="http://identifiers.org/uniprot/Q8NER5"/>
	<rdf:li rdf:resource="http://identifiers.org/uniprot/P01137"/>
	</rdf:Bag>
	</bqbiol:hasPart>
	</rdf:Description>
	
          </rdf:RDF>
        </annotation>
            </species>
      <species charge="0" compartment="V_cyt" id="Smads_Complex_c" initialConcentration="0" metaid="metaid_0000038" name="Smads_Complex_c">
        <annotation>
          <rdf:RDF xmlns:rdf="http://www.w3.org/1999/02/22-rdf-syntax-ns#" xmlns:bqmodel="http://biomodels.net/model-qualifiers/" xmlns:bqbiol="http://biomodels.net/biology-qualifiers/">
            <rdf:Description rdf:about="#metaid_0000038">
	<bqbiol:hasPart>
	<rdf:Bag>
	<rdf:li rdf:resource="http://identifiers.org/uniprot/Q13485"/>
	<rdf:li rdf:resource="http://identifiers.org/uniprot/Q15796"/>
	</rdf:Bag>
	</bqbiol:hasPart>
	</rdf:Description>
	
          </rdf:RDF>
        </annotation>
            </species>
      <species charge="0" compartment="V_nuc" id="Smads_Complex_n" initialConcentration="0" metaid="metaid_0000039" name="Smads_Complex_n">
        <annotation>
          <rdf:RDF xmlns:rdf="http://www.w3.org/1999/02/22-rdf-syntax-ns#" xmlns:bqmodel="http://biomodels.net/model-qualifiers/" xmlns:bqbiol="http://biomodels.net/biology-qualifiers/">
            <rdf:Description rdf:about="#metaid_0000039">
	<bqbiol:hasPart>
	<rdf:Bag>
	<rdf:li rdf:resource="http://identifiers.org/uniprot/Q13485"/>
	<rdf:li rdf:resource="http://identifiers.org/uniprot/Q15796"/>
	</rdf:Bag>
	</bqbiol:hasPart>
	</rdf:Description>
	
          </rdf:RDF>
        </annotation>
            </species>
      <species charge="0" compartment="V_medium" id="TGF_beta" initialConcentration="0.08" metaid="metaid_0000040" name="TGF_beta">
        <annotation>
          <rdf:RDF xmlns:rdf="http://www.w3.org/1999/02/22-rdf-syntax-ns#" xmlns:bqmodel="http://biomodels.net/model-qualifiers/" xmlns:bqbiol="http://biomodels.net/biology-qualifiers/">
            <rdf:Description rdf:about="#metaid_0000040">
	<bqbiol:isVersionOf>
	<rdf:Bag>
	<rdf:li rdf:resource="http://identifiers.org/uniprot/P01137"/>
	</rdf:Bag>
	</bqbiol:isVersionOf>
	</rdf:Description>
	
          </rdf:RDF>
        </annotation>
            </species>
    </listOfSpecies>
    <listOfParameters>
      <parameter id="v_T1R" metaid="metaid_0000003" value="0.0103"/>
      <parameter id="v_T2R" metaid="metaid_0000004" value="0.02869"/>
      <parameter id="ki_EE" metaid="metaid_0000005" value="0.33"/>
      <parameter id="kr_EE" metaid="metaid_0000006" value="0.033"/>
      <parameter id="ki_Cave" metaid="metaid_0000007" value="0.33"/>
      <parameter id="kr_Cave" metaid="metaid_0000008" value="0.03742"/>
      <parameter id="Kcd" metaid="metaid_0000009" value="0.005"/>
      <parameter constant="false" id="k_LRC" metaid="metaid_0000010" value="2197"/>
      <parameter id="Klid" metaid="metaid_0000011" value="0.02609"/>
      <parameter id="Kdeg_T1R_EE" metaid="metaid_0000012" value="0.005"/>
      <parameter id="Kdeg_T2R_EE" metaid="metaid_0000013" value="0.025"/>
      <parameter id="Kimp_Smad2c" metaid="metaid_0000014" value="0.16"/>
      <parameter id="Kexp_Smad2n" metaid="metaid_0000015" value="1"/>
      <parameter id="Kimp_Smad4c" metaid="metaid_0000016" value="0.08"/>
      <parameter id="Kexp_Smad4n" metaid="metaid_0000017" value="0.5"/>
      <parameter id="k_Smads_Complex_c" metaid="metaid_0000018" value="6.85E-5"/>
      <parameter id="Kimp_Smads_Complex_c" metaid="metaid_0000019" value="0.16"/>
      <parameter id="Kdiss_Smads_Complex_n" metaid="metaid_0000020" value="0.1174"/>
      <parameter constant="false" id="Total_Smad2n" metaid="metaid_0000068" value="0"/>
      <parameter constant="false" id="Total_Smad2c" metaid="metaid_0000069" value="0"/>
    </listOfParameters>
    <listOfRules>
      <assignmentRule metaid="metaid_0000070" variable="Total_Smad2n">
        <math xmlns="http://www.w3.org/1998/Math/MathML">        
          <apply>
            <plus/>
            <ci> Smad2n </ci>
            <ci> Smads_Complex_n </ci>
          </apply>
        </math>
            </assignmentRule>
      <assignmentRule metaid="metaid_0000071" variable="Total_Smad2c">
        <math xmlns="http://www.w3.org/1998/Math/MathML">        
          <apply>
            <plus/>
            <ci> Smad2c </ci>
            <ci> Smads_Complex_c </ci>
          </apply>
        </math>
            </assignmentRule>
    </listOfRules>
    <listOfReactions>
      <reaction id="R1_Smad2_import" metaid="metaid_0000042" reversible="false">
        <annotation>
          <rdf:RDF xmlns:rdf="http://www.w3.org/1999/02/22-rdf-syntax-ns#" xmlns:bqmodel="http://biomodels.net/model-qualifiers/" xmlns:bqbiol="http://biomodels.net/biology-qualifiers/">
            <rdf:Description rdf:about="#metaid_0000042">
	<bqbiol:is>
	<rdf:Bag>
	<rdf:li rdf:resource="http://identifiers.org/obo.go/GO:0007184"/>
	</rdf:Bag>
	</bqbiol:is>
	</rdf:Description>
	
          </rdf:RDF>
        </annotation>
              <listOfReactants>
          <speciesReference metaid="_134087" species="Smad2c"/>
        </listOfReactants>
        <listOfProducts>
          <speciesReference metaid="_134099" species="Smad2n"/>
        </listOfProducts>
        <kineticLaw metaid="_134111">
          <math xmlns="http://www.w3.org/1998/Math/MathML">          
            <apply>
              <times/>
              <ci> V_cyt </ci>
              <ci> Kimp_Smad2c </ci>
              <ci> Smad2c </ci>
            </apply>
          </math>
                </kineticLaw>
      </reaction>
      <reaction id="R2_Smad2_export" metaid="metaid_0000043" reversible="false">
        <annotation>
          <rdf:RDF xmlns:rdf="http://www.w3.org/1999/02/22-rdf-syntax-ns#" xmlns:bqmodel="http://biomodels.net/model-qualifiers/" xmlns:bqbiol="http://biomodels.net/biology-qualifiers/">
            <rdf:Description rdf:about="#metaid_0000043">
	<bqbiol:isVersionOf>
	<rdf:Bag>
	<rdf:li rdf:resource="http://identifiers.org/obo.go/GO:0006886"/>
	</rdf:Bag>
	</bqbiol:isVersionOf>
	</rdf:Description>
	
          </rdf:RDF>
        </annotation>
              <listOfReactants>
          <speciesReference metaid="_134123" species="Smad2n"/>
        </listOfReactants>
        <listOfProducts>
          <speciesReference metaid="_134135" species="Smad2c"/>
        </listOfProducts>
        <kineticLaw metaid="_134147">
          <math xmlns="http://www.w3.org/1998/Math/MathML">          
            <apply>
              <times/>
              <ci> V_nuc </ci>
              <ci> Kexp_Smad2n </ci>
              <ci> Smad2n </ci>
            </apply>
          </math>
                </kineticLaw>
      </reaction>
      <reaction id="R3_Smad4_import" metaid="metaid_0000044" reversible="false">
        <annotation>
          <rdf:RDF xmlns:rdf="http://www.w3.org/1999/02/22-rdf-syntax-ns#" xmlns:bqmodel="http://biomodels.net/model-qualifiers/" xmlns:bqbiol="http://biomodels.net/biology-qualifiers/">
            <rdf:Description rdf:about="#metaid_0000044">
	<bqbiol:is>
	<rdf:Bag>
	<rdf:li rdf:resource="http://identifiers.org/obo.go/GO:0007184"/>
	</rdf:Bag>
	</bqbiol:is>
	</rdf:Description>
	
          </rdf:RDF>
        </annotation>
              <listOfReactants>
          <speciesReference metaid="_134159" species="Smad4c"/>
        </listOfReactants>
        <listOfProducts>
          <speciesReference metaid="_134171" species="Smad4n"/>
        </listOfProducts>
        <kineticLaw metaid="_134183">
          <math xmlns="http://www.w3.org/1998/Math/MathML">          
            <apply>
              <times/>
              <ci> V_cyt </ci>
              <ci> Kimp_Smad4c </ci>
              <ci> Smad4c </ci>
            </apply>
          </math>
                </kineticLaw>
      </reaction>
      <reaction id="R4_Smad4_export" metaid="metaid_0000045" reversible="false">
        <annotation>
          <rdf:RDF xmlns:rdf="http://www.w3.org/1999/02/22-rdf-syntax-ns#" xmlns:bqmodel="http://biomodels.net/model-qualifiers/" xmlns:bqbiol="http://biomodels.net/biology-qualifiers/">
            <rdf:Description rdf:about="#metaid_0000045">
	<bqbiol:isVersionOf>
	<rdf:Bag>
	<rdf:li rdf:resource="http://identifiers.org/obo.go/GO:0006886"/>
	</rdf:Bag>
	</bqbiol:isVersionOf>
	</rdf:Description>
	
          </rdf:RDF>
        </annotation>
              <listOfReactants>
          <speciesReference metaid="_134195" species="Smad4n"/>
        </listOfReactants>
        <listOfProducts>
          <speciesReference metaid="_134207" species="Smad4c"/>
        </listOfProducts>
        <kineticLaw metaid="_134219">
          <math xmlns="http://www.w3.org/1998/Math/MathML">          
            <apply>
              <times/>
              <ci> V_nuc </ci>
              <ci> Kexp_Smad4n </ci>
              <ci> Smad4n </ci>
            </apply>
          </math>
                </kineticLaw>
      </reaction>
      <reaction id="R5_T1R_production" metaid="metaid_0000046" reversible="false">
        <annotation>
          <rdf:RDF xmlns:rdf="http://www.w3.org/1999/02/22-rdf-syntax-ns#" xmlns:bqmodel="http://biomodels.net/model-qualifiers/" xmlns:bqbiol="http://biomodels.net/biology-qualifiers/">
            <rdf:Description rdf:about="#metaid_0000046">
	<bqbiol:isVersionOf>
	<rdf:Bag>
	<rdf:li rdf:resource="http://identifiers.org/obo.go/GO:0032905"/>
	</rdf:Bag>
	</bqbiol:isVersionOf>
	</rdf:Description>
	
          </rdf:RDF>
        </annotation>
              <listOfProducts>
          <speciesReference metaid="_134231" species="T1R_Surf"/>
        </listOfProducts>
        <kineticLaw metaid="_134243">
          <math xmlns="http://www.w3.org/1998/Math/MathML">          
            <apply>
              <times/>
              <ci> V_cyt </ci>
              <ci> v_T1R </ci>
            </apply>
          </math>
                </kineticLaw>
      </reaction>
      <reaction id="R6_T1R_Cave_formation" metaid="metaid_0000047" reversible="false">
        <annotation>
          <rdf:RDF xmlns:rdf="http://www.w3.org/1999/02/22-rdf-syntax-ns#" xmlns:bqmodel="http://biomodels.net/model-qualifiers/" xmlns:bqbiol="http://biomodels.net/biology-qualifiers/">
            <rdf:Description rdf:about="#metaid_0000047">
	<bqbiol:isVersionOf>
	<rdf:Bag>
	<rdf:li rdf:resource="http://identifiers.org/obo.go/GO:0002090"/>
	</rdf:Bag>
	</bqbiol:isVersionOf>
	</rdf:Description>
	
          </rdf:RDF>
        </annotation>
              <listOfReactants>
          <speciesReference metaid="_134255" species="T1R_Surf"/>
        </listOfReactants>
        <listOfProducts>
          <speciesReference metaid="_134267" species="T1R_Cave"/>
        </listOfProducts>
        <kineticLaw metaid="_134279">
          <math xmlns="http://www.w3.org/1998/Math/MathML">          
            <apply>
              <times/>
              <ci> V_cyt </ci>
              <ci> ki_Cave </ci>
              <ci> T1R_Surf </ci>
            </apply>
          </math>
                </kineticLaw>
      </reaction>
      <reaction id="R7_T1R_Cave_recycling" metaid="metaid_0000048" reversible="false">
        <annotation>
          <rdf:RDF xmlns:rdf="http://www.w3.org/1999/02/22-rdf-syntax-ns#" xmlns:bqmodel="http://biomodels.net/model-qualifiers/" xmlns:bqbiol="http://biomodels.net/biology-qualifiers/">
            <rdf:Description rdf:about="#metaid_0000048">
	<bqbiol:isVersionOf>
	<rdf:Bag>
	<rdf:li rdf:resource="http://identifiers.org/obo.go/GO:0002090"/>
	</rdf:Bag>
	</bqbiol:isVersionOf>
	</rdf:Description>
	
          </rdf:RDF>
        </annotation>
              <listOfReactants>
          <speciesReference metaid="_134291" species="T1R_Cave"/>
        </listOfReactants>
        <listOfProducts>
          <speciesReference metaid="_134303" species="T1R_Surf"/>
        </listOfProducts>
        <kineticLaw metaid="_134315">
          <math xmlns="http://www.w3.org/1998/Math/MathML">          
            <apply>
              <times/>
              <ci> V_cyt </ci>
              <ci> kr_Cave </ci>
              <ci> T1R_Cave </ci>
            </apply>
          </math>
                </kineticLaw>
      </reaction>
      <reaction id="R8_T1R_EE_formation" metaid="metaid_0000049" reversible="false">
        <annotation>
          <rdf:RDF xmlns:rdf="http://www.w3.org/1999/02/22-rdf-syntax-ns#" xmlns:bqmodel="http://biomodels.net/model-qualifiers/" xmlns:bqbiol="http://biomodels.net/biology-qualifiers/">
            <rdf:Description rdf:about="#metaid_0000049">
	<bqbiol:isVersionOf>
	<rdf:Bag>
	<rdf:li rdf:resource="http://identifiers.org/obo.go/GO:0002090"/>
	</rdf:Bag>
	</bqbiol:isVersionOf>
	</rdf:Description>
	
          </rdf:RDF>
        </annotation>
              <listOfReactants>
          <speciesReference metaid="_134328" species="T1R_Surf"/>
        </listOfReactants>
        <listOfProducts>
          <speciesReference metaid="_134340" species="T1R_EE"/>
        </listOfProducts>
        <kineticLaw metaid="_134352">
          <math xmlns="http://www.w3.org/1998/Math/MathML">          
            <apply>
              <times/>
              <ci> V_cyt </ci>
              <ci> ki_EE </ci>
              <ci> T1R_Surf </ci>
            </apply>
          </math>
                </kineticLaw>
      </reaction>
      <reaction id="R9_T1R_EE_recycling" metaid="metaid_0000050" reversible="false">
        <annotation>
          <rdf:RDF xmlns:rdf="http://www.w3.org/1999/02/22-rdf-syntax-ns#" xmlns:bqmodel="http://biomodels.net/model-qualifiers/" xmlns:bqbiol="http://biomodels.net/biology-qualifiers/">
            <rdf:Description rdf:about="#metaid_0000050">
	<bqbiol:isVersionOf>
	<rdf:Bag>
	<rdf:li rdf:resource="http://identifiers.org/obo.go/GO:0002090"/>
	</rdf:Bag>
	</bqbiol:isVersionOf>
	</rdf:Description>
	
          </rdf:RDF>
        </annotation>
              <listOfReactants>
          <speciesReference metaid="_134364" species="T1R_EE"/>
        </listOfReactants>
        <listOfProducts>
          <speciesReference metaid="_134377" species="T1R_Surf"/>
        </listOfProducts>
        <kineticLaw metaid="_134389">
          <math xmlns="http://www.w3.org/1998/Math/MathML">          
            <apply>
              <times/>
              <ci> V_cyt </ci>
              <ci> kr_EE </ci>
              <ci> T1R_EE </ci>
            </apply>
          </math>
                </kineticLaw>
      </reaction>
      <reaction id="R10_T1R_EE_degradation" metaid="metaid_0000051" reversible="false">
        <annotation>
          <rdf:RDF xmlns:rdf="http://www.w3.org/1999/02/22-rdf-syntax-ns#" xmlns:bqmodel="http://biomodels.net/model-qualifiers/" xmlns:bqbiol="http://biomodels.net/biology-qualifiers/">
            <rdf:Description rdf:about="#metaid_0000051">
	<bqbiol:isVersionOf>
	<rdf:Bag>
	<rdf:li rdf:resource="http://identifiers.org/obo.go/GO:0031623"/>
	</rdf:Bag>
	</bqbiol:isVersionOf>
	</rdf:Description>
	
          </rdf:RDF>
        </annotation>
              <listOfReactants>
          <speciesReference metaid="_134401" species="T1R_EE"/>
        </listOfReactants>
        <kineticLaw metaid="_134413">
          <math xmlns="http://www.w3.org/1998/Math/MathML">          
            <apply>
              <times/>
              <ci> V_cyt </ci>
              <ci> Kdeg_T1R_EE </ci>
              <ci> T1R_EE </ci>
            </apply>
          </math>
                </kineticLaw>
      </reaction>
      <reaction id="R11_T2R_production" metaid="metaid_0000052" reversible="false">
        <annotation>
          <rdf:RDF xmlns:rdf="http://www.w3.org/1999/02/22-rdf-syntax-ns#" xmlns:bqmodel="http://biomodels.net/model-qualifiers/" xmlns:bqbiol="http://biomodels.net/biology-qualifiers/">
            <rdf:Description rdf:about="#metaid_0000052">
	<bqbiol:isVersionOf>
	<rdf:Bag>
	<rdf:li rdf:resource="http://identifiers.org/obo.go/GO:0032906"/>
	</rdf:Bag>
	</bqbiol:isVersionOf>
	</rdf:Description>
	
          </rdf:RDF>
        </annotation>
              <listOfProducts>
          <speciesReference metaid="_134425" species="T2R_Surf"/>
        </listOfProducts>
        <kineticLaw metaid="_134437">
          <math xmlns="http://www.w3.org/1998/Math/MathML">          
            <apply>
              <times/>
              <ci> V_cyt </ci>
              <ci> v_T2R </ci>
            </apply>
          </math>
                </kineticLaw>
      </reaction>
      <reaction id="R12_T2R_Cave_formation" metaid="metaid_0000053" reversible="false">
        <annotation>
          <rdf:RDF xmlns:rdf="http://www.w3.org/1999/02/22-rdf-syntax-ns#" xmlns:bqmodel="http://biomodels.net/model-qualifiers/" xmlns:bqbiol="http://biomodels.net/biology-qualifiers/">
            <rdf:Description rdf:about="#metaid_0000053">
	<bqbiol:isVersionOf>
	<rdf:Bag>
	<rdf:li rdf:resource="http://identifiers.org/obo.go/GO:0002090"/>
	</rdf:Bag>
	</bqbiol:isVersionOf>
	</rdf:Description>
	
          </rdf:RDF>
        </annotation>
              <listOfReactants>
          <speciesReference metaid="_134449" species="T2R_Surf"/>
        </listOfReactants>
        <listOfProducts>
          <speciesReference metaid="_134461" species="T2R_Cave"/>
        </listOfProducts>
        <kineticLaw metaid="_134473">
          <math xmlns="http://www.w3.org/1998/Math/MathML">          
            <apply>
              <times/>
              <ci> V_cyt </ci>
              <ci> ki_Cave </ci>
              <ci> T2R_Surf </ci>
            </apply>
          </math>
                </kineticLaw>
      </reaction>
      <reaction id="R13_T2R_Cave_recycling" metaid="metaid_0000054" reversible="false">
        <annotation>
          <rdf:RDF xmlns:rdf="http://www.w3.org/1999/02/22-rdf-syntax-ns#" xmlns:bqmodel="http://biomodels.net/model-qualifiers/" xmlns:bqbiol="http://biomodels.net/biology-qualifiers/">
            <rdf:Description rdf:about="#metaid_0000054">
	<bqbiol:isVersionOf>
	<rdf:Bag>
	<rdf:li rdf:resource="http://identifiers.org/obo.go/GO:0002090"/>
	</rdf:Bag>
	</bqbiol:isVersionOf>
	</rdf:Description>
	
          </rdf:RDF>
        </annotation>
              <listOfReactants>
          <speciesReference metaid="_134485" species="T2R_Cave"/>
        </listOfReactants>
        <listOfProducts>
          <speciesReference metaid="_134498" species="T2R_Surf"/>
        </listOfProducts>
        <kineticLaw metaid="_134511">
          <math xmlns="http://www.w3.org/1998/Math/MathML">          
            <apply>
              <times/>
              <ci> V_cyt </ci>
              <ci> kr_Cave </ci>
              <ci> T2R_Cave </ci>
            </apply>
          </math>
                </kineticLaw>
      </reaction>
      <reaction id="R14_T2R_EE_formation" metaid="metaid_0000055" reversible="false">
        <annotation>
          <rdf:RDF xmlns:rdf="http://www.w3.org/1999/02/22-rdf-syntax-ns#" xmlns:bqmodel="http://biomodels.net/model-qualifiers/" xmlns:bqbiol="http://biomodels.net/biology-qualifiers/">
            <rdf:Description rdf:about="#metaid_0000055">
	<bqbiol:isVersionOf>
	<rdf:Bag>
	<rdf:li rdf:resource="http://identifiers.org/obo.go/GO:0031623"/>
	</rdf:Bag>
	</bqbiol:isVersionOf>
	</rdf:Description>
	
          </rdf:RDF>
        </annotation>
              <listOfReactants>
          <speciesReference metaid="_134523" species="T2R_Surf"/>
        </listOfReactants>
        <listOfProducts>
          <speciesReference metaid="_134535" species="T2R_EE"/>
        </listOfProducts>
        <kineticLaw metaid="_134547">
          <math xmlns="http://www.w3.org/1998/Math/MathML">          
            <apply>
              <times/>
              <ci> V_cyt </ci>
              <ci> ki_EE </ci>
              <ci> T2R_Surf </ci>
            </apply>
          </math>
                </kineticLaw>
      </reaction>
      <reaction id="R15_T2R_EE_recycling" metaid="metaid_0000056" reversible="false">
        <annotation>
          <rdf:RDF xmlns:rdf="http://www.w3.org/1999/02/22-rdf-syntax-ns#" xmlns:bqmodel="http://biomodels.net/model-qualifiers/" xmlns:bqbiol="http://biomodels.net/biology-qualifiers/">
            <rdf:Description rdf:about="#metaid_0000056">
	<bqbiol:isVersionOf>
	<rdf:Bag>
	<rdf:li rdf:resource="http://identifiers.org/obo.go/GO:0002090"/>
	</rdf:Bag>
	</bqbiol:isVersionOf>
	</rdf:Description>
	
          </rdf:RDF>
        </annotation>
              <listOfReactants>
          <speciesReference metaid="_134559" species="T2R_EE"/>
        </listOfReactants>
        <listOfProducts>
          <speciesReference metaid="_134571" species="T2R_Surf"/>
          <speciesReference metaid="_134584" species="TGF_beta"/>
        </listOfProducts>
        <kineticLaw metaid="_134597">
          <math xmlns="http://www.w3.org/1998/Math/MathML">          
            <apply>
              <times/>
              <ci> V_cyt </ci>
              <ci> kr_EE </ci>
              <ci> T2R_EE </ci>
            </apply>
          </math>
                </kineticLaw>
      </reaction>
      <reaction id="R16_T2R_EE_degradation" metaid="metaid_0000057" reversible="false">
        <annotation>
          <rdf:RDF xmlns:rdf="http://www.w3.org/1999/02/22-rdf-syntax-ns#" xmlns:bqmodel="http://biomodels.net/model-qualifiers/" xmlns:bqbiol="http://biomodels.net/biology-qualifiers/">
            <rdf:Description rdf:about="#metaid_0000057">
	<bqbiol:isVersionOf>
	<rdf:Bag>
	<rdf:li rdf:resource="http://identifiers.org/obo.go/GO:0031623"/>
	</rdf:Bag>
	</bqbiol:isVersionOf>
	</rdf:Description>
	
          </rdf:RDF>
        </annotation>
              <listOfReactants>
          <speciesReference metaid="_134610" species="T2R_EE"/>
        </listOfReactants>
        <kineticLaw metaid="_134622">
          <math xmlns="http://www.w3.org/1998/Math/MathML">          
            <apply>
              <times/>
              <ci> V_cyt </ci>
              <ci> Kdeg_T2R_EE </ci>
              <ci> T2R_EE </ci>
            </apply>
          </math>
                </kineticLaw>
      </reaction>
      <reaction id="R17_LRC_formation" metaid="metaid_0000058" reversible="false">
        <annotation>
          <rdf:RDF xmlns:rdf="http://www.w3.org/1999/02/22-rdf-syntax-ns#" xmlns:bqmodel="http://biomodels.net/model-qualifiers/" xmlns:bqbiol="http://biomodels.net/biology-qualifiers/">
            <rdf:Description rdf:about="#metaid_0000058">
	<bqbiol:isVersionOf>
	<rdf:Bag>
	<rdf:li rdf:resource="http://identifiers.org/obo.go/GO:0005160"/>
	</rdf:Bag>
	</bqbiol:isVersionOf>
	</rdf:Description>
	
          </rdf:RDF>
        </annotation>
              <listOfReactants>
          <speciesReference metaid="_134635" species="TGF_beta"/>
          <speciesReference metaid="_134647" species="T2R_Surf"/>
          <speciesReference metaid="_134660" species="T1R_Surf"/>
        </listOfReactants>
        <listOfProducts>
          <speciesReference metaid="_134673" species="LRC_Surf"/>
        </listOfProducts>
        <kineticLaw metaid="_134686">
          <math xmlns="http://www.w3.org/1998/Math/MathML">          
            <apply>
              <times/>
              <ci> V_cyt </ci>
              <ci> k_LRC </ci>
              <ci> TGF_beta </ci>
              <ci> T2R_Surf </ci>
              <ci> T1R_Surf </ci>
            </apply>
          </math>
                </kineticLaw>
      </reaction>
      <reaction id="R18_LRC_Cave_formation" metaid="metaid_0000059" reversible="false">
        <annotation>
          <rdf:RDF xmlns:rdf="http://www.w3.org/1999/02/22-rdf-syntax-ns#" xmlns:bqmodel="http://biomodels.net/model-qualifiers/" xmlns:bqbiol="http://biomodels.net/biology-qualifiers/">
            <rdf:Description rdf:about="#metaid_0000059">
	<bqbiol:isVersionOf>
	<rdf:Bag>
	<rdf:li rdf:resource="http://identifiers.org/obo.go/GO:0017015"/>
	</rdf:Bag>
	</bqbiol:isVersionOf>
	</rdf:Description>
	
          </rdf:RDF>
        </annotation>
              <listOfReactants>
          <speciesReference metaid="_134699" species="LRC_Surf"/>
        </listOfReactants>
        <listOfProducts>
          <speciesReference metaid="_134713" species="LRC_Cave"/>
        </listOfProducts>
        <kineticLaw metaid="_134726">
          <math xmlns="http://www.w3.org/1998/Math/MathML">          
            <apply>
              <times/>
              <ci> V_cyt </ci>
              <ci> ki_Cave </ci>
              <ci> LRC_Surf </ci>
            </apply>
          </math>
                </kineticLaw>
      </reaction>
      <reaction id="R19_LRC_Cave_recycling" metaid="metaid_0000060" reversible="false">
        <annotation>
          <rdf:RDF xmlns:rdf="http://www.w3.org/1999/02/22-rdf-syntax-ns#" xmlns:bqmodel="http://biomodels.net/model-qualifiers/" xmlns:bqbiol="http://biomodels.net/biology-qualifiers/">
            <rdf:Description rdf:about="#metaid_0000060">
	<bqbiol:isVersionOf>
	<rdf:Bag>
	<rdf:li rdf:resource="http://identifiers.org/obo.go/GO:0017015"/>
	</rdf:Bag>
	</bqbiol:isVersionOf>
	</rdf:Description>
	
          </rdf:RDF>
        </annotation>
              <listOfReactants>
          <speciesReference metaid="_134739" species="LRC_Cave"/>
        </listOfReactants>
        <listOfProducts>
          <speciesReference metaid="_134752" species="T1R_Surf"/>
          <speciesReference metaid="_134765" species="TGF_beta"/>
          <speciesReference metaid="_134778" species="T2R_Surf"/>
        </listOfProducts>
        <kineticLaw metaid="_134791">
          <math xmlns="http://www.w3.org/1998/Math/MathML">          
            <apply>
              <times/>
              <ci> V_cyt </ci>
              <ci> kr_Cave </ci>
              <ci> LRC_Cave </ci>
            </apply>
          </math>
                </kineticLaw>
      </reaction>
      <reaction id="R20_LRC_EE_formation" metaid="metaid_0000061" reversible="false">
        <annotation>
          <rdf:RDF xmlns:rdf="http://www.w3.org/1999/02/22-rdf-syntax-ns#" xmlns:bqmodel="http://biomodels.net/model-qualifiers/" xmlns:bqbiol="http://biomodels.net/biology-qualifiers/">
            <rdf:Description rdf:about="#metaid_0000061">
	<bqbiol:isVersionOf>
	<rdf:Bag>
	<rdf:li rdf:resource="http://identifiers.org/obo.go/GO:0017015"/>
	</rdf:Bag>
	</bqbiol:isVersionOf>
	</rdf:Description>
	
          </rdf:RDF>
        </annotation>
              <listOfReactants>
          <speciesReference metaid="_134804" species="LRC_Surf"/>
        </listOfReactants>
        <listOfProducts>
          <speciesReference metaid="_134816" species="LRC_EE"/>
        </listOfProducts>
        <kineticLaw metaid="_134828">
          <math xmlns="http://www.w3.org/1998/Math/MathML">          
            <apply>
              <times/>
              <ci> V_cyt </ci>
              <ci> ki_EE </ci>
              <ci> LRC_Surf </ci>
            </apply>
          </math>
                </kineticLaw>
      </reaction>
      <reaction id="R21_LRC_EE_recycling" metaid="metaid_0000062" reversible="false">
        <annotation>
          <rdf:RDF xmlns:rdf="http://www.w3.org/1999/02/22-rdf-syntax-ns#" xmlns:bqmodel="http://biomodels.net/model-qualifiers/" xmlns:bqbiol="http://biomodels.net/biology-qualifiers/">
            <rdf:Description rdf:about="#metaid_0000062">
	<bqbiol:isVersionOf>
	<rdf:Bag>
	<rdf:li rdf:resource="http://identifiers.org/obo.go/GO:0017015"/>
	</rdf:Bag>
	</bqbiol:isVersionOf>
	</rdf:Description>
	
          </rdf:RDF>
        </annotation>
              <listOfReactants>
          <speciesReference metaid="_134840" species="LRC_EE"/>
        </listOfReactants>
        <listOfProducts>
          <speciesReference metaid="_134852" species="T1R_Surf"/>
          <speciesReference metaid="_134864" species="T2R_Surf"/>
          <speciesReference metaid="_134877" species="TGF_beta"/>
        </listOfProducts>
        <kineticLaw metaid="_134889">
          <math xmlns="http://www.w3.org/1998/Math/MathML">          
            <apply>
              <times/>
              <ci> V_cyt </ci>
              <ci> kr_EE </ci>
              <ci> LRC_EE </ci>
            </apply>
          </math>
                </kineticLaw>
      </reaction>
      <reaction id="R22_LRC_EE_degradation" metaid="metaid_0000063" reversible="false">
        <annotation>
          <rdf:RDF xmlns:rdf="http://www.w3.org/1999/02/22-rdf-syntax-ns#" xmlns:bqmodel="http://biomodels.net/model-qualifiers/" xmlns:bqbiol="http://biomodels.net/biology-qualifiers/">
            <rdf:Description rdf:about="#metaid_0000063">
	<bqbiol:isVersionOf>
	<rdf:Bag>
	<rdf:li rdf:resource="http://identifiers.org/obo.go/GO:0017015"/>
	</rdf:Bag>
	</bqbiol:isVersionOf>
	</rdf:Description>
	
          </rdf:RDF>
        </annotation>
              <listOfReactants>
          <speciesReference metaid="_134901" species="LRC_EE"/>
        </listOfReactants>
        <kineticLaw metaid="_134913">
          <math xmlns="http://www.w3.org/1998/Math/MathML">          
            <apply>
              <times/>
              <ci> V_cyt </ci>
              <ci> Kcd </ci>
              <ci> LRC_EE </ci>
            </apply>
          </math>
                </kineticLaw>
      </reaction>
      <reaction id="R23_Smads_Complex_formation" metaid="metaid_0000064" reversible="false">
        <annotation>
          <rdf:RDF xmlns:rdf="http://www.w3.org/1999/02/22-rdf-syntax-ns#" xmlns:bqmodel="http://biomodels.net/model-qualifiers/" xmlns:bqbiol="http://biomodels.net/biology-qualifiers/">
            <rdf:Description rdf:about="#metaid_0000064">
	<bqbiol:is>
	<rdf:Bag>
	<rdf:li rdf:resource="http://identifiers.org/obo.go/GO:0007184"/>
	</rdf:Bag>
	</bqbiol:is>
	</rdf:Description>
	
          </rdf:RDF>
        </annotation>
              <listOfReactants>
          <speciesReference metaid="_134925" species="Smad2c"/>
          <speciesReference metaid="_134937" species="Smad4c"/>
        </listOfReactants>
        <listOfProducts>
          <speciesReference metaid="_134949" species="Smads_Complex_c"/>
        </listOfProducts>
        <listOfModifiers>
          <modifierSpeciesReference metaid="_134961" species="LRC_EE"/>
        </listOfModifiers>
        <kineticLaw metaid="_134973">
          <math xmlns="http://www.w3.org/1998/Math/MathML">          
            <apply>
              <times/>
              <ci> V_cyt </ci>
              <ci> k_Smads_Complex_c </ci>
              <ci> Smad2c </ci>
              <ci> Smad4c </ci>
              <ci> LRC_EE </ci>
            </apply>
          </math>
                </kineticLaw>
      </reaction>
      <reaction id="R24_Smads_Complex_import" metaid="metaid_0000065" reversible="false">
        <annotation>
          <rdf:RDF xmlns:rdf="http://www.w3.org/1999/02/22-rdf-syntax-ns#" xmlns:bqmodel="http://biomodels.net/model-qualifiers/" xmlns:bqbiol="http://biomodels.net/biology-qualifiers/">
            <rdf:Description rdf:about="#metaid_0000065">
	<bqbiol:isVersionOf>
	<rdf:Bag>
	<rdf:li rdf:resource="http://identifiers.org/obo.go/GO:0007184"/>
	</rdf:Bag>
	</bqbiol:isVersionOf>
	</rdf:Description>
	
          </rdf:RDF>
        </annotation>
              <listOfReactants>
          <speciesReference metaid="_134985" species="Smads_Complex_c"/>
        </listOfReactants>
        <listOfProducts>
          <speciesReference metaid="_134997" species="Smads_Complex_n"/>
        </listOfProducts>
        <kineticLaw metaid="_135009">
          <math xmlns="http://www.w3.org/1998/Math/MathML">          
            <apply>
              <times/>
              <ci> V_cyt </ci>
              <ci> Kimp_Smads_Complex_c </ci>
              <ci> Smads_Complex_c </ci>
            </apply>
          </math>
                </kineticLaw>
      </reaction>
      <reaction id="R25_Smads_Complex_Dissociation" metaid="metaid_0000066" reversible="false">
        <listOfReactants>
          <speciesReference metaid="_135021" species="Smads_Complex_n"/>
        </listOfReactants>
        <listOfProducts>
          <speciesReference metaid="_135033" species="Smad4n"/>
          <speciesReference metaid="_135045" species="Smad2n"/>
        </listOfProducts>
        <kineticLaw metaid="_135057">
          <math xmlns="http://www.w3.org/1998/Math/MathML">          
            <apply>
              <times/>
              <ci> V_nuc </ci>
              <ci> Kdiss_Smads_Complex_n </ci>
              <ci> Smads_Complex_n </ci>
            </apply>
          </math>
                </kineticLaw>
      </reaction>
      <reaction id="R26_LRC_Cave_degradation" metaid="metaid_0000067" reversible="false">
        <annotation>
          <rdf:RDF xmlns:rdf="http://www.w3.org/1999/02/22-rdf-syntax-ns#" xmlns:bqmodel="http://biomodels.net/model-qualifiers/" xmlns:bqbiol="http://biomodels.net/biology-qualifiers/">
            <rdf:Description rdf:about="#metaid_0000067">
	<bqbiol:isVersionOf>
	<rdf:Bag>
	<rdf:li rdf:resource="http://identifiers.org/obo.go/GO:0030163"/>
	</rdf:Bag>
	</bqbiol:isVersionOf>
	</rdf:Description>
	
          </rdf:RDF>
        </annotation>
              <listOfReactants>
          <speciesReference metaid="_135069" species="LRC_Cave"/>
        </listOfReactants>
        <listOfModifiers>
          <modifierSpeciesReference metaid="_135081" species="Smads_Complex_n"/>
        </listOfModifiers>
        <kineticLaw metaid="_135093">
          <math xmlns="http://www.w3.org/1998/Math/MathML">          
            <apply>
              <times/>
              <ci> V_cyt </ci>
              <ci> Klid </ci>
              <ci> LRC_Cave </ci>
              <ci> Smads_Complex_n </ci>
            </apply>
          </math>
                </kineticLaw>
      </reaction>
    </listOfReactions>
  </model>
</sbml>