<?xml version='1.0' encoding='UTF-8' standalone='no'?>
<sbml xmlns="http://www.sbml.org/sbml/level2/version4" level="2" metaid="_058754" version="4" xmlns:bqbiol="http://biomodels.net/biology-qualifiers/" xmlns:bqmodel="http://biomodels.net/model-qualifiers/" xmlns:dc="http://purl.org/dc/elements/1.1/" xmlns:dcterms="http://purl.org/dc/terms/" xmlns:rdf="http://www.w3.org/1999/02/22-rdf-syntax-ns#" xmlns:vCard="http://www.w3.org/2001/vcard-rdf/3.0#">
  <model id="Pfeiffer2001_ATPProducingPathways_CooperationCompetition" metaid="meta_pfeiffer01" name="Pfeiffer2001_ATP-ProducingPathways_CooperationCompetition">
    <notes>
      <body xmlns="http://www.w3.org/1999/xhtml">
        <p>This model is from the article:      <br/>
                <strong>Cooperation and Competition in the Evolution of ATP-Producing Pathways</strong>
                <br/>
          Thomas Pfeiffer, Stefan Schuster, Sebastian Bonhoeffer      <em>Science</em>
          2001 Apr; Volume:292 (Issue:5516); Page info:504-7      <a href="http://www.ncbi.nlm.nih.gov/pubmed/11283355">11283355</a>
          ,      <br/>
                <strong>Abstract:</strong>
                <br/>
          Heterotrophic organisms generally face a trade-off between rate and yield of adenosine triphosphate (ATP) production. This trade-off may result in an evolutionary dilemma, because cells with a higher rate but lower yield of ATP production may gain a selective advantage when competing for shared energy resources. Using an analysis of model simulations and biochemical observations, we show that ATP production with a low rate and high yield can be viewed as a form of cooperative resource use and may evolve in spatially structured environments. Furthermore, we argue that the high ATP yield of respiration may have facilitated the evolutionary transition from unicellular to undifferentiated multicellular organisms.      </p>
            <br/>
            <b>Note:</b>
            <p>This model reproduces the competition and invasion described in Supplemental Figure 2.</p>
            </body>
      
    </notes>
    <annotation>
      <rdf:RDF xmlns:rdf="http://www.w3.org/1999/02/22-rdf-syntax-ns#" xmlns:bqmodel="http://biomodels.net/model-qualifiers/" xmlns:vCard="http://www.w3.org/2001/vcard-rdf/3.0#" xmlns:dc="http://purl.org/dc/elements/1.1/" xmlns:dcterms="http://purl.org/dc/terms/" xmlns:bqbiol="http://biomodels.net/biology-qualifiers/">
        <rdf:Description rdf:about="#meta_pfeiffer01">
	<dc:creator>
	<rdf:Bag>
	<rdf:li rdf:parseType="Resource">
	<vCard:N rdf:parseType="Resource">
	<vCard:Family>Chelliah</vCard:Family>
	<vCard:Given>Vijayalakshmi</vCard:Given>
	</vCard:N>
	<vCard:EMAIL>viji@ebi.ac.uk</vCard:EMAIL>
	<vCard:ORG rdf:parseType="Resource">
	<vCard:Orgname>EMBL-EBI</vCard:Orgname>
	</vCard:ORG>
	</rdf:li>
	<rdf:li rdf:parseType="Resource">
	<vCard:N rdf:parseType="Resource">
	<vCard:Family>Smallbone</vCard:Family>
	<vCard:Given>Kieran</vCard:Given>
	</vCard:N>
	<vCard:EMAIL>kieran.smallbone@manchester.ac.uk</vCard:EMAIL>
	<vCard:ORG rdf:parseType="Resource">
	<vCard:Orgname>University of Manchester</vCard:Orgname>
	</vCard:ORG>
	</rdf:li>
	</rdf:Bag>
	</dc:creator>
	<dcterms:created rdf:parseType="Resource">
	<dcterms:W3CDTF>2011-05-12T00:00:00Z</dcterms:W3CDTF>
	</dcterms:created>
	<dcterms:modified rdf:parseType="Resource">
	<dcterms:W3CDTF>2012-04-20T21:52:36Z</dcterms:W3CDTF>
	</dcterms:modified>
	<bqmodel:is>
	<rdf:Bag>
	<rdf:li rdf:resource="http://identifiers.org/biomodels.db/MODEL1105120000"/>
	</rdf:Bag>
	</bqmodel:is>
	<bqmodel:is>
	<rdf:Bag>
	<rdf:li rdf:resource="http://identifiers.org/biomodels.db/BIOMD0000000337"/>
	</rdf:Bag>
	</bqmodel:is>
	<bqmodel:isDescribedBy>
	<rdf:Bag>
	<rdf:li rdf:resource="http://identifiers.org/pubmed/11283355"/>
	</rdf:Bag>
	</bqmodel:isDescribedBy>
	<bqbiol:isVersionOf>
	<rdf:Bag>
	<rdf:li rdf:resource="http://identifiers.org/obo.go/GO:0006754"/>
	<rdf:li rdf:resource="http://identifiers.org/obo.go/GO:0071318"/>
	</rdf:Bag>
	</bqbiol:isVersionOf>
	<bqbiol:hasTaxon>
	<rdf:Bag>
	<rdf:li rdf:resource="http://identifiers.org/taxonomy/131567"/>
	</rdf:Bag>
	</bqbiol:hasTaxon>
	</rdf:Description>
	
      </rdf:RDF>
    </annotation>
      <listOfUnitDefinitions>
      <unitDefinition id="substance" metaid="_058766">
        <listOfUnits>
          <unit kind="dimensionless" metaid="_058778"/>
        </listOfUnits>
      </unitDefinition>
      <unitDefinition id="time" metaid="_058790">
        <listOfUnits>
          <unit kind="dimensionless" metaid="_058803"/>
        </listOfUnits>
      </unitDefinition>
      <unitDefinition id="volume" metaid="_058815">
        <listOfUnits>
          <unit kind="dimensionless" metaid="_058827"/>
        </listOfUnits>
      </unitDefinition>
    </listOfUnitDefinitions>
    <listOfCompartments>
      <compartment id="compartment" metaid="_295154" size="1"/>
    </listOfCompartments>
    <listOfSpecies>
      <species compartment="compartment" id="S" initialConcentration="0.111111111111111" metaid="_295156" name="S">
        <annotation>
          <rdf:RDF xmlns:rdf="http://www.w3.org/1999/02/22-rdf-syntax-ns#" xmlns:bqmodel="http://biomodels.net/model-qualifiers/" xmlns:bqbiol="http://biomodels.net/biology-qualifiers/">
            <rdf:Description rdf:about="#_295156">
	<bqbiol:isVersionOf>
	<rdf:Bag>
	<rdf:li rdf:resource="http://identifiers.org/obo.pato/PATO:0001021"/>
	</rdf:Bag>
	</bqbiol:isVersionOf>
	</rdf:Description>
	
          </rdf:RDF>
        </annotation>
            </species>
      <species compartment="compartment" id="N1" initialConcentration="100" metaid="_295157" name="N1">
        <annotation>
          <rdf:RDF xmlns:rdf="http://www.w3.org/1999/02/22-rdf-syntax-ns#" xmlns:bqmodel="http://biomodels.net/model-qualifiers/" xmlns:bqbiol="http://biomodels.net/biology-qualifiers/">
            <rdf:Description rdf:about="#_295157">
	<bqbiol:isVersionOf>
	<rdf:Bag>
	<rdf:li rdf:resource="http://identifiers.org/obo.go/GO:0005623"/>
	</rdf:Bag>
	</bqbiol:isVersionOf>
	</rdf:Description>
	
          </rdf:RDF>
        </annotation>
            </species>
      <species compartment="compartment" id="N2" initialConcentration="0" metaid="_295159" name="N2">
        <annotation>
          <rdf:RDF xmlns:rdf="http://www.w3.org/1999/02/22-rdf-syntax-ns#" xmlns:bqmodel="http://biomodels.net/model-qualifiers/" xmlns:bqbiol="http://biomodels.net/biology-qualifiers/">
            <rdf:Description rdf:about="#_295159">
	<bqbiol:isVersionOf>
	<rdf:Bag>
	<rdf:li rdf:resource="http://identifiers.org/obo.go/GO:0005623"/>
	</rdf:Bag>
	</bqbiol:isVersionOf>
	</rdf:Description>
	
          </rdf:RDF>
        </annotation>
            </species>
    </listOfSpecies>
    <listOfParameters>
      <parameter id="v" metaid="_295178" units="dimensionless" value="10"/>
      <parameter id="d" metaid="_295180" units="dimensionless" value="1"/>
    </listOfParameters>
    <listOfReactions>
      <reaction id="r1" metaid="_295161" name="resource production" sboTerm="SBO:0000393">
        <annotation>
          <rdf:RDF xmlns:rdf="http://www.w3.org/1999/02/22-rdf-syntax-ns#" xmlns:bqmodel="http://biomodels.net/model-qualifiers/" xmlns:bqbiol="http://biomodels.net/biology-qualifiers/">
            <rdf:Description rdf:about="#_295161">
	<bqbiol:isVersionOf>
	<rdf:Bag>
	<rdf:li rdf:resource="http://identifiers.org/obo.go/GO:0006754"/>
	</rdf:Bag>
	</bqbiol:isVersionOf>
	</rdf:Description>
	
          </rdf:RDF>
        </annotation>
              <listOfProducts>
          <speciesReference metaid="_058839" species="S"/>
        </listOfProducts>
        <kineticLaw metaid="_058852">
          <math xmlns="http://www.w3.org/1998/Math/MathML">          
            <ci> v </ci>
          </math>
                </kineticLaw>
      </reaction>
      <reaction id="r2" metaid="_295162" name="resource consumption and cell growth 1" sboTerm="SBO:0000394">
        <annotation>
          <rdf:RDF xmlns:rdf="http://www.w3.org/1999/02/22-rdf-syntax-ns#" xmlns:bqmodel="http://biomodels.net/model-qualifiers/" xmlns:bqbiol="http://biomodels.net/biology-qualifiers/">
            <rdf:Description rdf:about="#_295162">
	<bqbiol:isVersionOf>
	<rdf:Bag>
	<rdf:li rdf:resource="http://identifiers.org/obo.go/GO:0016049"/>
	</rdf:Bag>
	</bqbiol:isVersionOf>
	</rdf:Description>
	
          </rdf:RDF>
        </annotation>
              <listOfReactants>
          <speciesReference metaid="_058864" species="S"/>
        </listOfReactants>
        <listOfProducts>
          <speciesReference metaid="_058876" species="N1" stoichiometry="10"/>
        </listOfProducts>
        <kineticLaw metaid="_058888">
          <math xmlns="http://www.w3.org/1998/Math/MathML">          
            <apply>
              <divide/>
              <apply>
                <times/>
                <ci> N1 </ci>
                <ci> S </ci>
              </apply>
              <apply>
                <plus/>
                <cn type="integer"> 1 </cn>
                <ci> S </ci>
              </apply>
            </apply>
          </math>
                </kineticLaw>
      </reaction>
      <reaction id="r3" metaid="_295164" name="resource consumption and cell growth 2" sboTerm="SBO:0000394">
        <annotation>
          <rdf:RDF xmlns:rdf="http://www.w3.org/1999/02/22-rdf-syntax-ns#" xmlns:bqmodel="http://biomodels.net/model-qualifiers/" xmlns:bqbiol="http://biomodels.net/biology-qualifiers/">
            <rdf:Description rdf:about="#_295164">
	<bqbiol:isVersionOf>
	<rdf:Bag>
	<rdf:li rdf:resource="http://identifiers.org/obo.go/GO:0016049"/>
	</rdf:Bag>
	</bqbiol:isVersionOf>
	</rdf:Description>
	
          </rdf:RDF>
        </annotation>
              <listOfReactants>
          <speciesReference metaid="_058900" species="S"/>
        </listOfReactants>
        <listOfProducts>
          <speciesReference metaid="_058912" species="N2"/>
        </listOfProducts>
        <kineticLaw metaid="_058925">
          <math xmlns="http://www.w3.org/1998/Math/MathML">          
            <apply>
              <divide/>
              <apply>
                <times/>
                <ci> N2 </ci>
                <cn type="integer"> 20 </cn>
                <ci> S </ci>
              </apply>
              <apply>
                <plus/>
                <cn type="integer"> 1 </cn>
                <ci> S </ci>
              </apply>
            </apply>
          </math>
                </kineticLaw>
      </reaction>
      <reaction id="r4" metaid="_295165" name="cell death 1" sboTerm="SBO:0000179">
        <annotation>
          <rdf:RDF xmlns:rdf="http://www.w3.org/1999/02/22-rdf-syntax-ns#" xmlns:bqmodel="http://biomodels.net/model-qualifiers/" xmlns:bqbiol="http://biomodels.net/biology-qualifiers/">
            <rdf:Description rdf:about="#_295165">
	<bqbiol:isVersionOf>
	<rdf:Bag>
	<rdf:li rdf:resource="http://identifiers.org/obo.go/GO:0008219"/>
	</rdf:Bag>
	</bqbiol:isVersionOf>
	</rdf:Description>
	
          </rdf:RDF>
        </annotation>
              <listOfReactants>
          <speciesReference metaid="_058937" species="N1"/>
        </listOfReactants>
        <kineticLaw metaid="_058949">
          <math xmlns="http://www.w3.org/1998/Math/MathML">          
            <apply>
              <times/>
              <ci> d </ci>
              <ci> N1 </ci>
            </apply>
          </math>
                </kineticLaw>
      </reaction>
      <reaction id="r5" metaid="_295167" name="cell death 2" sboTerm="SBO:0000179">
        <annotation>
          <rdf:RDF xmlns:rdf="http://www.w3.org/1999/02/22-rdf-syntax-ns#" xmlns:bqmodel="http://biomodels.net/model-qualifiers/" xmlns:bqbiol="http://biomodels.net/biology-qualifiers/">
            <rdf:Description rdf:about="#_295167">
	<bqbiol:isVersionOf>
	<rdf:Bag>
	<rdf:li rdf:resource="http://identifiers.org/obo.go/GO:0008219"/>
	</rdf:Bag>
	</bqbiol:isVersionOf>
	</rdf:Description>
	
          </rdf:RDF>
        </annotation>
              <listOfReactants>
          <speciesReference metaid="_058961" species="N2"/>
        </listOfReactants>
        <kineticLaw metaid="_058974">
          <math xmlns="http://www.w3.org/1998/Math/MathML">          
            <apply>
              <times/>
              <ci> d </ci>
              <ci> N2 </ci>
            </apply>
          </math>
                </kineticLaw>
      </reaction>
    </listOfReactions>
    <listOfEvents>
      <event metaid="_295173">
        <trigger metaid="_058986">
          <math xmlns="http://www.w3.org/1998/Math/MathML">          
            <apply>
              <geq/>
              <csymbol encoding="text" definitionURL="http://www.sbml.org/sbml/symbols/time"> time </csymbol>
              <cn type="integer"> 15 </cn>
            </apply>
          </math>
                </trigger>
        <listOfEventAssignments>
          <eventAssignment metaid="_058998" variable="N2">
            <math xmlns="http://www.w3.org/1998/Math/MathML">            
              <cn> 0.01 </cn>
            </math>
                    </eventAssignment>
        </listOfEventAssignments>
      </event>
    </listOfEvents>
  </model>
</sbml>