<?xml version='1.0' encoding='UTF-8' standalone='no'?>
<sbml xmlns="http://www.sbml.org/sbml/level2/version4" level="2" metaid="_094924" version="4">
  <model id="Nazaret2009_TCA_RC_ATP" metaid="metaid_nazaret" name="Nazaret2009_TCA_RC_ATP">
    <notes>
      <body xmlns="http://www.w3.org/1999/xhtml">
        <p>This a model from the article:      <br/>
        <strong>Mitochondrial energetic metabolism: a simplified model of TCA cycle with ATP production.</strong>
        <br/>
          Nazaret C, Heiske M, Thurley K, Mazat JP      <em>J. Theor. Biol.</em>
          2009 Jun;258(3):455-64      <a href="http://www.ncbi.nlm.nih.gov/pubmed/19007794">19007794</a>
          ,      <br/>
        <strong>Abstract:</strong>
        <br/>
          Mitochondria play a central role in cellular energetic metabolism. The essential parts of this metabolism are the tricarboxylic acid (TCA) cycle, the respiratory chain and the adenosine triphosphate (ATP) synthesis machinery. Here a simplified model of these three metabolic components with a limited set of differential equations is presented. The existence of a steady state is demonstrated and results of numerical simulations are presented. The relevance of a simple model to represent actual in vivo behavior is discussed.      </p>
    </body>
  </notes>
    <annotation>
    <rdf:RDF xmlns:rdf="http://www.w3.org/1999/02/22-rdf-syntax-ns#" xmlns:bqmodel="http://biomodels.net/model-qualifiers/" xmlns:vCard="http://www.w3.org/2001/vcard-rdf/3.0#" xmlns:dc="http://purl.org/dc/elements/1.1/" xmlns:dcterms="http://purl.org/dc/terms/" xmlns:bqbiol="http://biomodels.net/biology-qualifiers/">
        <rdf:Description rdf:about="#metaid_nazaret">
	<dc:creator>
	<rdf:Bag>
	<rdf:li rdf:parseType="Resource">
	<vCard:N rdf:parseType="Resource">
	<vCard:Family>Chelliah</vCard:Family>
	<vCard:Given>Vijayalakshmi</vCard:Given>
	</vCard:N>
	<vCard:EMAIL>viji@ebi.ac.uk</vCard:EMAIL>
	<vCard:ORG rdf:parseType="Resource">
	<vCard:Orgname>EMBL-EBI</vCard:Orgname>
	</vCard:ORG>
	</rdf:li>
	<rdf:li rdf:parseType="Resource">
	<vCard:N rdf:parseType="Resource">
	<vCard:Family>Smallbone</vCard:Family>
	<vCard:Given>Kieran</vCard:Given>
	</vCard:N>
	<vCard:EMAIL>kieran.smallbone@manchester.ac.uk</vCard:EMAIL>
	<vCard:ORG rdf:parseType="Resource">
	<vCard:Orgname>University of Manchester</vCard:Orgname>
	</vCard:ORG>
	</rdf:li>
	</rdf:Bag>
	</dc:creator>
	<dcterms:created rdf:parseType="Resource">
	<dcterms:W3CDTF>2009-09-10T00:00:00Z</dcterms:W3CDTF>
	</dcterms:created>
	<dcterms:modified rdf:parseType="Resource">
	<dcterms:W3CDTF>2010-01-22T15:30:56Z</dcterms:W3CDTF>
	</dcterms:modified>
	<bqmodel:is>
	<rdf:Bag>
	<rdf:li rdf:resource="http://identifiers.org/biomodels.db/MODEL2594602728"/>
	</rdf:Bag>
	</bqmodel:is>
	<bqmodel:is>
	<rdf:Bag>
	<rdf:li rdf:resource="http://identifiers.org/biomodels.db/BIOMD0000000232"/>
	</rdf:Bag>
	</bqmodel:is>
	<bqmodel:isDescribedBy>
	<rdf:Bag>
	<rdf:li rdf:resource="http://identifiers.org/pubmed/19007794"/>
	</rdf:Bag>
	</bqmodel:isDescribedBy>
	<bqbiol:hasTaxon>
	<rdf:Bag>
	<rdf:li rdf:resource="http://identifiers.org/taxonomy/9606"/>
	</rdf:Bag>
	</bqbiol:hasTaxon>
	<bqbiol:hasVersion>
	<rdf:Bag>
	<rdf:li rdf:resource="http://identifiers.org/obo.go/GO:0006099"/>
	<rdf:li rdf:resource="http://identifiers.org/obo.go/GO:0070469"/>
	<rdf:li rdf:resource="http://identifiers.org/obo.go/GO:0006754"/>
	</rdf:Bag>
	</bqbiol:hasVersion>
	<bqbiol:isPartOf>
	<rdf:Bag>
	<rdf:li rdf:resource="http://identifiers.org/reactome/REACT_6305"/>
	<rdf:li rdf:resource="http://identifiers.org/reactome/REACT_1785"/>
	<rdf:li rdf:resource="http://identifiers.org/reactome/REACT_2124"/>
	</rdf:Bag>
	</bqbiol:isPartOf>
	<bqbiol:hasVersion>
	<rdf:Bag>
	<rdf:li rdf:resource="http://identifiers.org/kegg.pathway/hsa00020"/>
	</rdf:Bag>
	</bqbiol:hasVersion>
	</rdf:Description>
	
    </rdf:RDF>
  </annotation>
      <listOfUnitDefinitions>
      <unitDefinition id="substance" metaid="_094936">
        <listOfUnits>
          <unit kind="mole" metaid="_094948" scale="-3"/>
        </listOfUnits>
      </unitDefinition>
      <unitDefinition id="C_per_mol" metaid="_094960" name="coulomb per mole">
        <listOfUnits>
          <unit kind="coulomb" metaid="_094972" scale="1"/>
          <unit exponent="-1" kind="mole" metaid="_094984" scale="1"/>
        </listOfUnits>
      </unitDefinition>
      <unitDefinition id="mJ_per_mol_per_K" metaid="_094996" name="milliJoule per mole per Kelvin">
        <listOfUnits>
          <unit kind="joule" metaid="_095008" scale="-3"/>
          <unit exponent="-1" kind="mole" metaid="_095020" scale="1"/>
          <unit exponent="-1" kind="kelvin" metaid="_095033" scale="1"/>
        </listOfUnits>
      </unitDefinition>
      <unitDefinition id="mJ_per_mol" metaid="_095045" name="milliJoules per mole">
        <listOfUnits>
          <unit kind="joule" metaid="_095058" scale="-3"/>
          <unit exponent="-1" kind="mole" metaid="_095070" scale="1"/>
        </listOfUnits>
      </unitDefinition>
      <unitDefinition id="mM" metaid="_095082" name="millimolar">
        <listOfUnits>
          <unit kind="mole" metaid="_095094" scale="-3"/>
          <unit exponent="-1" kind="litre" metaid="_095106" scale="1"/>
        </listOfUnits>
      </unitDefinition>
      <unitDefinition id="mM_per_mV" metaid="_095118" name="millimolar per millivolt">
        <listOfUnits>
          <unit kind="mole" metaid="_095130" scale="-3"/>
          <unit exponent="-1" kind="litre" metaid="_095142" scale="1"/>
          <unit exponent="-1" kind="volt" metaid="_095154" scale="-3"/>
        </listOfUnits>
      </unitDefinition>
      <unitDefinition id="mM_per_s" metaid="_095166" name="millimolar per second">
        <listOfUnits>
          <unit kind="mole" metaid="_095178" scale="-3"/>
          <unit exponent="-1" kind="litre" metaid="_095190" scale="1"/>
          <unit exponent="-1" kind="second" metaid="_095202" scale="1"/>
        </listOfUnits>
      </unitDefinition>
      <unitDefinition id="mM_per_s_per_mV" metaid="_095214" name="millimolar per second per millivolt">
        <listOfUnits>
          <unit kind="mole" metaid="_095226" scale="-3"/>
          <unit exponent="-1" kind="litre" metaid="_095238" scale="1"/>
          <unit exponent="-1" kind="second" metaid="_095250" scale="1"/>
          <unit exponent="-1" kind="volt" metaid="_095262" scale="-3"/>
        </listOfUnits>
      </unitDefinition>
      <unitDefinition id="mV" metaid="_095274" name="millivolt">
        <listOfUnits>
          <unit kind="volt" metaid="_095286" scale="-3"/>
        </listOfUnits>
      </unitDefinition>
      <unitDefinition id="per_mM" metaid="_095299" name="per mM">
        <listOfUnits>
          <unit exponent="-1" kind="mole" metaid="_095311" scale="-3"/>
          <unit kind="litre" metaid="_095324" scale="1"/>
        </listOfUnits>
      </unitDefinition>
      <unitDefinition id="per_mM_per_s" metaid="_095336" name="per millimolar per second">
        <listOfUnits>
          <unit exponent="-1" kind="mole" metaid="_095348" scale="-3"/>
          <unit kind="litre" metaid="_095360" scale="1"/>
          <unit exponent="-1" kind="second" metaid="_095372" scale="1"/>
        </listOfUnits>
      </unitDefinition>
      <unitDefinition id="per_mM_squared_per_s" metaid="_095384" name="per millimolar squared per second">
        <listOfUnits>
          <unit exponent="-2" kind="mole" metaid="_095396" scale="-3"/>
          <unit exponent="2" kind="litre" metaid="_095408" scale="1"/>
          <unit exponent="-1" kind="second" metaid="_095420" scale="1"/>
        </listOfUnits>
      </unitDefinition>
      <unitDefinition id="per_mV" metaid="_095433" name="per millivolt">
        <listOfUnits>
          <unit exponent="-1" kind="volt" metaid="_095445" scale="-3"/>
        </listOfUnits>
      </unitDefinition>
      <unitDefinition id="per_s" metaid="_095457" name="per second">
        <listOfUnits>
          <unit exponent="-1" kind="second" metaid="_095469" scale="1"/>
        </listOfUnits>
      </unitDefinition>
    </listOfUnitDefinitions>
    <listOfCompartments>
      <compartment id="cytoplasm" metaid="metaid_cytoplasm" name="cytoplasm" sboTerm="SBO:0000290" size="1">
        <annotation>
        <rdf:RDF xmlns:rdf="http://www.w3.org/1999/02/22-rdf-syntax-ns#" xmlns:bqmodel="http://biomodels.net/model-qualifiers/" xmlns:bqbiol="http://biomodels.net/biology-qualifiers/">
            <rdf:Description rdf:about="#metaid_cytoplasm">
	<bqbiol:isVersionOf>
	<rdf:Bag>
	<rdf:li rdf:resource="http://identifiers.org/obo.go/GO:0005737"/>
	</rdf:Bag>
	</bqbiol:isVersionOf>
	</rdf:Description>
	
        </rdf:RDF>
      </annotation>
            </compartment>
      <compartment id="mitochondrion" metaid="metaid_mitochondrion" name="mitochondrial matrix" sboTerm="SBO:0000290" size="1">
        <annotation>
        <rdf:RDF xmlns:rdf="http://www.w3.org/1999/02/22-rdf-syntax-ns#" xmlns:bqmodel="http://biomodels.net/model-qualifiers/" xmlns:bqbiol="http://biomodels.net/biology-qualifiers/">
            <rdf:Description rdf:about="#metaid_mitochondrion">
	<bqbiol:isVersionOf>
	<rdf:Bag>
	<rdf:li rdf:resource="http://identifiers.org/obo.go/GO:0005759"/>
	</rdf:Bag>
	</bqbiol:isVersionOf>
	</rdf:Description>
	
        </rdf:RDF>
      </annotation>
            </compartment>
    </listOfCompartments>
    <listOfSpecies>
      <species boundaryCondition="true" compartment="mitochondrion" id="ADP" metaid="metaid_ADP" name="ADP" sboTerm="SBO:0000247">
        <annotation>
        <rdf:RDF xmlns:rdf="http://www.w3.org/1999/02/22-rdf-syntax-ns#" xmlns:bqmodel="http://biomodels.net/model-qualifiers/" xmlns:bqbiol="http://biomodels.net/biology-qualifiers/">
            <rdf:Description rdf:about="#metaid_ADP">
	<bqbiol:isVersionOf>
	<rdf:Bag>
	<rdf:li rdf:resource="http://identifiers.org/obo.chebi/CHEBI:16761"/>
	<rdf:li rdf:resource="http://identifiers.org/kegg.compound/C00008"/>
	</rdf:Bag>
	</bqbiol:isVersionOf>
	</rdf:Description>
	
        </rdf:RDF>
      </annotation>
            </species>
      <species compartment="mitochondrion" id="ATP" initialConcentration="3.536" metaid="metaid_ATP" name="ATP" sboTerm="SBO:0000247">
        <annotation>
        <rdf:RDF xmlns:rdf="http://www.w3.org/1999/02/22-rdf-syntax-ns#" xmlns:bqmodel="http://biomodels.net/model-qualifiers/" xmlns:bqbiol="http://biomodels.net/biology-qualifiers/">
            <rdf:Description rdf:about="#metaid_ATP">
	<bqbiol:isVersionOf>
	<rdf:Bag>
	<rdf:li rdf:resource="http://identifiers.org/obo.chebi/CHEBI:15422"/>
	<rdf:li rdf:resource="http://identifiers.org/kegg.compound/C00002"/>
	</rdf:Bag>
	</bqbiol:isVersionOf>
	</rdf:Description>
	
        </rdf:RDF>
      </annotation>
            </species>
      <species boundaryCondition="true" compartment="mitochondrion" constant="true" id="H" initialConcentration="1" metaid="metaid_H" name="H+" sboTerm="SBO:0000327">
        <annotation>
        <rdf:RDF xmlns:rdf="http://www.w3.org/1999/02/22-rdf-syntax-ns#" xmlns:bqmodel="http://biomodels.net/model-qualifiers/" xmlns:bqbiol="http://biomodels.net/biology-qualifiers/">
            <rdf:Description rdf:about="#metaid_H">
	<bqbiol:isVersionOf>
	<rdf:Bag>
	<rdf:li rdf:resource="http://identifiers.org/obo.chebi/CHEBI:24636"/>
	<rdf:li rdf:resource="http://identifiers.org/kegg.compound/C00080"/>
	</rdf:Bag>
	</bqbiol:isVersionOf>
	</rdf:Description>
	
        </rdf:RDF>
      </annotation>
            </species>
      <species boundaryCondition="true" compartment="cytoplasm" constant="true" id="He" initialConcentration="1" metaid="metaid_He" name="H+" sboTerm="SBO:0000327">
        <annotation>
        <rdf:RDF xmlns:rdf="http://www.w3.org/1999/02/22-rdf-syntax-ns#" xmlns:bqmodel="http://biomodels.net/model-qualifiers/" xmlns:bqbiol="http://biomodels.net/biology-qualifiers/">
            <rdf:Description rdf:about="#metaid_He">
	<bqbiol:isVersionOf>
	<rdf:Bag>
	<rdf:li rdf:resource="http://identifiers.org/obo.chebi/CHEBI:24636"/>
	<rdf:li rdf:resource="http://identifiers.org/kegg.compound/C00080"/>
	</rdf:Bag>
	</bqbiol:isVersionOf>
	</rdf:Description>
	
        </rdf:RDF>
      </annotation>
            </species>
      <species compartment="mitochondrion" id="NAD" initialConcentration="0.856" metaid="metaid_NAD" name="NAD(+)" sboTerm="SBO:0000247">
        <annotation>
        <rdf:RDF xmlns:rdf="http://www.w3.org/1999/02/22-rdf-syntax-ns#" xmlns:bqmodel="http://biomodels.net/model-qualifiers/" xmlns:bqbiol="http://biomodels.net/biology-qualifiers/">
            <rdf:Description rdf:about="#metaid_NAD">
	<bqbiol:isVersionOf>
	<rdf:Bag>
	<rdf:li rdf:resource="http://identifiers.org/obo.chebi/CHEBI:15846"/>
	<rdf:li rdf:resource="http://identifiers.org/kegg.compound/C00003"/>
	</rdf:Bag>
	</bqbiol:isVersionOf>
	</rdf:Description>
	
        </rdf:RDF>
      </annotation>
            </species>
      <species boundaryCondition="true" compartment="mitochondrion" id="NADH" metaid="metaid_NADH" name="NADH" sboTerm="SBO:0000247">
        <annotation>
        <rdf:RDF xmlns:rdf="http://www.w3.org/1999/02/22-rdf-syntax-ns#" xmlns:bqmodel="http://biomodels.net/model-qualifiers/" xmlns:bqbiol="http://biomodels.net/biology-qualifiers/">
            <rdf:Description rdf:about="#metaid_NADH">
	<bqbiol:isVersionOf>
	<rdf:Bag>
	<rdf:li rdf:resource="http://identifiers.org/obo.chebi/CHEBI:16908"/>
	<rdf:li rdf:resource="http://identifiers.org/kegg.compound/C00004"/>
	</rdf:Bag>
	</bqbiol:isVersionOf>
	</rdf:Description>
	
        </rdf:RDF>
      </annotation>
            </species>
      <species compartment="mitochondrion" id="AcCoA" initialConcentration="0.063" metaid="metaid_AcCoA" name="acetyl-CoA" sboTerm="SBO:0000247">
        <annotation>
        <rdf:RDF xmlns:rdf="http://www.w3.org/1999/02/22-rdf-syntax-ns#" xmlns:bqmodel="http://biomodels.net/model-qualifiers/" xmlns:bqbiol="http://biomodels.net/biology-qualifiers/">
            <rdf:Description rdf:about="#metaid_AcCoA">
	<bqbiol:isVersionOf>
	<rdf:Bag>
	<rdf:li rdf:resource="http://identifiers.org/obo.chebi/CHEBI:15351"/>
	<rdf:li rdf:resource="http://identifiers.org/kegg.compound/C00024"/>
	</rdf:Bag>
	</bqbiol:isVersionOf>
	</rdf:Description>
	
        </rdf:RDF>
      </annotation>
            </species>
      <species compartment="mitochondrion" id="KG" initialConcentration="0.225" metaid="metaid_KG" name="alpha-ketoglutarate" sboTerm="SBO:0000247">
        <annotation>
        <rdf:RDF xmlns:rdf="http://www.w3.org/1999/02/22-rdf-syntax-ns#" xmlns:bqmodel="http://biomodels.net/model-qualifiers/" xmlns:bqbiol="http://biomodels.net/biology-qualifiers/">
            <rdf:Description rdf:about="#metaid_KG">
	<bqbiol:isVersionOf>
	<rdf:Bag>
	<rdf:li rdf:resource="http://identifiers.org/obo.chebi/CHEBI:16810"/>
	<rdf:li rdf:resource="http://identifiers.org/kegg.compound/C00026"/>
	</rdf:Bag>
	</bqbiol:isVersionOf>
	</rdf:Description>
	
        </rdf:RDF>
      </annotation>
            </species>
      <species compartment="mitochondrion" id="Cit" initialConcentration="0.44" metaid="metaid_Cit" name="citrate" sboTerm="SBO:0000247">
        <annotation>
        <rdf:RDF xmlns:rdf="http://www.w3.org/1999/02/22-rdf-syntax-ns#" xmlns:bqmodel="http://biomodels.net/model-qualifiers/" xmlns:bqbiol="http://biomodels.net/biology-qualifiers/">
            <rdf:Description rdf:about="#metaid_Cit">
	<bqbiol:isVersionOf>
	<rdf:Bag>
	<rdf:li rdf:resource="http://identifiers.org/obo.chebi/CHEBI:16947"/>
	<rdf:li rdf:resource="http://identifiers.org/kegg.compound/C00158"/>
	</rdf:Bag>
	</bqbiol:isVersionOf>
	</rdf:Description>
	
        </rdf:RDF>
      </annotation>
            </species>
      <species compartment="mitochondrion" id="OAA" initialConcentration="0.005" metaid="metaid_OAA" name="oxaloacetate" sboTerm="SBO:0000247">
        <annotation>
        <rdf:RDF xmlns:rdf="http://www.w3.org/1999/02/22-rdf-syntax-ns#" xmlns:bqmodel="http://biomodels.net/model-qualifiers/" xmlns:bqbiol="http://biomodels.net/biology-qualifiers/">
            <rdf:Description rdf:about="#metaid_OAA">
	<bqbiol:isVersionOf>
	<rdf:Bag>
	<rdf:li rdf:resource="http://identifiers.org/obo.chebi/CHEBI:16452"/>
	<rdf:li rdf:resource="http://identifiers.org/kegg.compound/C00036"/>
	</rdf:Bag>
	</bqbiol:isVersionOf>
	</rdf:Description>
	
        </rdf:RDF>
      </annotation>
            </species>
      <species boundaryCondition="true" compartment="mitochondrion" constant="true" id="O2" initialConcentration="1" metaid="metaid_O2" name="oxygen" sboTerm="SBO:0000247">
        <annotation>
        <rdf:RDF xmlns:rdf="http://www.w3.org/1999/02/22-rdf-syntax-ns#" xmlns:bqmodel="http://biomodels.net/model-qualifiers/" xmlns:bqbiol="http://biomodels.net/biology-qualifiers/">
            <rdf:Description rdf:about="#metaid_O2">
	<bqbiol:isVersionOf>
	<rdf:Bag>
	<rdf:li rdf:resource="http://identifiers.org/obo.chebi/CHEBI:15379"/>
	<rdf:li rdf:resource="http://identifiers.org/kegg.compound/C00007"/>
	</rdf:Bag>
	</bqbiol:isVersionOf>
	</rdf:Description>
	
        </rdf:RDF>
      </annotation>
            </species>
      <species boundaryCondition="true" compartment="mitochondrion" constant="true" id="iP" initialConcentration="2.44" metaid="metaid_iP" name="phosphate" sboTerm="SBO:0000327">
        <annotation>
        <rdf:RDF xmlns:rdf="http://www.w3.org/1999/02/22-rdf-syntax-ns#" xmlns:bqmodel="http://biomodels.net/model-qualifiers/" xmlns:bqbiol="http://biomodels.net/biology-qualifiers/">
            <rdf:Description rdf:about="#metaid_iP">
	<bqbiol:isVersionOf>
	<rdf:Bag>
	<rdf:li rdf:resource="http://identifiers.org/obo.chebi/CHEBI:18367"/>
	<rdf:li rdf:resource="http://identifiers.org/kegg.compound/C00009"/>
	</rdf:Bag>
	</bqbiol:isVersionOf>
	</rdf:Description>
	
        </rdf:RDF>
      </annotation>
            </species>
      <species compartment="mitochondrion" id="Pyr" initialConcentration="0.154" metaid="metaid_Pyr" name="pyruvate" sboTerm="SBO:0000247">
        <annotation>
        <rdf:RDF xmlns:rdf="http://www.w3.org/1999/02/22-rdf-syntax-ns#" xmlns:bqmodel="http://biomodels.net/model-qualifiers/" xmlns:bqbiol="http://biomodels.net/biology-qualifiers/">
            <rdf:Description rdf:about="#metaid_Pyr">
	<bqbiol:isVersionOf>
	<rdf:Bag>
	<rdf:li rdf:resource="http://identifiers.org/obo.chebi/CHEBI:15361"/>
	<rdf:li rdf:resource="http://identifiers.org/kegg.compound/C00022"/>
	</rdf:Bag>
	</bqbiol:isVersionOf>
	</rdf:Description>
	
        </rdf:RDF>
      </annotation>
            </species>
      <species boundaryCondition="true" compartment="mitochondrion" constant="true" id="H2O" initialConcentration="1" metaid="metaid_H2O" name="water" sboTerm="SBO:0000247">
        <annotation>
        <rdf:RDF xmlns:rdf="http://www.w3.org/1999/02/22-rdf-syntax-ns#" xmlns:bqmodel="http://biomodels.net/model-qualifiers/" xmlns:bqbiol="http://biomodels.net/biology-qualifiers/">
            <rdf:Description rdf:about="#metaid_H2O">
	<bqbiol:isVersionOf>
	<rdf:Bag>
	<rdf:li rdf:resource="http://identifiers.org/obo.chebi/CHEBI:15377"/>
	<rdf:li rdf:resource="http://identifiers.org/kegg.compound/C00001"/>
	</rdf:Bag>
	</bqbiol:isVersionOf>
	</rdf:Description>
	
        </rdf:RDF>
      </annotation>
            </species>
    </listOfSpecies>
    <listOfParameters>
      <parameter constant="false" id="ATPcrit" metaid="_304773" units="mM"/>
      <parameter id="At" metaid="_304776" units="mM" value="4.16"/>
      <parameter id="C" metaid="_304779" units="mM_per_mV" value="6.75E-6"/>
      <parameter constant="false" id="DeltaGtransport" metaid="_304782" units="mJ_per_mol"/>
      <parameter constant="false" id="DeltaPsi" metaid="_304785" units="mV"/>
      <parameter id="DeltaPsim" metaid="_304788" units="mV" value="150"/>
      <parameter id="F" metaid="_304791" name="Faraday constant" units="C_per_mol" value="96485"/>
      <parameter constant="false" id="JANT" metaid="_304794" units="mM_per_s"/>
      <parameter constant="false" id="JATP" metaid="_304797" units="mM_per_s"/>
      <parameter constant="false" id="Jleak" metaid="_304800" units="mM_per_s"/>
      <parameter constant="false" id="Jresp" metaid="_304803" units="mM_per_s"/>
      <parameter id="K" metaid="_304806" units="mM" value="2"/>
      <parameter id="Kapp" metaid="_304809" units="per_mM" value="4.4E-9"/>
      <parameter id="Nt" metaid="_304812" units="mM" value="1.07"/>
      <parameter id="R" metaid="_304815" name="gas constant" units="mJ_per_mol_per_K" value="8314"/>
      <parameter id="T" metaid="_304818" name="absolute temperature" units="kelvin" value="298"/>
      <parameter id="a" metaid="_304821" units="per_mV" value="0.1"/>
      <parameter id="b" metaid="_304824" units="per_mM" value="0.004"/>
      <parameter id="kANT" metaid="_304827" units="per_s" value="0.05387"/>
      <parameter id="kATP" metaid="_304830" units="mM_per_s" value="131.9"/>
      <parameter id="kleak" metaid="_304833" units="mM_per_s_per_mV" value="0.000426"/>
      <parameter id="kresp" metaid="_304836" units="mM_per_s" value="2.5"/>
    </listOfParameters>
    <listOfInitialAssignments>
      <initialAssignment metaid="_095481" symbol="DeltaPsi">
        <math xmlns="http://www.w3.org/1998/Math/MathML">        
          <cn type="integer"> 150 </cn>
        </math>
            </initialAssignment>
    </listOfInitialAssignments>
    <listOfRules>
      <assignmentRule metaid="_304747" variable="JANT">
        <math xmlns="http://www.w3.org/1998/Math/MathML">        
          <apply>
            <times/>
            <ci> kANT </ci>
            <ci> ATP </ci>
          </apply>
        </math>
            </assignmentRule>
      <assignmentRule metaid="_304750" variable="Jleak">
        <math xmlns="http://www.w3.org/1998/Math/MathML">        
          <apply>
            <times/>
            <ci> kleak </ci>
            <ci> DeltaPsi </ci>
          </apply>
        </math>
            </assignmentRule>
      <rateRule metaid="_304753" variable="DeltaPsi">
        <math xmlns="http://www.w3.org/1998/Math/MathML">        
          <apply>
            <divide/>
            <apply>
              <minus/>
              <apply>
                <minus/>
                <apply>
                  <minus/>
                  <apply>
                    <times/>
                    <cn type="integer"> 10 </cn>
                    <ci> Jresp </ci>
                  </apply>
                  <apply>
                    <times/>
                    <cn type="integer"> 3 </cn>
                    <ci> JATP </ci>
                  </apply>
                </apply>
                <ci> Jleak </ci>
              </apply>
              <ci> JANT </ci>
            </apply>
            <ci> C </ci>
          </apply>
        </math>
            </rateRule>
      <assignmentRule metaid="_304756" variable="Jresp">
        <math xmlns="http://www.w3.org/1998/Math/MathML">        
          <apply>
            <divide/>
            <apply>
              <times/>
              <ci> kresp </ci>
              <apply>
                <divide/>
                <apply>
                  <minus/>
                  <ci> Nt </ci>
                  <ci> NAD </ci>
                </apply>
                <apply>
                  <minus/>
                  <apply>
                    <plus/>
                    <ci> K </ci>
                    <ci> Nt </ci>
                  </apply>
                  <ci> NAD </ci>
                </apply>
              </apply>
            </apply>
            <apply>
              <plus/>
              <cn type="integer"> 1 </cn>
              <apply>
                <exp/>
                <apply>
                  <times/>
                  <ci> a </ci>
                  <apply>
                    <minus/>
                    <ci> DeltaPsi </ci>
                    <ci> DeltaPsim </ci>
                  </apply>
                </apply>
              </apply>
            </apply>
          </apply>
        </math>
            </assignmentRule>
      <assignmentRule metaid="_304759" variable="JATP">
        <math xmlns="http://www.w3.org/1998/Math/MathML">        
          <apply>
            <times/>
            <ci> kATP </ci>
            <apply>
              <minus/>
              <apply>
                <divide/>
                <cn type="integer"> 2 </cn>
                <apply>
                  <plus/>
                  <cn type="integer"> 1 </cn>
                  <apply>
                    <exp/>
                    <apply>
                      <times/>
                      <ci> b </ci>
                      <apply>
                        <minus/>
                        <ci> ATP </ci>
                        <ci> ATPcrit </ci>
                      </apply>
                    </apply>
                  </apply>
                </apply>
              </apply>
              <cn type="integer"> 1 </cn>
            </apply>
          </apply>
        </math>
            </assignmentRule>
      <assignmentRule metaid="_304762" variable="ATPcrit">
        <math xmlns="http://www.w3.org/1998/Math/MathML">        
          <apply>
            <divide/>
            <ci> At </ci>
            <apply>
              <plus/>
              <cn type="integer"> 1 </cn>
              <apply>
                <divide/>
                <apply>
                  <exp/>
                  <apply>
                    <divide/>
                    <apply>
                      <times/>
                      <cn type="integer"> -3 </cn>
                      <ci> DeltaGtransport </ci>
                    </apply>
                    <apply>
                      <times/>
                      <ci> R </ci>
                      <ci> T </ci>
                    </apply>
                  </apply>
                </apply>
                <apply>
                  <times/>
                  <ci> Kapp </ci>
                  <ci> iP </ci>
                </apply>
              </apply>
            </apply>
          </apply>
        </math>
            </assignmentRule>
      <assignmentRule metaid="_304765" variable="DeltaGtransport">
        <math xmlns="http://www.w3.org/1998/Math/MathML">        
          <apply>
            <times/>
            <cn> 1.2 </cn>
            <ci> F </ci>
            <ci> DeltaPsi </ci>
          </apply>
        </math>
            </assignmentRule>
      <assignmentRule metaid="_304768" variable="ADP">
        <math xmlns="http://www.w3.org/1998/Math/MathML">        
          <apply>
            <minus/>
            <ci> At </ci>
            <ci> ATP </ci>
          </apply>
        </math>
            </assignmentRule>
      <assignmentRule metaid="_304771" variable="NADH">
        <math xmlns="http://www.w3.org/1998/Math/MathML">        
          <apply>
            <minus/>
            <ci> Nt </ci>
            <ci> NAD </ci>
          </apply>
        </math>
            </assignmentRule>
    </listOfRules>
    <listOfReactions>
      <reaction id="v1" metaid="_304703" name="v1" reversible="false" sboTerm="SBO:0000185">
        <annotation>
        <rdf:RDF xmlns:rdf="http://www.w3.org/1999/02/22-rdf-syntax-ns#" xmlns:bqmodel="http://biomodels.net/model-qualifiers/" xmlns:bqbiol="http://biomodels.net/biology-qualifiers/">
            <rdf:Description rdf:about="#_304703">
	<bqbiol:isVersionOf>
	<rdf:Bag>
	<rdf:li rdf:resource="http://identifiers.org/obo.go/GO:0006848"/>
	</rdf:Bag>
	</bqbiol:isVersionOf>
	</rdf:Description>
	
        </rdf:RDF>
      </annotation>
              <listOfProducts>
          <speciesReference metaid="_095493" species="Pyr"/>
        </listOfProducts>
        <kineticLaw metaid="_095505">
          <math xmlns="http://www.w3.org/1998/Math/MathML">          
            <apply>
              <times/>
              <ci> mitochondrion </ci>
              <ci> k1 </ci>
            </apply>
          </math>
                  <listOfParameters>
            <parameter id="k1" metaid="_304731" units="mM_per_s" value="0.038"/>
          </listOfParameters>
        </kineticLaw>
      </reaction>
      <reaction id="v2" metaid="_304704" name="v2" reversible="false" sboTerm="SBO:0000399">
        <annotation>
        <rdf:RDF xmlns:rdf="http://www.w3.org/1999/02/22-rdf-syntax-ns#" xmlns:bqmodel="http://biomodels.net/model-qualifiers/" xmlns:bqbiol="http://biomodels.net/biology-qualifiers/">
            <rdf:Description rdf:about="#_304704">
	<bqbiol:isVersionOf>
	<rdf:Bag>
	<rdf:li rdf:resource="http://identifiers.org/kegg.reaction/R00209"/>
	</rdf:Bag>
	</bqbiol:isVersionOf>
	</rdf:Description>
	
        </rdf:RDF>
      </annotation>
              <listOfReactants>
          <speciesReference metaid="_095517" species="Pyr"/>
          <speciesReference metaid="_095529" species="NAD"/>
        </listOfReactants>
        <listOfProducts>
          <speciesReference metaid="_095541" species="AcCoA"/>
          <speciesReference metaid="_095553" species="NADH"/>
        </listOfProducts>
        <kineticLaw metaid="_095565">
          <math xmlns="http://www.w3.org/1998/Math/MathML">          
            <apply>
              <times/>
              <ci> mitochondrion </ci>
              <ci> k2 </ci>
              <ci> Pyr </ci>
              <ci> NAD </ci>
            </apply>
          </math>
                  <listOfParameters>
            <parameter id="k2" metaid="_304733" units="per_mM_per_s" value="0.152"/>
          </listOfParameters>
        </kineticLaw>
      </reaction>
      <reaction id="v3" metaid="_304705" name="v3" reversible="false" sboTerm="SBO:0000210">
        <annotation>
        <rdf:RDF xmlns:rdf="http://www.w3.org/1999/02/22-rdf-syntax-ns#" xmlns:bqmodel="http://biomodels.net/model-qualifiers/" xmlns:bqbiol="http://biomodels.net/biology-qualifiers/">
            <rdf:Description rdf:about="#_304705">
	<bqbiol:isVersionOf>
	<rdf:Bag>
	<rdf:li rdf:resource="http://identifiers.org/kegg.reaction/R00351"/>
	</rdf:Bag>
	</bqbiol:isVersionOf>
	</rdf:Description>
	
        </rdf:RDF>
      </annotation>
              <listOfReactants>
          <speciesReference metaid="_095577" species="OAA"/>
          <speciesReference metaid="_095589" species="AcCoA"/>
        </listOfReactants>
        <listOfProducts>
          <speciesReference metaid="_095601" species="Cit"/>
        </listOfProducts>
        <kineticLaw metaid="_095613">
          <math xmlns="http://www.w3.org/1998/Math/MathML">          
            <apply>
              <times/>
              <ci> mitochondrion </ci>
              <ci> k3 </ci>
              <ci> OAA </ci>
              <ci> AcCoA </ci>
            </apply>
          </math>
                  <listOfParameters>
            <parameter id="k3" metaid="_304734" units="per_mM_per_s" value="57.142"/>
          </listOfParameters>
        </kineticLaw>
      </reaction>
      <reaction id="v4" metaid="_304706" name="v4" reversible="false" sboTerm="SBO:0000399">
        <annotation>
        <rdf:RDF xmlns:rdf="http://www.w3.org/1999/02/22-rdf-syntax-ns#" xmlns:bqmodel="http://biomodels.net/model-qualifiers/" xmlns:bqbiol="http://biomodels.net/biology-qualifiers/">
            <rdf:Description rdf:about="#_304706">
	<bqbiol:isVersionOf>
	<rdf:Bag>
	<rdf:li rdf:resource="http://identifiers.org/kegg.reaction/R00709"/>
	</rdf:Bag>
	</bqbiol:isVersionOf>
	</rdf:Description>
	
        </rdf:RDF>
      </annotation>
              <listOfReactants>
          <speciesReference metaid="_095625" species="Cit"/>
          <speciesReference metaid="_095637" species="NAD"/>
        </listOfReactants>
        <listOfProducts>
          <speciesReference metaid="_095648" species="KG"/>
          <speciesReference metaid="_095660" species="NADH"/>
        </listOfProducts>
        <kineticLaw metaid="_095672">
          <math xmlns="http://www.w3.org/1998/Math/MathML">          
            <apply>
              <times/>
              <ci> mitochondrion </ci>
              <ci> k4 </ci>
              <ci> Cit </ci>
              <ci> NAD </ci>
            </apply>
          </math>
                  <listOfParameters>
            <parameter id="k4" metaid="_304735" units="per_mM_per_s" value="0.053"/>
          </listOfParameters>
        </kineticLaw>
      </reaction>
      <reaction id="v5" metaid="_304709" name="v5" reversible="false" sboTerm="SBO:0000399">
        <annotation>
        <rdf:RDF xmlns:rdf="http://www.w3.org/1999/02/22-rdf-syntax-ns#" xmlns:bqmodel="http://biomodels.net/model-qualifiers/" xmlns:bqbiol="http://biomodels.net/biology-qualifiers/">
            <rdf:Description rdf:about="#_304709">
	<bqbiol:isVersionOf>
	<rdf:Bag>
	<rdf:li rdf:resource="http://identifiers.org/kegg.reaction/R00355"/>
	</rdf:Bag>
	</bqbiol:isVersionOf>
	</rdf:Description>
	
        </rdf:RDF>
      </annotation>
              <listOfReactants>
          <speciesReference metaid="_095684" species="KG"/>
          <speciesReference metaid="_095696" species="ADP"/>
          <speciesReference metaid="_095708" species="NAD" stoichiometry="2"/>
        </listOfReactants>
        <listOfProducts>
          <speciesReference metaid="_095720" species="OAA"/>
          <speciesReference metaid="_095732" species="ATP"/>
          <speciesReference metaid="_095744" species="NADH" stoichiometry="2"/>
        </listOfProducts>
        <kineticLaw metaid="_095756">
          <math xmlns="http://www.w3.org/1998/Math/MathML">          
            <apply>
              <times/>
              <ci> mitochondrion </ci>
              <ci> k5 </ci>
              <ci> KG </ci>
              <ci> NAD </ci>
              <apply>
                <minus/>
                <ci> At </ci>
                <ci> ATP </ci>
              </apply>
            </apply>
          </math>
                  <listOfParameters>
            <parameter id="k5" metaid="_304737" units="per_mM_squared_per_s" value="0.082361"/>
          </listOfParameters>
        </kineticLaw>
      </reaction>
      <reaction id="v6" metaid="_304712" name="v6" sboTerm="SBO:0000403">
        <annotation>
        <rdf:RDF xmlns:rdf="http://www.w3.org/1999/02/22-rdf-syntax-ns#" xmlns:bqmodel="http://biomodels.net/model-qualifiers/" xmlns:bqbiol="http://biomodels.net/biology-qualifiers/">
            <rdf:Description rdf:about="#_304712">
	<bqbiol:isVersionOf>
	<rdf:Bag>
	<rdf:li rdf:resource="http://identifiers.org/kegg.reaction/R00355"/>
	</rdf:Bag>
	</bqbiol:isVersionOf>
	</rdf:Description>
	
        </rdf:RDF>
      </annotation>
              <listOfReactants>
          <speciesReference metaid="_095768" species="OAA"/>
        </listOfReactants>
        <listOfProducts>
          <speciesReference metaid="_095780" species="KG"/>
        </listOfProducts>
        <kineticLaw metaid="_095792">
          <math xmlns="http://www.w3.org/1998/Math/MathML">          
            <apply>
              <times/>
              <ci> mitochondrion </ci>
              <ci> k6 </ci>
              <apply>
                <minus/>
                <ci> OAA </ci>
                <apply>
                  <divide/>
                  <ci> KG </ci>
                  <ci> Keq </ci>
                </apply>
              </apply>
            </apply>
          </math>
                  <listOfParameters>
            <parameter id="k6" metaid="_304738" units="per_s" value="0.0032"/>
            <parameter id="Keq" metaid="_304739" sboTerm="SBO:0000281" units="dimensionless" value="0.3975"/>
          </listOfParameters>
        </kineticLaw>
      </reaction>
      <reaction id="v7" metaid="_304715" name="v7" reversible="false" sboTerm="SBO:0000210">
        <annotation>
        <rdf:RDF xmlns:rdf="http://www.w3.org/1999/02/22-rdf-syntax-ns#" xmlns:bqmodel="http://biomodels.net/model-qualifiers/" xmlns:bqbiol="http://biomodels.net/biology-qualifiers/">
            <rdf:Description rdf:about="#_304715">
	<bqbiol:isVersionOf>
	<rdf:Bag>
	<rdf:li rdf:resource="http://identifiers.org/kegg.reaction/R00344"/>
	</rdf:Bag>
	</bqbiol:isVersionOf>
	</rdf:Description>
	
        </rdf:RDF>
      </annotation>
              <listOfReactants>
          <speciesReference metaid="_095804" species="Pyr"/>
          <speciesReference metaid="_095816" species="ATP"/>
        </listOfReactants>
        <listOfProducts>
          <speciesReference metaid="_095828" species="OAA"/>
          <speciesReference metaid="_095840" species="ADP"/>
        </listOfProducts>
        <kineticLaw metaid="_095852">
          <math xmlns="http://www.w3.org/1998/Math/MathML">          
            <apply>
              <times/>
              <ci> mitochondrion </ci>
              <ci> k7 </ci>
              <ci> Pyr </ci>
              <ci> ATP </ci>
            </apply>
          </math>
                  <listOfParameters>
            <parameter id="k7" metaid="_304740" units="per_mM_per_s" value="0.04"/>
          </listOfParameters>
        </kineticLaw>
      </reaction>
      <reaction id="v8" metaid="_304718" name="v8" reversible="false" sboTerm="SBO:0000185">
        <annotation>
        <rdf:RDF xmlns:rdf="http://www.w3.org/1999/02/22-rdf-syntax-ns#" xmlns:bqmodel="http://biomodels.net/model-qualifiers/" xmlns:bqbiol="http://biomodels.net/biology-qualifiers/">
            <rdf:Description rdf:about="#_304718">
	<bqbiol:isVersionOf>
	<rdf:Bag>
	<rdf:li rdf:resource="http://identifiers.org/obo.go/GO:0015729"/>
	</rdf:Bag>
	</bqbiol:isVersionOf>
	</rdf:Description>
	
        </rdf:RDF>
      </annotation>
              <listOfReactants>
          <speciesReference metaid="_095864" species="OAA"/>
        </listOfReactants>
        <kineticLaw metaid="_095876">
          <math xmlns="http://www.w3.org/1998/Math/MathML">          
            <apply>
              <times/>
              <ci> mitochondrion </ci>
              <ci> k8 </ci>
              <ci> OAA </ci>
            </apply>
          </math>
                  <listOfParameters>
            <parameter id="k8" metaid="_304742" units="per_s" value="3.6"/>
          </listOfParameters>
        </kineticLaw>
      </reaction>
      <reaction id="vresp" metaid="_304721" name="vresp" reversible="false" sboTerm="SBO:0000201">
        <annotation>
        <rdf:RDF xmlns:rdf="http://www.w3.org/1999/02/22-rdf-syntax-ns#" xmlns:bqmodel="http://biomodels.net/model-qualifiers/" xmlns:bqbiol="http://biomodels.net/biology-qualifiers/">
            <rdf:Description rdf:about="#_304721">
	<bqbiol:isVersionOf>
	<rdf:Bag>
	<rdf:li rdf:resource="http://identifiers.org/kegg.reaction/R07171"/>
	</rdf:Bag>
	</bqbiol:isVersionOf>
	</rdf:Description>
	
        </rdf:RDF>
      </annotation>
              <listOfReactants>
          <speciesReference metaid="_095888" species="NADH"/>
          <speciesReference metaid="_095901" species="O2" stoichiometry="0.5"/>
          <speciesReference metaid="_095913" species="H" stoichiometry="11"/>
        </listOfReactants>
        <listOfProducts>
          <speciesReference metaid="_095925" species="NAD"/>
          <speciesReference metaid="_095937" species="H2O"/>
          <speciesReference metaid="_095949" species="He" stoichiometry="10"/>
        </listOfProducts>
        <kineticLaw metaid="_095961">
          <math xmlns="http://www.w3.org/1998/Math/MathML">          
            <apply>
              <times/>
              <ci> mitochondrion </ci>
              <ci> Jresp </ci>
            </apply>
          </math>
                </kineticLaw>
      </reaction>
      <reaction id="vATP" metaid="_304724" name="vATP" sboTerm="SBO:0000216">
        <annotation>
        <rdf:RDF xmlns:rdf="http://www.w3.org/1999/02/22-rdf-syntax-ns#" xmlns:bqmodel="http://biomodels.net/model-qualifiers/" xmlns:bqbiol="http://biomodels.net/biology-qualifiers/">
            <rdf:Description rdf:about="#_304724">
	<bqbiol:isVersionOf>
	<rdf:Bag>
	<rdf:li rdf:resource="http://identifiers.org/kegg.reaction/R05227"/>
	</rdf:Bag>
	</bqbiol:isVersionOf>
	</rdf:Description>
	
        </rdf:RDF>
      </annotation>
              <listOfReactants>
          <speciesReference metaid="_095973" species="ADP"/>
          <speciesReference metaid="_095985" species="iP"/>
          <speciesReference metaid="_095997" species="He" stoichiometry="3"/>
        </listOfReactants>
        <listOfProducts>
          <speciesReference metaid="_096009" species="ATP"/>
          <speciesReference metaid="_096021" species="H2O"/>
          <speciesReference metaid="_096033" species="H" stoichiometry="3"/>
        </listOfProducts>
        <kineticLaw metaid="_096045">
          <math xmlns="http://www.w3.org/1998/Math/MathML">          
            <apply>
              <times/>
              <ci> mitochondrion </ci>
              <ci> JATP </ci>
            </apply>
          </math>
                </kineticLaw>
      </reaction>
      <reaction id="vANT" metaid="_304727" name="vANT" reversible="false" sboTerm="SBO:0000330">
        <annotation>
        <rdf:RDF xmlns:rdf="http://www.w3.org/1999/02/22-rdf-syntax-ns#" xmlns:bqmodel="http://biomodels.net/model-qualifiers/" xmlns:bqbiol="http://biomodels.net/biology-qualifiers/">
            <rdf:Description rdf:about="#_304727">
	<bqbiol:isVersionOf>
	<rdf:Bag>
	<rdf:li rdf:resource="http://identifiers.org/kegg.reaction/R00086"/>
	</rdf:Bag>
	</bqbiol:isVersionOf>
	</rdf:Description>
	
        </rdf:RDF>
      </annotation>
              <listOfReactants>
          <speciesReference metaid="_096058" species="ATP"/>
        </listOfReactants>
        <listOfProducts>
          <speciesReference metaid="_096071" species="ADP"/>
        </listOfProducts>
        <kineticLaw metaid="_096083">
          <math xmlns="http://www.w3.org/1998/Math/MathML">          
            <apply>
              <times/>
              <ci> mitochondrion </ci>
              <ci> JANT </ci>
            </apply>
          </math>
                </kineticLaw>
      </reaction>
      <reaction id="vleak" metaid="_304730" name="vleak" reversible="false" sboTerm="SBO:0000185">
        <listOfReactants>
          <speciesReference metaid="_096095" species="He"/>
        </listOfReactants>
        <listOfProducts>
          <speciesReference metaid="_096107" species="H"/>
        </listOfProducts>
        <kineticLaw metaid="_096119">
          <math xmlns="http://www.w3.org/1998/Math/MathML">          
            <apply>
              <times/>
              <ci> mitochondrion </ci>
              <ci> Jleak </ci>
            </apply>
          </math>
                </kineticLaw>
      </reaction>
    </listOfReactions>
  </model>
</sbml>