<?xml version='1.0' encoding='UTF-8' standalone='no'?>
<sbml xmlns="http://www.sbml.org/sbml/level2/version4" level="2" metaid="metaid_0000001" version="4">
  <model id="Valero2006_Adenine_TernaryCycle" metaid="metaid_0000002" name="Valero2006_Adenine_TernaryCycle">
    <notes>
      <body xmlns="http://www.w3.org/1999/xhtml">
        <p>This a model from the article:      <br/>
                <strong>A kinetic study of a ternary cycle between adenine nucleotides.</strong>
                <br/>
          Valero E, Varón R, García-Carmona F      <em>FEBS J.</em>
          [2006 Aug;273(15):3598-613      <a href="http://www.ncbi.nlm.nih.gov/pubmed/16884499">16884499</a>
          ,      <br/>
                <strong>Abstract:</strong>
                <br/>
          In the present paper, a kinetic study is made of the behavior of a moiety-conserved ternary cycle between the adenine nucleotides. The system contains the enzymes S-acetyl coenzyme A synthetase, adenylate kinase and pyruvate kinase, and converts ATP into AMP, then into ADP and finally back to ATP. L-Lactate dehydrogenase is added to the system to enable continuous monitoring of the progress of the reaction. The cycle cannot work when the only recycling substrate in the reaction medium is AMP. A mathematical model is proposed whose kinetic behavior has been analyzed both numerically by integration of the nonlinear differential equations describing the kinetics of the reactions involved, and analytically under steady-state conditions, with good agreement with the experimental results being obtained. The data obtained showed that there is a threshold value of the S-acetyl coenzyme A synthetase/adenylate kinase ratio, above which the cycle stops because all the recycling substrate has been accumulated as AMP, never reaching the steady state. In addition, the concept of adenylate energy charge has been applied to the system, obtaining the enabled values of the rate constants for a fixed adenylate energy charge value and vice versa.      </p>
            </body>
      
    </notes>
    <annotation>
      <rdf:RDF xmlns:rdf="http://www.w3.org/1999/02/22-rdf-syntax-ns#" xmlns:bqmodel="http://biomodels.net/model-qualifiers/" xmlns:vCard="http://www.w3.org/2001/vcard-rdf/3.0#" xmlns:dc="http://purl.org/dc/elements/1.1/" xmlns:dcterms="http://purl.org/dc/terms/" xmlns:bqbiol="http://biomodels.net/biology-qualifiers/">
        <rdf:Description rdf:about="#metaid_0000002">
	<dc:creator>
	<rdf:Bag>
	<rdf:li rdf:parseType="Resource">
	<vCard:N rdf:parseType="Resource">
	<vCard:Family>Chelliah</vCard:Family>
	<vCard:Given>Vijayalakshmi</vCard:Given>
	</vCard:N>
	<vCard:EMAIL>viji@ebi.ac.uk</vCard:EMAIL>
	<vCard:ORG rdf:parseType="Resource">
	<vCard:Orgname>EMBL-EBI</vCard:Orgname>
	</vCard:ORG>
	</rdf:li>
	<rdf:li rdf:parseType="Resource">
	<vCard:N rdf:parseType="Resource">
	<vCard:Family>Valero</vCard:Family>
	<vCard:Given>Edelmira</vCard:Given>
	</vCard:N>
	<vCard:EMAIL>Edelmira.Valero@uclm.es</vCard:EMAIL>
	<vCard:ORG rdf:parseType="Resource">
	<vCard:Orgname>University of Castilla-La Mancha, 02071 Albaceta, Spain.</vCard:Orgname>
	</vCard:ORG>
	</rdf:li>
	</rdf:Bag>
	</dc:creator>
	<dcterms:created rdf:parseType="Resource">
	<dcterms:W3CDTF>2009-08-19T16:30:30Z</dcterms:W3CDTF>
	</dcterms:created>
	<dcterms:modified rdf:parseType="Resource">
	<dcterms:W3CDTF>2012-03-09T11:40:35Z</dcterms:W3CDTF>
	</dcterms:modified>
	<bqmodel:is>
	<rdf:Bag>
	<rdf:li rdf:resource="http://identifiers.org/biomodels.db/MODEL5952687775"/>
	</rdf:Bag>
	</bqmodel:is>
	<bqmodel:is>
	<rdf:Bag>
	<rdf:li rdf:resource="http://identifiers.org/biomodels.db/BIOMD0000000231"/>
	</rdf:Bag>
	</bqmodel:is>
	<bqmodel:isDescribedBy>
	<rdf:Bag>
	<rdf:li rdf:resource="http://identifiers.org/pubmed/16884499"/>
	</rdf:Bag>
	</bqmodel:isDescribedBy>
	<bqbiol:hasTaxon>
	<rdf:Bag>
	<rdf:li rdf:resource="http://identifiers.org/taxonomy/9913"/>
	</rdf:Bag>
	</bqbiol:hasTaxon>
	<bqbiol:isVersionOf>
	<rdf:Bag>
	<rdf:li rdf:resource="http://identifiers.org/reactome/REACT_2124"/>
	</rdf:Bag>
	</bqbiol:isVersionOf>
	<bqbiol:isVersionOf>
	<rdf:Bag>
	<rdf:li rdf:resource="http://identifiers.org/obo.go/GO:0046085"/>
	</rdf:Bag>
	</bqbiol:isVersionOf>
	</rdf:Description>
	
      </rdf:RDF>
    </annotation>
      <listOfCompartments>
      <compartment id="compartment" metaid="metaid_0000012" name="compartment" size="1"/>
    </listOfCompartments>
    <listOfSpecies>
      <species compartment="compartment" id="ATP" initialConcentration="16.3" metaid="metaid_0000013" name="ATP" sboTerm="SBO:0000247">
        <annotation>
          <rdf:RDF xmlns:rdf="http://www.w3.org/1999/02/22-rdf-syntax-ns#" xmlns:bqmodel="http://biomodels.net/model-qualifiers/" xmlns:bqbiol="http://biomodels.net/biology-qualifiers/">
            <rdf:Description rdf:about="#metaid_0000013">
	<bqbiol:isVersionOf>
	<rdf:Bag>
	<rdf:li rdf:resource="http://identifiers.org/obo.chebi/CHEBI:15422"/>
	<rdf:li rdf:resource="http://identifiers.org/kegg.compound/C00002"/>
	</rdf:Bag>
	</bqbiol:isVersionOf>
	</rdf:Description>
	
          </rdf:RDF>
        </annotation>
            </species>
      <species compartment="compartment" id="AMP" initialConcentration="0" metaid="metaid_0000014" name="AMP" sboTerm="SBO:0000247">
        <annotation>
          <rdf:RDF xmlns:rdf="http://www.w3.org/1999/02/22-rdf-syntax-ns#" xmlns:bqmodel="http://biomodels.net/model-qualifiers/" xmlns:bqbiol="http://biomodels.net/biology-qualifiers/">
            <rdf:Description rdf:about="#metaid_0000014">
	<bqbiol:isVersionOf>
	<rdf:Bag>
	<rdf:li rdf:resource="http://identifiers.org/obo.chebi/CHEBI:16027"/>
	<rdf:li rdf:resource="http://identifiers.org/kegg.compound/C00020"/>
	</rdf:Bag>
	</bqbiol:isVersionOf>
	</rdf:Description>
	
          </rdf:RDF>
        </annotation>
            </species>
      <species compartment="compartment" id="ADP" initialConcentration="0" metaid="metaid_0000015" name="ADP" sboTerm="SBO:0000247">
        <annotation>
          <rdf:RDF xmlns:rdf="http://www.w3.org/1999/02/22-rdf-syntax-ns#" xmlns:bqmodel="http://biomodels.net/model-qualifiers/" xmlns:bqbiol="http://biomodels.net/biology-qualifiers/">
            <rdf:Description rdf:about="#metaid_0000015">
	<bqbiol:isVersionOf>
	<rdf:Bag>
	<rdf:li rdf:resource="http://identifiers.org/obo.chebi/CHEBI:16761"/>
	<rdf:li rdf:resource="http://identifiers.org/kegg.compound/C00008"/>
	</rdf:Bag>
	</bqbiol:isVersionOf>
	</rdf:Description>
	
          </rdf:RDF>
        </annotation>
            </species>
      <species compartment="compartment" id="Pyr" initialConcentration="0" metaid="metaid_0000016" name="Pyr" sboTerm="SBO:0000014">
        <annotation>
          <rdf:RDF xmlns:rdf="http://www.w3.org/1999/02/22-rdf-syntax-ns#" xmlns:bqmodel="http://biomodels.net/model-qualifiers/" xmlns:bqbiol="http://biomodels.net/biology-qualifiers/">
            <rdf:Description rdf:about="#metaid_0000016">
              <bqbiol:isVersionOf>
	<rdf:Bag>
	<rdf:li rdf:resource="http://identifiers.org/interpro/IPR001697"/>
	</rdf:Bag>
	</bqbiol:isVersionOf>
	
	<bqbiol:isHomologTo>
	<rdf:Bag>
	<rdf:li rdf:resource="http://identifiers.org/uniprot/O62619"/>
	</rdf:Bag>
	</bqbiol:isHomologTo>
	</rdf:Description>
	
          </rdf:RDF>
        </annotation>
            </species>
      <species compartment="compartment" id="NADH" initialConcentration="256" metaid="metaid_0000017" name="NADH" sboTerm="SBO:0000247">
        <annotation>
          <rdf:RDF xmlns:rdf="http://www.w3.org/1999/02/22-rdf-syntax-ns#" xmlns:bqmodel="http://biomodels.net/model-qualifiers/" xmlns:bqbiol="http://biomodels.net/biology-qualifiers/">
            <rdf:Description rdf:about="#metaid_0000017">
	<bqbiol:isVersionOf>
	<rdf:Bag>
	<rdf:li rdf:resource="http://identifiers.org/obo.chebi/CHEBI:16908"/>
	<rdf:li rdf:resource="http://identifiers.org/kegg.compound/C00004"/>
	</rdf:Bag>
	</bqbiol:isVersionOf>
	</rdf:Description>
	
          </rdf:RDF>
        </annotation>
            </species>
      <species boundaryCondition="true" compartment="compartment" constant="true" id="Lac" initialConcentration="0" metaid="metaid_0000018" name="Lac" sboTerm="SBO:0000014">
        <annotation>
          <rdf:RDF xmlns:rdf="http://www.w3.org/1999/02/22-rdf-syntax-ns#" xmlns:bqmodel="http://biomodels.net/model-qualifiers/" xmlns:bqbiol="http://biomodels.net/biology-qualifiers/">
            <rdf:Description rdf:about="#metaid_0000018">
	<bqbiol:isVersionOf>
	<rdf:Bag>
	<rdf:li rdf:resource="http://identifiers.org/uniprot/Q2KJG0"/>
	<rdf:li rdf:resource="http://identifiers.org/interpro/IPR011304"/>
	</rdf:Bag>
	</bqbiol:isVersionOf>
	</rdf:Description>
	
          </rdf:RDF>
        </annotation>
            </species>
    </listOfSpecies>
    <listOfParameters>
      <parameter id="Vmapp1" metaid="metaid_0000003" name="Vmapp1" value="2.3"/>
      <parameter id="Kmapp1" metaid="metaid_0000004" name="Kmapp1" value="700"/>
      <parameter id="Vm2" metaid="metaid_0000005" name="Vm2" value="170"/>
      <parameter id="Km2ATP" metaid="metaid_0000006" name="Km2ATP" value="25"/>
      <parameter id="Km2AMP" metaid="metaid_0000007" name="Km2AMP" value="110"/>
      <parameter id="K" metaid="metaid_0000008" name="K" value="71000"/>
      <parameter id="Vmapp3" metaid="metaid_0000009" name="Vmapp3" value="65"/>
      <parameter id="Kmapp3" metaid="metaid_0000010" name="Kmapp3" value="260"/>
      <parameter id="k4" metaid="metaid_0000011" name="k4" value="5"/>
    </listOfParameters>
    <listOfReactions>
      <reaction id="v1" metaid="metaid_0000019" name="v1">
        <annotation>
          <rdf:RDF xmlns:rdf="http://www.w3.org/1999/02/22-rdf-syntax-ns#" xmlns:bqmodel="http://biomodels.net/model-qualifiers/" xmlns:bqbiol="http://biomodels.net/biology-qualifiers/">
            <rdf:Description rdf:about="#metaid_0000019">
	<bqbiol:isVersionOf>
	<rdf:Bag>
	<rdf:li rdf:resource="http://identifiers.org/kegg.reaction/R00086"/>
	</rdf:Bag>
	</bqbiol:isVersionOf>
	</rdf:Description>
	
          </rdf:RDF>
        </annotation>
              <listOfReactants>
          <speciesReference metaid="_086172" species="ATP"/>
        </listOfReactants>
        <listOfProducts>
          <speciesReference metaid="_086184" species="AMP"/>
        </listOfProducts>
        <kineticLaw metaid="_086196">
          <math xmlns="http://www.w3.org/1998/Math/MathML">          
            <apply>
              <divide/>
              <apply>
                <times/>
                <ci> Vmapp1 </ci>
                <ci> ATP </ci>
              </apply>
              <apply>
                <plus/>
                <ci> Kmapp1 </ci>
                <ci> ATP </ci>
              </apply>
            </apply>
          </math>
                </kineticLaw>
      </reaction>
      <reaction id="v2" metaid="metaid_0000020" name="v2">
        <annotation>
          <rdf:RDF xmlns:rdf="http://www.w3.org/1999/02/22-rdf-syntax-ns#" xmlns:bqmodel="http://biomodels.net/model-qualifiers/" xmlns:bqbiol="http://biomodels.net/biology-qualifiers/">
            <rdf:Description rdf:about="#metaid_0000020">
	<bqbiol:isVersionOf>
	<rdf:Bag>
	<rdf:li rdf:resource="http://identifiers.org/kegg.reaction/R00127"/>
	</rdf:Bag>
	</bqbiol:isVersionOf>
	</rdf:Description>
	
          </rdf:RDF>
        </annotation>
              <listOfReactants>
          <speciesReference metaid="_086208" species="ATP"/>
          <speciesReference metaid="_086220" species="AMP"/>
        </listOfReactants>
        <listOfProducts>
          <speciesReference metaid="_086232" species="ADP" stoichiometry="2"/>
        </listOfProducts>
        <kineticLaw metaid="_086244">
          <math xmlns="http://www.w3.org/1998/Math/MathML">          
            <apply>
              <divide/>
              <apply>
                <times/>
                <ci> Vm2 </ci>
                <ci> ATP </ci>
                <ci> AMP </ci>
              </apply>
              <apply>
                <plus/>
                <ci> K </ci>
                <apply>
                  <times/>
                  <ci> Km2ATP </ci>
                  <ci> AMP </ci>
                </apply>
                <apply>
                  <times/>
                  <ci> Km2AMP </ci>
                  <ci> ATP </ci>
                </apply>
                <apply>
                  <times/>
                  <ci> ATP </ci>
                  <ci> AMP </ci>
                </apply>
              </apply>
            </apply>
          </math>
                </kineticLaw>
      </reaction>
      <reaction id="v3" metaid="metaid_0000021" name="v3">
        <annotation>
          <rdf:RDF xmlns:rdf="http://www.w3.org/1999/02/22-rdf-syntax-ns#" xmlns:bqmodel="http://biomodels.net/model-qualifiers/" xmlns:bqbiol="http://biomodels.net/biology-qualifiers/">
            <rdf:Description rdf:about="#metaid_0000021">
	<bqbiol:isVersionOf>
	<rdf:Bag>
	<rdf:li rdf:resource="http://identifiers.org/kegg.reaction/R00200"/>
	</rdf:Bag>
	</bqbiol:isVersionOf>
	</rdf:Description>
	
          </rdf:RDF>
        </annotation>
              <listOfReactants>
          <speciesReference metaid="_086256" species="ADP"/>
        </listOfReactants>
        <listOfProducts>
          <speciesReference metaid="_086268" species="ATP"/>
          <speciesReference metaid="_086280" species="Pyr"/>
        </listOfProducts>
        <kineticLaw metaid="_086292">
          <math xmlns="http://www.w3.org/1998/Math/MathML">          
            <apply>
              <divide/>
              <apply>
                <times/>
                <ci> Vmapp3 </ci>
                <ci> ADP </ci>
              </apply>
              <apply>
                <plus/>
                <ci> Kmapp3 </ci>
                <ci> ADP </ci>
              </apply>
            </apply>
          </math>
                </kineticLaw>
      </reaction>
      <reaction id="v4" metaid="metaid_0000022" name="v4">
        <annotation>
          <rdf:RDF xmlns:rdf="http://www.w3.org/1999/02/22-rdf-syntax-ns#" xmlns:bqmodel="http://biomodels.net/model-qualifiers/" xmlns:bqbiol="http://biomodels.net/biology-qualifiers/">
            <rdf:Description rdf:about="#metaid_0000022">
	<bqbiol:isVersionOf>
	<rdf:Bag>
	<rdf:li rdf:resource="http://identifiers.org/kegg.reaction/R00703"/>
	</rdf:Bag>
	</bqbiol:isVersionOf>
	</rdf:Description>
	
          </rdf:RDF>
        </annotation>
              <listOfReactants>
          <speciesReference metaid="_086305" species="Pyr"/>
          <speciesReference metaid="_086318" species="NADH"/>
        </listOfReactants>
        <listOfProducts>
          <speciesReference metaid="_086330" species="Lac"/>
        </listOfProducts>
        <kineticLaw metaid="_086342">
          <math xmlns="http://www.w3.org/1998/Math/MathML">          
            <apply>
              <times/>
              <ci> k4 </ci>
              <ci> Pyr </ci>
            </apply>
          </math>
                </kineticLaw>
      </reaction>
    </listOfReactions>
  </model>
</sbml>